<?xml version="1.0" encoding="UTF-8"?>
<!-- Generated by DART -->
<link:linkbase xmlns:link="http://www.xbrl.org/2003/linkbase" xmlns:xlink="http://www.w3.org/1999/xlink" xmlns:xsi="http://www.w3.org/2001/XMLSchema-instance" xmlns:xbrli="http://www.xbrl.org/2003/instance" xsi:schemaLocation="http://www.xbrl.org/2003/linkbase http://www.xbrl.org/2003/xbrl-linkbase-2003-12-31.xsd">
  <link:roleRef roleURI="http://www.xbrl.org/2009/role/negatedLabel" xlink:type="simple" xlink:href="http://www.xbrl.org/lrr/role/negated-2009-12-16.xsd#negatedLabel" />
  <link:roleRef roleURI="http://www.xbrl.org/2009/role/negatedTerseLabel" xlink:type="simple" xlink:href="http://www.xbrl.org/lrr/role/negated-2009-12-16.xsd#negatedTerseLabel" />
  <link:roleRef roleURI="http://www.xbrl.org/2009/role/negatedTotalLabel" xlink:type="simple" xlink:href="http://www.xbrl.org/lrr/role/negated-2009-12-16.xsd#negatedTotalLabel" />
  <link:roleRef roleURI="http://www.xbrl.org/2009/role/negatedPeriodStartLabel" xlink:type="simple" xlink:href="http://www.xbrl.org/lrr/role/negated-2009-12-16.xsd#negatedPeriodStartLabel" />
  <link:roleRef roleURI="http://www.xbrl.org/2009/role/negatedPeriodEndLabel" xlink:type="simple" xlink:href="http://www.xbrl.org/lrr/role/negated-2009-12-16.xsd#negatedPeriodEndLabel" />
  <link:roleRef roleURI="http://www.xbrl.org/2009/role/netLabel" xlink:type="simple" xlink:href="http://www.xbrl.org/lrr/role/net-2009-12-16.xsd#netLabel" />
  <link:roleRef roleURI="http://dart.fss.or.kr/role/2019-10-01/ifrs/dart_label" xlink:type="simple" xlink:href="http://dart.fss.or.kr/Resource/Taxonomy/ifrs/2019-10-01/ifrs_for_dart/rol_dart-label_2019-10-01.xsd#dartLabel" />
  <link:labelLink xlink:type="extended" xlink:role="http://www.xbrl.org/2003/role/link">
    <link:loc xlink:href="http://dart.fss.or.kr/Resource/Taxonomy/ifrs/2019-10-01/full_ifrs-cor_2019-03-27.xsd#ifrs-full_FinanceCosts" xlink:label="Loc_ifrs-full_FinanceCosts" xlink:type="locator" />
    <link:label xlink:type="resource" xlink:role="http://www.xbrl.org/2003/role/label" xlink:label="Label_label_ifrs-full_FinanceCosts_ko" xml:lang="ko" id="Label_label_ifrs-full_FinanceCosts_ko">금융비용</link:label>
    <link:labelArc xlink:arcrole="http://www.xbrl.org/2003/arcrole/concept-label" xlink:from="Loc_ifrs-full_FinanceCosts" xlink:to="Label_label_ifrs-full_FinanceCosts_ko" xlink:type="arc" priority="1" />
    <link:loc xlink:href="http://dart.fss.or.kr/Resource/Taxonomy/ifrs/2019-10-01/dart_2019-10-01.xsd#dart_OtherGains" xlink:label="Loc_dart_OtherGains" xlink:type="locator" />
    <link:label xlink:type="resource" xlink:role="http://www.xbrl.org/2003/role/label" xlink:label="Label_label_dart_OtherGains_ko" xml:lang="ko" id="Label_label_dart_OtherGains_ko">기타수익</link:label>
    <link:labelArc xlink:arcrole="http://www.xbrl.org/2003/arcrole/concept-label" xlink:from="Loc_dart_OtherGains" xlink:to="Label_label_dart_OtherGains_ko" xlink:type="arc" priority="1" />
    <link:loc xlink:href="http://dart.fss.or.kr/Resource/Taxonomy/ifrs/2019-10-01/dart_2019-10-01.xsd#dart_OtherLosses" xlink:label="Loc_dart_OtherLosses" xlink:type="locator" />
    <link:label xlink:type="resource" xlink:role="http://www.xbrl.org/2003/role/label" xlink:label="Label_label_dart_OtherLosses_ko" xml:lang="ko" id="Label_label_dart_OtherLosses_ko">기타비용</link:label>
    <link:labelArc xlink:arcrole="http://www.xbrl.org/2003/arcrole/concept-label" xlink:from="Loc_dart_OtherLosses" xlink:to="Label_label_dart_OtherLosses_ko" xlink:type="arc" priority="1" />
    <link:loc xlink:href="../00503668_entry_point_2015-11-13.xsd#entity00503668_udf_IS_2019103116449807_StatementOfComprehensiveIncomeAbstract" xlink:label="Loc_entity00503668_udf_IS_2019103116449807_StatementOfComprehensiveIncomeAbstract" xlink:type="locator" />
    <link:label xlink:type="resource" xlink:role="http://www.xbrl.org/2003/role/label" xlink:label="Label_label_entity00503668_udf_IS_2019103116449807_StatementOfComprehensiveIncomeAbstract_ko" xml:lang="ko" id="Label_label_entity00503668_udf_IS_2019103116449807_StatementOfComprehensiveIncomeAbstract_ko">종속기업,관계기업및공동기업손익</link:label>
    <link:labelArc xlink:arcrole="http://www.xbrl.org/2003/arcrole/concept-label" xlink:from="Loc_entity00503668_udf_IS_2019103116449807_StatementOfComprehensiveIncomeAbstract" xlink:to="Label_label_entity00503668_udf_IS_2019103116449807_StatementOfComprehensiveIncomeAbstract_ko" xlink:type="arc" />
    <link:label xlink:type="resource" xlink:role="http://www.xbrl.org/2003/role/documentation" xlink:label="Label_entity00503668_udf_IS_2019103116449807_StatementOfComprehensiveIncomeAbstract_ko_doc" xml:lang="ko">
    </link:label>
    <link:labelArc xlink:arcrole="http://www.xbrl.org/2003/arcrole/concept-label" xlink:from="Loc_entity00503668_udf_IS_2019103116449807_StatementOfComprehensiveIncomeAbstract" xlink:to="Label_entity00503668_udf_IS_2019103116449807_StatementOfComprehensiveIncomeAbstract_ko_doc" xlink:type="arc" />
    <link:loc xlink:href="http://dart.fss.or.kr/Resource/Taxonomy/ifrs/2019-10-01/dart_2019-10-01.xsd#dart_OtherComprehensiveIncomeThatWillBeReclassifiedToProfitOrLossNetOfTax" xlink:label="Loc_dart_OtherComprehensiveIncomeThatWillBeReclassifiedToProfitOrLossNetOfTax" xlink:type="locator" />
    <link:label xlink:type="resource" xlink:role="http://dart.fss.or.kr/role/2019-10-01/ifrs/dart_label" xlink:label="Label_dart_label_dart_OtherComprehensiveIncomeThatWillBeReclassifiedToProfitOrLossNetOfTax_ko" xml:lang="ko" id="Label_dart_label_dart_OtherComprehensiveIncomeThatWillBeReclassifiedToProfitOrLossNetOfTax_ko">후속적으로 당기손익으로 재분류될 수 있는 항목</link:label>
    <link:labelArc xlink:arcrole="http://www.xbrl.org/2003/arcrole/concept-label" xlink:from="Loc_dart_OtherComprehensiveIncomeThatWillBeReclassifiedToProfitOrLossNetOfTax" xlink:to="Label_dart_label_dart_OtherComprehensiveIncomeThatWillBeReclassifiedToProfitOrLossNetOfTax_ko" xlink:type="arc" priority="1" />
    <link:loc xlink:href="http://dart.fss.or.kr/Resource/Taxonomy/ifrs/2019-10-01/dart_2019-10-01.xsd#dart_ShareOfOtherComprehensiveIncomeOfAssociatesAndJointVenturesAccountedForUsingEquityMethodThatWillBeReclassifiedToProfitOrLossNetOfTax" xlink:label="Loc_dart_ShareOfOtherComprehensiveIncomeOfAssociatesAndJointVenturesAccountedForUsingEquityMethodThatWillBeReclassifiedToProfitOrLossNetOfTax" xlink:type="locator" />
    <link:label xlink:type="resource" xlink:role="http://dart.fss.or.kr/role/2019-10-01/ifrs/dart_label" xlink:label="Label_dart_label_dart_ShareOfOtherComprehensiveIncomeOfAssociatesAndJointVenturesAccountedForUsingEquityMethodThatWillBeReclassifiedToProfitOrLossNetOfTax_ko" xml:lang="ko" id="Label_dart_label_dart_ShareOfOtherComprehensiveIncomeOfAssociatesAndJointVenturesAccountedForUsingEquityMethodThatWillBeReclassifiedToProfitOrLossNetOfTax_ko">관계기업 및 공동기업의 기타포괄손익에 대한 지분</link:label>
    <link:labelArc xlink:arcrole="http://www.xbrl.org/2003/arcrole/concept-label" xlink:from="Loc_dart_ShareOfOtherComprehensiveIncomeOfAssociatesAndJointVenturesAccountedForUsingEquityMethodThatWillBeReclassifiedToProfitOrLossNetOfTax" xlink:to="Label_dart_label_dart_ShareOfOtherComprehensiveIncomeOfAssociatesAndJointVenturesAccountedForUsingEquityMethodThatWillBeReclassifiedToProfitOrLossNetOfTax_ko" xlink:type="arc" priority="1" />
    <link:loc xlink:href="http://dart.fss.or.kr/Resource/Taxonomy/ifrs/2019-10-01/dart_2019-10-01.xsd#dart_OtherComprehensiveIncomeThatWillNotBeReclassifiedToProfitOrLossNetOfTax" xlink:label="Loc_dart_OtherComprehensiveIncomeThatWillNotBeReclassifiedToProfitOrLossNetOfTax" xlink:type="locator" />
    <link:label xlink:type="resource" xlink:role="http://dart.fss.or.kr/role/2019-10-01/ifrs/dart_label" xlink:label="Label_dart_label_dart_OtherComprehensiveIncomeThatWillNotBeReclassifiedToProfitOrLossNetOfTax_ko" xml:lang="ko" id="Label_dart_label_dart_OtherComprehensiveIncomeThatWillNotBeReclassifiedToProfitOrLossNetOfTax_ko">후속적으로 당기손익으로 재분류되지 않는 항목</link:label>
    <link:labelArc xlink:arcrole="http://www.xbrl.org/2003/arcrole/concept-label" xlink:from="Loc_dart_OtherComprehensiveIncomeThatWillNotBeReclassifiedToProfitOrLossNetOfTax" xlink:to="Label_dart_label_dart_OtherComprehensiveIncomeThatWillNotBeReclassifiedToProfitOrLossNetOfTax_ko" xlink:type="arc" priority="1" />
    <link:loc xlink:href="../00503668_entry_point_2015-11-13.xsd#entity00503668_udf_IS_2021728141514212_OtherComprehensiveIncomeThatWillNotBeReclassifiedToProfitOrLossNetOfTax" xlink:label="Loc_entity00503668_udf_IS_2021728141514212_OtherComprehensiveIncomeThatWillNotBeReclassifiedToProfitOrLossNetOfTax" xlink:type="locator" />
    <link:label xlink:type="resource" xlink:role="http://www.xbrl.org/2003/role/label" xlink:label="Label_label_entity00503668_udf_IS_2021728141514212_OtherComprehensiveIncomeThatWillNotBeReclassifiedToProfitOrLossNetOfTax_ko" xml:lang="ko" id="Label_label_entity00503668_udf_IS_2021728141514212_OtherComprehensiveIncomeThatWillNotBeReclassifiedToProfitOrLossNetOfTax_ko">기타포괄손익-공정가치 측정 금융자산 평가손익</link:label>
    <link:labelArc xlink:arcrole="http://www.xbrl.org/2003/arcrole/concept-label" xlink:from="Loc_entity00503668_udf_IS_2021728141514212_OtherComprehensiveIncomeThatWillNotBeReclassifiedToProfitOrLossNetOfTax" xlink:to="Label_label_entity00503668_udf_IS_2021728141514212_OtherComprehensiveIncomeThatWillNotBeReclassifiedToProfitOrLossNetOfTax_ko" xlink:type="arc" />
    <link:label xlink:type="resource" xlink:role="http://www.xbrl.org/2003/role/documentation" xlink:label="Label_entity00503668_udf_IS_2021728141514212_OtherComprehensiveIncomeThatWillNotBeReclassifiedToProfitOrLossNetOfTax_ko_doc" xml:lang="ko">
    </link:label>
    <link:labelArc xlink:arcrole="http://www.xbrl.org/2003/arcrole/concept-label" xlink:from="Loc_entity00503668_udf_IS_2021728141514212_OtherComprehensiveIncomeThatWillNotBeReclassifiedToProfitOrLossNetOfTax" xlink:to="Label_entity00503668_udf_IS_2021728141514212_OtherComprehensiveIncomeThatWillNotBeReclassifiedToProfitOrLossNetOfTax_ko_doc" xlink:type="arc" />
    <link:loc xlink:href="http://dart.fss.or.kr/Resource/Taxonomy/ifrs/2019-10-01/dart_2019-10-01.xsd#dart_ShareOfOtherComprehensiveIncomeOfAssociatesAndJointVenturesAccountedForUsingEquityMethodThatWillNotBeReclassifiedToProfitOrLossNetOfTax" xlink:label="Loc_dart_ShareOfOtherComprehensiveIncomeOfAssociatesAndJointVenturesAccountedForUsingEquityMethodThatWillNotBeReclassifiedToProfitOrLossNetOfTax" xlink:type="locator" />
    <link:label xlink:type="resource" xlink:role="http://dart.fss.or.kr/role/2019-10-01/ifrs/dart_label" xlink:label="Label_dart_label_dart_ShareOfOtherComprehensiveIncomeOfAssociatesAndJointVenturesAccountedForUsingEquityMethodThatWillNotBeReclassifiedToProfitOrLossNetOfTax_ko" xml:lang="ko" id="Label_dart_label_dart_ShareOfOtherComprehensiveIncomeOfAssociatesAndJointVenturesAccountedForUsingEquityMethodThatWillNotBeReclassifiedToProfitOrLossNetOfTax_ko">관계기업 및 공동기업의 기타포괄손익에 대한 지분</link:label>
    <link:labelArc xlink:arcrole="http://www.xbrl.org/2003/arcrole/concept-label" xlink:from="Loc_dart_ShareOfOtherComprehensiveIncomeOfAssociatesAndJointVenturesAccountedForUsingEquityMethodThatWillNotBeReclassifiedToProfitOrLossNetOfTax" xlink:to="Label_dart_label_dart_ShareOfOtherComprehensiveIncomeOfAssociatesAndJointVenturesAccountedForUsingEquityMethodThatWillNotBeReclassifiedToProfitOrLossNetOfTax_ko" xlink:type="arc" priority="1" />
    <link:loc xlink:href="http://dart.fss.or.kr/Resource/Taxonomy/ifrs/2019-10-01/dart_2019-10-01.xsd#dart_OtherComprehensiveIncomeNetOfTaxGainsLossesOnRemeasurementsOfDefinedBenefitPlans" xlink:label="Loc_dart_OtherComprehensiveIncomeNetOfTaxGainsLossesOnRemeasurementsOfDefinedBenefitPlans" xlink:type="locator" />
    <link:label xlink:type="resource" xlink:role="http://dart.fss.or.kr/role/2019-10-01/ifrs/dart_label" xlink:label="Label_dart_label_dart_OtherComprehensiveIncomeNetOfTaxGainsLossesOnRemeasurementsOfDefinedBenefitPlans_ko" xml:lang="ko" id="Label_dart_label_dart_OtherComprehensiveIncomeNetOfTaxGainsLossesOnRemeasurementsOfDefinedBenefitPlans_ko">순확정급여부채의 재측정요소</link:label>
    <link:labelArc xlink:arcrole="http://www.xbrl.org/2003/arcrole/concept-label" xlink:from="Loc_dart_OtherComprehensiveIncomeNetOfTaxGainsLossesOnRemeasurementsOfDefinedBenefitPlans" xlink:to="Label_dart_label_dart_OtherComprehensiveIncomeNetOfTaxGainsLossesOnRemeasurementsOfDefinedBenefitPlans_ko" xlink:type="arc" priority="1" />
    <link:loc xlink:href="http://dart.fss.or.kr/Resource/Taxonomy/ifrs/2019-10-01/full_ifrs-cor_2019-03-27.xsd#ifrs-full_OtherComprehensiveIncomeNetOfTaxGainsLossesFromInvestmentsInEquityInstruments" xlink:label="Loc_ifrs-full_OtherComprehensiveIncomeNetOfTaxGainsLossesFromInvestmentsInEquityInstruments" xlink:type="locator" />
    <link:label xlink:type="resource" xlink:role="http://dart.fss.or.kr/role/2019-10-01/ifrs/dart_label" xlink:label="Label_dart_label_ifrs-full_OtherComprehensiveIncomeNetOfTaxGainsLossesFromInvestmentsInEquityInstruments_ko" xml:lang="ko" id="Label_dart_label_ifrs-full_OtherComprehensiveIncomeNetOfTaxGainsLossesFromInvestmentsInEquityInstruments_ko">지분법이익잉여금변동</link:label>
    <link:labelArc xlink:arcrole="http://www.xbrl.org/2003/arcrole/concept-label" xlink:from="Loc_ifrs-full_OtherComprehensiveIncomeNetOfTaxGainsLossesFromInvestmentsInEquityInstruments" xlink:to="Label_dart_label_ifrs-full_OtherComprehensiveIncomeNetOfTaxGainsLossesFromInvestmentsInEquityInstruments_ko" xlink:type="arc" priority="1" />
    <link:loc xlink:href="../00503668_entry_point_2015-11-13.xsd#entity00503668_udf_IS_2019103115590513_StatementOfComprehensiveIncomeAbstract" xlink:label="Loc_entity00503668_udf_IS_2019103115590513_StatementOfComprehensiveIncomeAbstract" xlink:type="locator" />
    <link:label xlink:type="resource" xlink:role="http://www.xbrl.org/2003/role/label" xlink:label="Label_label_entity00503668_udf_IS_2019103115590513_StatementOfComprehensiveIncomeAbstract_ko" xml:lang="ko" id="Label_label_entity00503668_udf_IS_2019103115590513_StatementOfComprehensiveIncomeAbstract_ko">관계기업및공동기업손익</link:label>
    <link:labelArc xlink:arcrole="http://www.xbrl.org/2003/arcrole/concept-label" xlink:from="Loc_entity00503668_udf_IS_2019103115590513_StatementOfComprehensiveIncomeAbstract" xlink:to="Label_label_entity00503668_udf_IS_2019103115590513_StatementOfComprehensiveIncomeAbstract_ko" xlink:type="arc" />
    <link:label xlink:type="resource" xlink:role="http://www.xbrl.org/2003/role/documentation" xlink:label="Label_entity00503668_udf_IS_2019103115590513_StatementOfComprehensiveIncomeAbstract_ko_doc" xml:lang="ko">
    </link:label>
    <link:labelArc xlink:arcrole="http://www.xbrl.org/2003/arcrole/concept-label" xlink:from="Loc_entity00503668_udf_IS_2019103115590513_StatementOfComprehensiveIncomeAbstract" xlink:to="Label_entity00503668_udf_IS_2019103115590513_StatementOfComprehensiveIncomeAbstract_ko_doc" xlink:type="arc" />
    <link:loc xlink:href="../00503668_entry_point_2015-11-13.xsd#entity00503668_udf_IS_202186141818150_OtherComprehensiveIncomeThatWillNotBeReclassifiedToProfitOrLossNetOfTax" xlink:label="Loc_entity00503668_udf_IS_202186141818150_OtherComprehensiveIncomeThatWillNotBeReclassifiedToProfitOrLossNetOfTax" xlink:type="locator" />
    <link:label xlink:type="resource" xlink:role="http://www.xbrl.org/2003/role/label" xlink:label="Label_label_entity00503668_udf_IS_202186141818150_OtherComprehensiveIncomeThatWillNotBeReclassifiedToProfitOrLossNetOfTax_ko" xml:lang="ko" id="Label_label_entity00503668_udf_IS_202186141818150_OtherComprehensiveIncomeThatWillNotBeReclassifiedToProfitOrLossNetOfTax_ko">기타포괄손익-공정가치 측정 금융자산 평가손익</link:label>
    <link:labelArc xlink:arcrole="http://www.xbrl.org/2003/arcrole/concept-label" xlink:from="Loc_entity00503668_udf_IS_202186141818150_OtherComprehensiveIncomeThatWillNotBeReclassifiedToProfitOrLossNetOfTax" xlink:to="Label_label_entity00503668_udf_IS_202186141818150_OtherComprehensiveIncomeThatWillNotBeReclassifiedToProfitOrLossNetOfTax_ko" xlink:type="arc" />
    <link:label xlink:type="resource" xlink:role="http://www.xbrl.org/2003/role/documentation" xlink:label="Label_entity00503668_udf_IS_202186141818150_OtherComprehensiveIncomeThatWillNotBeReclassifiedToProfitOrLossNetOfTax_ko_doc" xml:lang="ko">
    </link:label>
    <link:labelArc xlink:arcrole="http://www.xbrl.org/2003/arcrole/concept-label" xlink:from="Loc_entity00503668_udf_IS_202186141818150_OtherComprehensiveIncomeThatWillNotBeReclassifiedToProfitOrLossNetOfTax" xlink:to="Label_entity00503668_udf_IS_202186141818150_OtherComprehensiveIncomeThatWillNotBeReclassifiedToProfitOrLossNetOfTax_ko_doc" xlink:type="arc" />
    <link:loc xlink:href="http://dart.fss.or.kr/Resource/Taxonomy/ifrs/2019-10-01/dart_2019-10-01.xsd#dart_ProceedsFromSalesOfShortTermFinancialInstruments" xlink:label="Loc_dart_ProceedsFromSalesOfShortTermFinancialInstruments" xlink:type="locator" />
    <link:label xlink:type="resource" xlink:role="http://www.xbrl.org/2003/role/label" xlink:label="Label_label_dart_ProceedsFromSalesOfShortTermFinancialInstruments_ko" xml:lang="ko" id="Label_label_dart_ProceedsFromSalesOfShortTermFinancialInstruments_ko">단기금융상품의 순증감</link:label>
    <link:labelArc xlink:arcrole="http://www.xbrl.org/2003/arcrole/concept-label" xlink:from="Loc_dart_ProceedsFromSalesOfShortTermFinancialInstruments" xlink:to="Label_label_dart_ProceedsFromSalesOfShortTermFinancialInstruments_ko" xlink:type="arc" priority="1" />
    <link:loc xlink:href="http://dart.fss.or.kr/Resource/Taxonomy/ifrs/2019-10-01/dart_2019-10-01.xsd#dart_PurchaseOfInvestmentsInSubsidiariesJointVenturesAndAssociates" xlink:label="Loc_dart_PurchaseOfInvestmentsInSubsidiariesJointVenturesAndAssociates" xlink:type="locator" />
    <link:label xlink:type="resource" xlink:role="http://www.xbrl.org/2003/role/label" xlink:label="Label_label_dart_PurchaseOfInvestmentsInSubsidiariesJointVenturesAndAssociates_ko" xml:lang="ko" id="Label_label_dart_PurchaseOfInvestmentsInSubsidiariesJointVenturesAndAssociates_ko">종속기업, 관계기업 및 공동기업투자의 취득</link:label>
    <link:labelArc xlink:arcrole="http://www.xbrl.org/2003/arcrole/concept-label" xlink:from="Loc_dart_PurchaseOfInvestmentsInSubsidiariesJointVenturesAndAssociates" xlink:to="Label_label_dart_PurchaseOfInvestmentsInSubsidiariesJointVenturesAndAssociates_ko" xlink:type="arc" priority="1" />
    <link:loc xlink:href="http://dart.fss.or.kr/Resource/Taxonomy/ifrs/2019-10-01/dart_2019-10-01.xsd#dart_ProceedsFromSalesOfInvestmentsInSubsidiariesJointVenturesAndAssociates" xlink:label="Loc_dart_ProceedsFromSalesOfInvestmentsInSubsidiariesJointVenturesAndAssociates" xlink:type="locator" />
    <link:label xlink:type="resource" xlink:role="http://www.xbrl.org/2003/role/label" xlink:label="Label_label_dart_ProceedsFromSalesOfInvestmentsInSubsidiariesJointVenturesAndAssociates_ko" xml:lang="ko" id="Label_label_dart_ProceedsFromSalesOfInvestmentsInSubsidiariesJointVenturesAndAssociates_ko">종속기업, 관계기업 및 공동기업투자의 처분</link:label>
    <link:labelArc xlink:arcrole="http://www.xbrl.org/2003/arcrole/concept-label" xlink:from="Loc_dart_ProceedsFromSalesOfInvestmentsInSubsidiariesJointVenturesAndAssociates" xlink:to="Label_label_dart_ProceedsFromSalesOfInvestmentsInSubsidiariesJointVenturesAndAssociates_ko" xlink:type="arc" priority="1" />
    <link:loc xlink:href="../00503668_entry_point_2015-11-13.xsd#entity00503668_udf_CF_2017103118429130_CashFlowsFromUsedInInvestingActivities" xlink:label="Loc_entity00503668_udf_CF_2017103118429130_CashFlowsFromUsedInInvestingActivities" xlink:type="locator" />
    <link:label xlink:type="resource" xlink:role="http://www.xbrl.org/2003/role/label" xlink:label="Label_label_entity00503668_udf_CF_2017103118429130_CashFlowsFromUsedInInvestingActivities_ko" xml:lang="ko" id="Label_label_entity00503668_udf_CF_2017103118429130_CashFlowsFromUsedInInvestingActivities_ko">미지급금의 지급(유형자산 및 무형자산 취득)</link:label>
    <link:labelArc xlink:arcrole="http://www.xbrl.org/2003/arcrole/concept-label" xlink:from="Loc_entity00503668_udf_CF_2017103118429130_CashFlowsFromUsedInInvestingActivities" xlink:to="Label_label_entity00503668_udf_CF_2017103118429130_CashFlowsFromUsedInInvestingActivities_ko" xlink:type="arc" />
    <link:label xlink:type="resource" xlink:role="http://www.xbrl.org/2003/role/documentation" xlink:label="Label_entity00503668_udf_CF_2017103118429130_CashFlowsFromUsedInInvestingActivities_ko_doc" xml:lang="ko">
    </link:label>
    <link:labelArc xlink:arcrole="http://www.xbrl.org/2003/arcrole/concept-label" xlink:from="Loc_entity00503668_udf_CF_2017103118429130_CashFlowsFromUsedInInvestingActivities" xlink:to="Label_entity00503668_udf_CF_2017103118429130_CashFlowsFromUsedInInvestingActivities_ko_doc" xlink:type="arc" />
    <link:loc xlink:href="http://dart.fss.or.kr/Resource/Taxonomy/ifrs/2019-10-01/dart_2019-10-01.xsd#dart_ProceedsFromSalesOfNonCurrentAssetsOrDisposalGroupsClassifiedAsHeldForSale" xlink:label="Loc_dart_ProceedsFromSalesOfNonCurrentAssetsOrDisposalGroupsClassifiedAsHeldForSale" xlink:type="locator" />
    <link:label xlink:type="resource" xlink:role="http://www.xbrl.org/2003/role/label" xlink:label="Label_label_dart_ProceedsFromSalesOfNonCurrentAssetsOrDisposalGroupsClassifiedAsHeldForSale_ko" xml:lang="ko" id="Label_label_dart_ProceedsFromSalesOfNonCurrentAssetsOrDisposalGroupsClassifiedAsHeldForSale_ko">매각예정분류자산의 처분</link:label>
    <link:labelArc xlink:arcrole="http://www.xbrl.org/2003/arcrole/concept-label" xlink:from="Loc_dart_ProceedsFromSalesOfNonCurrentAssetsOrDisposalGroupsClassifiedAsHeldForSale" xlink:to="Label_label_dart_ProceedsFromSalesOfNonCurrentAssetsOrDisposalGroupsClassifiedAsHeldForSale_ko" xlink:type="arc" priority="1" />
    <link:loc xlink:href="http://dart.fss.or.kr/Resource/Taxonomy/ifrs/2019-10-01/dart_2019-10-01.xsd#dart_ProceedsFromSalesOfFinanceLeaseAssets" xlink:label="Loc_dart_ProceedsFromSalesOfFinanceLeaseAssets" xlink:type="locator" />
    <link:label xlink:type="resource" xlink:role="http://www.xbrl.org/2003/role/label" xlink:label="Label_label_dart_ProceedsFromSalesOfFinanceLeaseAssets_ko" xml:lang="ko" id="Label_label_dart_ProceedsFromSalesOfFinanceLeaseAssets_ko">리스자산의 처분</link:label>
    <link:labelArc xlink:arcrole="http://www.xbrl.org/2003/arcrole/concept-label" xlink:from="Loc_dart_ProceedsFromSalesOfFinanceLeaseAssets" xlink:to="Label_label_dart_ProceedsFromSalesOfFinanceLeaseAssets_ko" xlink:type="arc" priority="1" />
    <link:loc xlink:href="http://dart.fss.or.kr/Resource/Taxonomy/ifrs/2019-10-01/dart_2019-10-01.xsd#dart_ProceedsFromShortTermBorrowings" xlink:label="Loc_dart_ProceedsFromShortTermBorrowings" xlink:type="locator" />
    <link:label xlink:type="resource" xlink:role="http://www.xbrl.org/2003/role/label" xlink:label="Label_label_dart_ProceedsFromShortTermBorrowings_ko" xml:lang="ko" id="Label_label_dart_ProceedsFromShortTermBorrowings_ko">단기차입금의 증가(감소)</link:label>
    <link:labelArc xlink:arcrole="http://www.xbrl.org/2003/arcrole/concept-label" xlink:from="Loc_dart_ProceedsFromShortTermBorrowings" xlink:to="Label_label_dart_ProceedsFromShortTermBorrowings_ko" xlink:type="arc" priority="1" />
    <link:loc xlink:href="../00503668_entry_point_2015-11-13.xsd#entity00503668_udf_CF_20198715331243_CashFlowsFromUsedInFinancingActivities" xlink:label="Loc_entity00503668_udf_CF_20198715331243_CashFlowsFromUsedInFinancingActivities" xlink:type="locator" />
    <link:label xlink:type="resource" xlink:role="http://www.xbrl.org/2003/role/label" xlink:label="Label_label_entity00503668_udf_CF_20198715331243_CashFlowsFromUsedInFinancingActivities_ko" xml:lang="ko" id="Label_label_entity00503668_udf_CF_20198715331243_CashFlowsFromUsedInFinancingActivities_ko">유동성장기부채의 감소</link:label>
    <link:labelArc xlink:arcrole="http://www.xbrl.org/2003/arcrole/concept-label" xlink:from="Loc_entity00503668_udf_CF_20198715331243_CashFlowsFromUsedInFinancingActivities" xlink:to="Label_label_entity00503668_udf_CF_20198715331243_CashFlowsFromUsedInFinancingActivities_ko" xlink:type="arc" />
    <link:label xlink:type="resource" xlink:role="http://www.xbrl.org/2003/role/documentation" xlink:label="Label_entity00503668_udf_CF_20198715331243_CashFlowsFromUsedInFinancingActivities_ko_doc" xml:lang="ko">
    </link:label>
    <link:labelArc xlink:arcrole="http://www.xbrl.org/2003/arcrole/concept-label" xlink:from="Loc_entity00503668_udf_CF_20198715331243_CashFlowsFromUsedInFinancingActivities" xlink:to="Label_entity00503668_udf_CF_20198715331243_CashFlowsFromUsedInFinancingActivities_ko_doc" xlink:type="arc" />
    <link:loc xlink:href="http://dart.fss.or.kr/Resource/Taxonomy/ifrs/2019-10-01/full_ifrs-cor_2019-03-27.xsd#ifrs-full_PaymentsOfFinanceLeaseLiabilitiesClassifiedAsFinancingActivities" xlink:label="Loc_ifrs-full_PaymentsOfFinanceLeaseLiabilitiesClassifiedAsFinancingActivities" xlink:type="locator" />
    <link:label xlink:type="resource" xlink:role="http://www.xbrl.org/2009/role/negatedTerseLabel" xlink:label="Label_negatedTerseLabel_ifrs-full_PaymentsOfFinanceLeaseLiabilitiesClassifiedAsFinancingActivities_ko" xml:lang="ko" id="Label_negatedTerseLabel_ifrs-full_PaymentsOfFinanceLeaseLiabilitiesClassifiedAsFinancingActivities_ko">리스부채의 지급</link:label>
    <link:labelArc xlink:arcrole="http://www.xbrl.org/2003/arcrole/concept-label" xlink:from="Loc_ifrs-full_PaymentsOfFinanceLeaseLiabilitiesClassifiedAsFinancingActivities" xlink:to="Label_negatedTerseLabel_ifrs-full_PaymentsOfFinanceLeaseLiabilitiesClassifiedAsFinancingActivities_ko" xlink:type="arc" priority="1" />
    <link:loc xlink:href="../00503668_entry_point_2015-11-13.xsd#entity00503668_udf_CF_2019103116276836_CashFlowsFromUsedInInvestingActivities" xlink:label="Loc_entity00503668_udf_CF_2019103116276836_CashFlowsFromUsedInInvestingActivities" xlink:type="locator" />
    <link:label xlink:type="resource" xlink:role="http://www.xbrl.org/2003/role/label" xlink:label="Label_label_entity00503668_udf_CF_2019103116276836_CashFlowsFromUsedInInvestingActivities_ko" xml:lang="ko" id="Label_label_entity00503668_udf_CF_2019103116276836_CashFlowsFromUsedInInvestingActivities_ko">미지급금의 지급(유형자산 및 무형자산 취득)</link:label>
    <link:labelArc xlink:arcrole="http://www.xbrl.org/2003/arcrole/concept-label" xlink:from="Loc_entity00503668_udf_CF_2019103116276836_CashFlowsFromUsedInInvestingActivities" xlink:to="Label_label_entity00503668_udf_CF_2019103116276836_CashFlowsFromUsedInInvestingActivities_ko" xlink:type="arc" />
    <link:label xlink:type="resource" xlink:role="http://www.xbrl.org/2003/role/documentation" xlink:label="Label_entity00503668_udf_CF_2019103116276836_CashFlowsFromUsedInInvestingActivities_ko_doc" xml:lang="ko">
    </link:label>
    <link:labelArc xlink:arcrole="http://www.xbrl.org/2003/arcrole/concept-label" xlink:from="Loc_entity00503668_udf_CF_2019103116276836_CashFlowsFromUsedInInvestingActivities" xlink:to="Label_entity00503668_udf_CF_2019103116276836_CashFlowsFromUsedInInvestingActivities_ko_doc" xlink:type="arc" />
    <link:loc xlink:href="../00503668_entry_point_2015-11-13.xsd#entity00503668_udf_CF_2019103116400880_CashFlowsFromUsedInFinancingActivities" xlink:label="Loc_entity00503668_udf_CF_2019103116400880_CashFlowsFromUsedInFinancingActivities" xlink:type="locator" />
    <link:label xlink:type="resource" xlink:role="http://www.xbrl.org/2003/role/label" xlink:label="Label_label_entity00503668_udf_CF_2019103116400880_CashFlowsFromUsedInFinancingActivities_ko" xml:lang="ko" id="Label_label_entity00503668_udf_CF_2019103116400880_CashFlowsFromUsedInFinancingActivities_ko">유동성장기부채의 감소</link:label>
    <link:labelArc xlink:arcrole="http://www.xbrl.org/2003/arcrole/concept-label" xlink:from="Loc_entity00503668_udf_CF_2019103116400880_CashFlowsFromUsedInFinancingActivities" xlink:to="Label_label_entity00503668_udf_CF_2019103116400880_CashFlowsFromUsedInFinancingActivities_ko" xlink:type="arc" />
    <link:label xlink:type="resource" xlink:role="http://www.xbrl.org/2003/role/documentation" xlink:label="Label_entity00503668_udf_CF_2019103116400880_CashFlowsFromUsedInFinancingActivities_ko_doc" xml:lang="ko">
    </link:label>
    <link:labelArc xlink:arcrole="http://www.xbrl.org/2003/arcrole/concept-label" xlink:from="Loc_entity00503668_udf_CF_2019103116400880_CashFlowsFromUsedInFinancingActivities" xlink:to="Label_entity00503668_udf_CF_2019103116400880_CashFlowsFromUsedInFinancingActivities_ko_doc" xlink:type="arc" />
    <link:loc xlink:href="http://dart.fss.or.kr/Resource/Taxonomy/ifrs/2019-10-01/full_ifrs-cor_2019-03-27.xsd#ifrs-full_NoncurrentAssetsOrDisposalGroupsClassifiedAsHeldForSaleOrAsHeldForDistributionToOwners" xlink:label="Loc_ifrs-full_NoncurrentAssetsOrDisposalGroupsClassifiedAsHeldForSaleOrAsHeldForDistributionToOwners" xlink:type="locator" />
    <link:label xlink:type="resource" xlink:role="http://www.xbrl.org/2003/role/label" xlink:label="Label_label_ifrs-full_NoncurrentAssetsOrDisposalGroupsClassifiedAsHeldForSaleOrAsHeldForDistributionToOwners_ko" xml:lang="ko" id="Label_label_ifrs-full_NoncurrentAssetsOrDisposalGroupsClassifiedAsHeldForSaleOrAsHeldForDistributionToOwners_ko">매각예정분류자산</link:label>
    <link:labelArc xlink:arcrole="http://www.xbrl.org/2003/arcrole/concept-label" xlink:from="Loc_ifrs-full_NoncurrentAssetsOrDisposalGroupsClassifiedAsHeldForSaleOrAsHeldForDistributionToOwners" xlink:to="Label_label_ifrs-full_NoncurrentAssetsOrDisposalGroupsClassifiedAsHeldForSaleOrAsHeldForDistributionToOwners_ko" xlink:type="arc" priority="1" />
    <link:loc xlink:href="http://dart.fss.or.kr/Resource/Taxonomy/ifrs/2019-10-01/full_ifrs-cor_2019-03-27.xsd#ifrs-full_IntangibleAssetsOtherThanGoodwill" xlink:label="Loc_ifrs-full_IntangibleAssetsOtherThanGoodwill" xlink:type="locator" />
    <link:label xlink:type="resource" xlink:role="http://www.xbrl.org/2003/role/label" xlink:label="Label_label_ifrs-full_IntangibleAssetsOtherThanGoodwill_ko" xml:lang="ko" id="Label_label_ifrs-full_IntangibleAssetsOtherThanGoodwill_ko">무형자산</link:label>
    <link:labelArc xlink:arcrole="http://www.xbrl.org/2003/arcrole/concept-label" xlink:from="Loc_ifrs-full_IntangibleAssetsOtherThanGoodwill" xlink:to="Label_label_ifrs-full_IntangibleAssetsOtherThanGoodwill_ko" xlink:type="arc" priority="1" />
    <link:loc xlink:href="http://dart.fss.or.kr/Resource/Taxonomy/ifrs/2019-10-01/full_ifrs-cor_2019-03-27.xsd#ifrs-full_InvestmentsInSubsidiariesJointVenturesAndAssociates" xlink:label="Loc_ifrs-full_InvestmentsInSubsidiariesJointVenturesAndAssociates" xlink:type="locator" />
    <link:label xlink:type="resource" xlink:role="http://www.xbrl.org/2003/role/label" xlink:label="Label_label_ifrs-full_InvestmentsInSubsidiariesJointVenturesAndAssociates_ko" xml:lang="ko" id="Label_label_ifrs-full_InvestmentsInSubsidiariesJointVenturesAndAssociates_ko">종속기업, 관계기업 및 공동기업투자</link:label>
    <link:labelArc xlink:arcrole="http://www.xbrl.org/2003/arcrole/concept-label" xlink:from="Loc_ifrs-full_InvestmentsInSubsidiariesJointVenturesAndAssociates" xlink:to="Label_label_ifrs-full_InvestmentsInSubsidiariesJointVenturesAndAssociates_ko" xlink:type="arc" priority="1" />
    <link:loc xlink:href="http://dart.fss.or.kr/Resource/Taxonomy/ifrs/2019-10-01/full_ifrs-cor_2019-03-27.xsd#ifrs-full_InvestmentsInAssociates" xlink:label="Loc_ifrs-full_InvestmentsInAssociates" xlink:type="locator" />
    <link:label xlink:type="resource" xlink:role="http://www.xbrl.org/2003/role/label" xlink:label="Label_label_ifrs-full_InvestmentsInAssociates_ko" xml:lang="ko" id="Label_label_ifrs-full_InvestmentsInAssociates_ko">관계기업 및 공동기업투자</link:label>
    <link:labelArc xlink:arcrole="http://www.xbrl.org/2003/arcrole/concept-label" xlink:from="Loc_ifrs-full_InvestmentsInAssociates" xlink:to="Label_label_ifrs-full_InvestmentsInAssociates_ko" xlink:type="arc" priority="1" />
    <link:loc xlink:href="http://dart.fss.or.kr/Resource/Taxonomy/ifrs/2019-10-01/dart_2019-10-01.xsd#dart_InvestedAssetForPostemploymentBenefit" xlink:label="Loc_dart_InvestedAssetForPostemploymentBenefit" xlink:type="locator" />
    <link:label xlink:type="resource" xlink:role="http://www.xbrl.org/2003/role/label" xlink:label="Label_label_dart_InvestedAssetForPostemploymentBenefit_ko" xml:lang="ko" id="Label_label_dart_InvestedAssetForPostemploymentBenefit_ko">순확정급여자산</link:label>
    <link:labelArc xlink:arcrole="http://www.xbrl.org/2003/arcrole/concept-label" xlink:from="Loc_dart_InvestedAssetForPostemploymentBenefit" xlink:to="Label_label_dart_InvestedAssetForPostemploymentBenefit_ko" xlink:type="arc" priority="1" />
    <link:loc xlink:href="http://dart.fss.or.kr/Resource/Taxonomy/ifrs/2019-10-01/dart_2019-10-01.xsd#dart_PostemploymentBenefitObligations" xlink:label="Loc_dart_PostemploymentBenefitObligations" xlink:type="locator" />
    <link:label xlink:type="resource" xlink:role="http://www.xbrl.org/2003/role/label" xlink:label="Label_label_dart_PostemploymentBenefitObligations_ko" xml:lang="ko" id="Label_label_dart_PostemploymentBenefitObligations_ko">순확정급여부채</link:label>
    <link:labelArc xlink:arcrole="http://www.xbrl.org/2003/arcrole/concept-label" xlink:from="Loc_dart_PostemploymentBenefitObligations" xlink:to="Label_label_dart_PostemploymentBenefitObligations_ko" xlink:type="arc" priority="1" />
  </link:labelLink>
</link:linkbase>