<?xml version="1.0" encoding="UTF-8"?>
<!-- Generated by DART -->
<link:linkbase xmlns:link="http://www.xbrl.org/2003/linkbase" xmlns:xlink="http://www.w3.org/1999/xlink" xmlns:xsi="http://www.w3.org/2001/XMLSchema-instance" xmlns:xbrli="http://www.xbrl.org/2003/instance" xsi:schemaLocation="http://www.xbrl.org/2003/linkbase http://www.xbrl.org/2003/xbrl-linkbase-2003-12-31.xsd">
  <link:roleRef roleURI="http://www.xbrl.org/2009/role/negatedLabel" xlink:type="simple" xlink:href="http://www.xbrl.org/lrr/role/negated-2009-12-16.xsd#negatedLabel" />
  <link:roleRef roleURI="http://www.xbrl.org/2009/role/negatedTerseLabel" xlink:type="simple" xlink:href="http://www.xbrl.org/lrr/role/negated-2009-12-16.xsd#negatedTerseLabel" />
  <link:roleRef roleURI="http://www.xbrl.org/2009/role/negatedTotalLabel" xlink:type="simple" xlink:href="http://www.xbrl.org/lrr/role/negated-2009-12-16.xsd#negatedTotalLabel" />
  <link:roleRef roleURI="http://www.xbrl.org/2009/role/negatedPeriodStartLabel" xlink:type="simple" xlink:href="http://www.xbrl.org/lrr/role/negated-2009-12-16.xsd#negatedPeriodStartLabel" />
  <link:roleRef roleURI="http://www.xbrl.org/2009/role/negatedPeriodEndLabel" xlink:type="simple" xlink:href="http://www.xbrl.org/lrr/role/negated-2009-12-16.xsd#negatedPeriodEndLabel" />
  <link:roleRef roleURI="http://www.xbrl.org/2009/role/netLabel" xlink:type="simple" xlink:href="http://www.xbrl.org/lrr/role/net-2009-12-16.xsd#netLabel" />
  <link:roleRef roleURI="http://dart.fss.or.kr/role/2019-10-01/ifrs/dart_label" xlink:type="simple" xlink:href="http://dart.fss.or.kr/Resource/Taxonomy/ifrs/2019-10-01/ifrs_for_dart/rol_dart-label_2019-10-01.xsd#dartLabel" />
  <link:labelLink xlink:type="extended" xlink:role="http://www.xbrl.org/2003/role/link">
    <link:loc xlink:href="http://dart.fss.or.kr/Resource/Taxonomy/ifrs/2019-10-01/dart_2019-10-01.xsd#dart_OtherGains" xlink:label="Loc_dart_OtherGains" xlink:type="locator" />
    <link:label xlink:type="resource" xlink:role="http://www.xbrl.org/2003/role/label" xlink:label="Label_label_dart_OtherGains_en" xml:lang="en" id="Label_label_dart_OtherGains_en">Other income</link:label>
    <link:labelArc xlink:arcrole="http://www.xbrl.org/2003/arcrole/concept-label" xlink:from="Loc_dart_OtherGains" xlink:to="Label_label_dart_OtherGains_en" xlink:type="arc" priority="1" />
    <link:loc xlink:href="http://dart.fss.or.kr/Resource/Taxonomy/ifrs/2019-10-01/dart_2019-10-01.xsd#dart_OtherLosses" xlink:label="Loc_dart_OtherLosses" xlink:type="locator" />
    <link:label xlink:type="resource" xlink:role="http://www.xbrl.org/2003/role/label" xlink:label="Label_label_dart_OtherLosses_en" xml:lang="en" id="Label_label_dart_OtherLosses_en">Other expenses</link:label>
    <link:labelArc xlink:arcrole="http://www.xbrl.org/2003/arcrole/concept-label" xlink:from="Loc_dart_OtherLosses" xlink:to="Label_label_dart_OtherLosses_en" xlink:type="arc" priority="1" />
    <link:loc xlink:href="../00503668_entry_point_2015-11-13.xsd#entity00503668_udf_IS_2019103116449807_StatementOfComprehensiveIncomeAbstract" xlink:label="Loc_entity00503668_udf_IS_2019103116449807_StatementOfComprehensiveIncomeAbstract" xlink:type="locator" />
    <link:label xlink:type="resource" xlink:role="http://www.xbrl.org/2003/role/label" xlink:label="Label_label_entity00503668_udf_IS_2019103116449807_StatementOfComprehensiveIncomeAbstract_en" xml:lang="en" id="Label_label_entity00503668_udf_IS_2019103116449807_StatementOfComprehensiveIncomeAbstract_en">Profits (losses) on investments in subsidiaries, associates and joint ventures</link:label>
    <link:labelArc xlink:arcrole="http://www.xbrl.org/2003/arcrole/concept-label" xlink:from="Loc_entity00503668_udf_IS_2019103116449807_StatementOfComprehensiveIncomeAbstract" xlink:to="Label_label_entity00503668_udf_IS_2019103116449807_StatementOfComprehensiveIncomeAbstract_en" xlink:type="arc" />
    <link:label xlink:type="resource" xlink:role="http://www.xbrl.org/2003/role/documentation" xlink:label="Label_entity00503668_udf_IS_2019103116449807_StatementOfComprehensiveIncomeAbstract_en_doc" xml:lang="en">
    </link:label>
    <link:labelArc xlink:arcrole="http://www.xbrl.org/2003/arcrole/concept-label" xlink:from="Loc_entity00503668_udf_IS_2019103116449807_StatementOfComprehensiveIncomeAbstract" xlink:to="Label_entity00503668_udf_IS_2019103116449807_StatementOfComprehensiveIncomeAbstract_en_doc" xlink:type="arc" />
    <link:loc xlink:href="http://dart.fss.or.kr/Resource/Taxonomy/ifrs/2019-10-01/dart_2019-10-01.xsd#dart_OtherComprehensiveIncomeThatWillBeReclassifiedToProfitOrLossNetOfTax" xlink:label="Loc_dart_OtherComprehensiveIncomeThatWillBeReclassifiedToProfitOrLossNetOfTax" xlink:type="locator" />
    <link:label xlink:type="resource" xlink:role="http://dart.fss.or.kr/role/2019-10-01/ifrs/dart_label" xlink:label="Label_dart_label_dart_OtherComprehensiveIncomeThatWillBeReclassifiedToProfitOrLossNetOfTax_en" xml:lang="en" id="Label_dart_label_dart_OtherComprehensiveIncomeThatWillBeReclassifiedToProfitOrLossNetOfTax_en">Items that will be reclassified subsequently to profit or loss</link:label>
    <link:labelArc xlink:arcrole="http://www.xbrl.org/2003/arcrole/concept-label" xlink:from="Loc_dart_OtherComprehensiveIncomeThatWillBeReclassifiedToProfitOrLossNetOfTax" xlink:to="Label_dart_label_dart_OtherComprehensiveIncomeThatWillBeReclassifiedToProfitOrLossNetOfTax_en" xlink:type="arc" priority="1" />
    <link:loc xlink:href="http://dart.fss.or.kr/Resource/Taxonomy/ifrs/2019-10-01/dart_2019-10-01.xsd#dart_ShareOfOtherComprehensiveIncomeOfAssociatesAndJointVenturesAccountedForUsingEquityMethodThatWillBeReclassifiedToProfitOrLossNetOfTax" xlink:label="Loc_dart_ShareOfOtherComprehensiveIncomeOfAssociatesAndJointVenturesAccountedForUsingEquityMethodThatWillBeReclassifiedToProfitOrLossNetOfTax" xlink:type="locator" />
    <link:label xlink:type="resource" xlink:role="http://dart.fss.or.kr/role/2019-10-01/ifrs/dart_label" xlink:label="Label_dart_label_dart_ShareOfOtherComprehensiveIncomeOfAssociatesAndJointVenturesAccountedForUsingEquityMethodThatWillBeReclassifiedToProfitOrLossNetOfTax_en" xml:lang="en" id="Label_dart_label_dart_ShareOfOtherComprehensiveIncomeOfAssociatesAndJointVenturesAccountedForUsingEquityMethodThatWillBeReclassifiedToProfitOrLossNetOfTax_en">Share of other comprehensive income of associates and joint ventures accounted for using equity method that will be reclassified to profit or loss</link:label>
    <link:labelArc xlink:arcrole="http://www.xbrl.org/2003/arcrole/concept-label" xlink:from="Loc_dart_ShareOfOtherComprehensiveIncomeOfAssociatesAndJointVenturesAccountedForUsingEquityMethodThatWillBeReclassifiedToProfitOrLossNetOfTax" xlink:to="Label_dart_label_dart_ShareOfOtherComprehensiveIncomeOfAssociatesAndJointVenturesAccountedForUsingEquityMethodThatWillBeReclassifiedToProfitOrLossNetOfTax_en" xlink:type="arc" priority="1" />
    <link:loc xlink:href="http://dart.fss.or.kr/Resource/Taxonomy/ifrs/2019-10-01/dart_2019-10-01.xsd#dart_OtherComprehensiveIncomeThatWillNotBeReclassifiedToProfitOrLossNetOfTax" xlink:label="Loc_dart_OtherComprehensiveIncomeThatWillNotBeReclassifiedToProfitOrLossNetOfTax" xlink:type="locator" />
    <link:label xlink:type="resource" xlink:role="http://dart.fss.or.kr/role/2019-10-01/ifrs/dart_label" xlink:label="Label_dart_label_dart_OtherComprehensiveIncomeThatWillNotBeReclassifiedToProfitOrLossNetOfTax_en" xml:lang="en" id="Label_dart_label_dart_OtherComprehensiveIncomeThatWillNotBeReclassifiedToProfitOrLossNetOfTax_en">Items that will not be reclassified subsequently to profit or loss</link:label>
    <link:labelArc xlink:arcrole="http://www.xbrl.org/2003/arcrole/concept-label" xlink:from="Loc_dart_OtherComprehensiveIncomeThatWillNotBeReclassifiedToProfitOrLossNetOfTax" xlink:to="Label_dart_label_dart_OtherComprehensiveIncomeThatWillNotBeReclassifiedToProfitOrLossNetOfTax_en" xlink:type="arc" priority="1" />
    <link:loc xlink:href="../00503668_entry_point_2015-11-13.xsd#entity00503668_udf_IS_2021728141514212_OtherComprehensiveIncomeThatWillNotBeReclassifiedToProfitOrLossNetOfTax" xlink:label="Loc_entity00503668_udf_IS_2021728141514212_OtherComprehensiveIncomeThatWillNotBeReclassifiedToProfitOrLossNetOfTax" xlink:type="locator" />
    <link:label xlink:type="resource" xlink:role="http://www.xbrl.org/2003/role/label" xlink:label="Label_label_entity00503668_udf_IS_2021728141514212_OtherComprehensiveIncomeThatWillNotBeReclassifiedToProfitOrLossNetOfTax_en" xml:lang="en" id="Label_label_entity00503668_udf_IS_2021728141514212_OtherComprehensiveIncomeThatWillNotBeReclassifiedToProfitOrLossNetOfTax_en">Gains (losses) on financial assets measured at fair value through other comprehensive income</link:label>
    <link:labelArc xlink:arcrole="http://www.xbrl.org/2003/arcrole/concept-label" xlink:from="Loc_entity00503668_udf_IS_2021728141514212_OtherComprehensiveIncomeThatWillNotBeReclassifiedToProfitOrLossNetOfTax" xlink:to="Label_label_entity00503668_udf_IS_2021728141514212_OtherComprehensiveIncomeThatWillNotBeReclassifiedToProfitOrLossNetOfTax_en" xlink:type="arc" />
    <link:label xlink:type="resource" xlink:role="http://www.xbrl.org/2003/role/documentation" xlink:label="Label_entity00503668_udf_IS_2021728141514212_OtherComprehensiveIncomeThatWillNotBeReclassifiedToProfitOrLossNetOfTax_en_doc" xml:lang="en">
    </link:label>
    <link:labelArc xlink:arcrole="http://www.xbrl.org/2003/arcrole/concept-label" xlink:from="Loc_entity00503668_udf_IS_2021728141514212_OtherComprehensiveIncomeThatWillNotBeReclassifiedToProfitOrLossNetOfTax" xlink:to="Label_entity00503668_udf_IS_2021728141514212_OtherComprehensiveIncomeThatWillNotBeReclassifiedToProfitOrLossNetOfTax_en_doc" xlink:type="arc" />
    <link:loc xlink:href="http://dart.fss.or.kr/Resource/Taxonomy/ifrs/2019-10-01/dart_2019-10-01.xsd#dart_OtherComprehensiveIncomeNetOfTaxGainsLossesOnRemeasurementsOfDefinedBenefitPlans" xlink:label="Loc_dart_OtherComprehensiveIncomeNetOfTaxGainsLossesOnRemeasurementsOfDefinedBenefitPlans" xlink:type="locator" />
    <link:label xlink:type="resource" xlink:role="http://dart.fss.or.kr/role/2019-10-01/ifrs/dart_label" xlink:label="Label_dart_label_dart_OtherComprehensiveIncomeNetOfTaxGainsLossesOnRemeasurementsOfDefinedBenefitPlans_en" xml:lang="en" id="Label_dart_label_dart_OtherComprehensiveIncomeNetOfTaxGainsLossesOnRemeasurementsOfDefinedBenefitPlans_en">Remeasurements of defined benefit liability</link:label>
    <link:labelArc xlink:arcrole="http://www.xbrl.org/2003/arcrole/concept-label" xlink:from="Loc_dart_OtherComprehensiveIncomeNetOfTaxGainsLossesOnRemeasurementsOfDefinedBenefitPlans" xlink:to="Label_dart_label_dart_OtherComprehensiveIncomeNetOfTaxGainsLossesOnRemeasurementsOfDefinedBenefitPlans_en" xlink:type="arc" priority="1" />
    <link:loc xlink:href="../00503668_entry_point_2015-11-13.xsd#entity00503668_udf_IS_2019103115590513_StatementOfComprehensiveIncomeAbstract" xlink:label="Loc_entity00503668_udf_IS_2019103115590513_StatementOfComprehensiveIncomeAbstract" xlink:type="locator" />
    <link:label xlink:type="resource" xlink:role="http://www.xbrl.org/2003/role/label" xlink:label="Label_label_entity00503668_udf_IS_2019103115590513_StatementOfComprehensiveIncomeAbstract_en" xml:lang="en" id="Label_label_entity00503668_udf_IS_2019103115590513_StatementOfComprehensiveIncomeAbstract_en">Profits (losses) on investments in associates and joint ventures</link:label>
    <link:labelArc xlink:arcrole="http://www.xbrl.org/2003/arcrole/concept-label" xlink:from="Loc_entity00503668_udf_IS_2019103115590513_StatementOfComprehensiveIncomeAbstract" xlink:to="Label_label_entity00503668_udf_IS_2019103115590513_StatementOfComprehensiveIncomeAbstract_en" xlink:type="arc" />
    <link:label xlink:type="resource" xlink:role="http://www.xbrl.org/2003/role/documentation" xlink:label="Label_entity00503668_udf_IS_2019103115590513_StatementOfComprehensiveIncomeAbstract_en_doc" xml:lang="en">
    </link:label>
    <link:labelArc xlink:arcrole="http://www.xbrl.org/2003/arcrole/concept-label" xlink:from="Loc_entity00503668_udf_IS_2019103115590513_StatementOfComprehensiveIncomeAbstract" xlink:to="Label_entity00503668_udf_IS_2019103115590513_StatementOfComprehensiveIncomeAbstract_en_doc" xlink:type="arc" />
    <link:loc xlink:href="../00503668_entry_point_2015-11-13.xsd#entity00503668_udf_IS_202186141818150_OtherComprehensiveIncomeThatWillNotBeReclassifiedToProfitOrLossNetOfTax" xlink:label="Loc_entity00503668_udf_IS_202186141818150_OtherComprehensiveIncomeThatWillNotBeReclassifiedToProfitOrLossNetOfTax" xlink:type="locator" />
    <link:label xlink:type="resource" xlink:role="http://www.xbrl.org/2003/role/label" xlink:label="Label_label_entity00503668_udf_IS_202186141818150_OtherComprehensiveIncomeThatWillNotBeReclassifiedToProfitOrLossNetOfTax_en" xml:lang="en" id="Label_label_entity00503668_udf_IS_202186141818150_OtherComprehensiveIncomeThatWillNotBeReclassifiedToProfitOrLossNetOfTax_en">ains (losses) on financial assets measured at fair value through other comprehensive income</link:label>
    <link:labelArc xlink:arcrole="http://www.xbrl.org/2003/arcrole/concept-label" xlink:from="Loc_entity00503668_udf_IS_202186141818150_OtherComprehensiveIncomeThatWillNotBeReclassifiedToProfitOrLossNetOfTax" xlink:to="Label_label_entity00503668_udf_IS_202186141818150_OtherComprehensiveIncomeThatWillNotBeReclassifiedToProfitOrLossNetOfTax_en" xlink:type="arc" />
    <link:label xlink:type="resource" xlink:role="http://www.xbrl.org/2003/role/documentation" xlink:label="Label_entity00503668_udf_IS_202186141818150_OtherComprehensiveIncomeThatWillNotBeReclassifiedToProfitOrLossNetOfTax_en_doc" xml:lang="en">
    </link:label>
    <link:labelArc xlink:arcrole="http://www.xbrl.org/2003/arcrole/concept-label" xlink:from="Loc_entity00503668_udf_IS_202186141818150_OtherComprehensiveIncomeThatWillNotBeReclassifiedToProfitOrLossNetOfTax" xlink:to="Label_entity00503668_udf_IS_202186141818150_OtherComprehensiveIncomeThatWillNotBeReclassifiedToProfitOrLossNetOfTax_en_doc" xlink:type="arc" />
    <link:loc xlink:href="../00503668_entry_point_2015-11-13.xsd#entity00503668_udf_CF_2017103118429130_CashFlowsFromUsedInInvestingActivities" xlink:label="Loc_entity00503668_udf_CF_2017103118429130_CashFlowsFromUsedInInvestingActivities" xlink:type="locator" />
    <link:label xlink:type="resource" xlink:role="http://www.xbrl.org/2003/role/label" xlink:label="Label_label_entity00503668_udf_CF_2017103118429130_CashFlowsFromUsedInInvestingActivities_en" xml:lang="en" id="Label_label_entity00503668_udf_CF_2017103118429130_CashFlowsFromUsedInInvestingActivities_en">Payments of other Payables(Purchase of tangible and  intangible assets)</link:label>
    <link:labelArc xlink:arcrole="http://www.xbrl.org/2003/arcrole/concept-label" xlink:from="Loc_entity00503668_udf_CF_2017103118429130_CashFlowsFromUsedInInvestingActivities" xlink:to="Label_label_entity00503668_udf_CF_2017103118429130_CashFlowsFromUsedInInvestingActivities_en" xlink:type="arc" />
    <link:label xlink:type="resource" xlink:role="http://www.xbrl.org/2003/role/documentation" xlink:label="Label_entity00503668_udf_CF_2017103118429130_CashFlowsFromUsedInInvestingActivities_en_doc" xml:lang="en">
    </link:label>
    <link:labelArc xlink:arcrole="http://www.xbrl.org/2003/arcrole/concept-label" xlink:from="Loc_entity00503668_udf_CF_2017103118429130_CashFlowsFromUsedInInvestingActivities" xlink:to="Label_entity00503668_udf_CF_2017103118429130_CashFlowsFromUsedInInvestingActivities_en_doc" xlink:type="arc" />
    <link:loc xlink:href="http://dart.fss.or.kr/Resource/Taxonomy/ifrs/2019-10-01/dart_2019-10-01.xsd#dart_ProceedsFromSalesOfNonCurrentAssetsOrDisposalGroupsClassifiedAsHeldForSale" xlink:label="Loc_dart_ProceedsFromSalesOfNonCurrentAssetsOrDisposalGroupsClassifiedAsHeldForSale" xlink:type="locator" />
    <link:label xlink:type="resource" xlink:role="http://www.xbrl.org/2003/role/label" xlink:label="Label_label_dart_ProceedsFromSalesOfNonCurrentAssetsOrDisposalGroupsClassifiedAsHeldForSale_en" xml:lang="en" id="Label_label_dart_ProceedsFromSalesOfNonCurrentAssetsOrDisposalGroupsClassifiedAsHeldForSale_en">Proceeds from sales of non-current assets classified as held for sale</link:label>
    <link:labelArc xlink:arcrole="http://www.xbrl.org/2003/arcrole/concept-label" xlink:from="Loc_dart_ProceedsFromSalesOfNonCurrentAssetsOrDisposalGroupsClassifiedAsHeldForSale" xlink:to="Label_label_dart_ProceedsFromSalesOfNonCurrentAssetsOrDisposalGroupsClassifiedAsHeldForSale_en" xlink:type="arc" priority="1" />
    <link:loc xlink:href="http://dart.fss.or.kr/Resource/Taxonomy/ifrs/2019-10-01/dart_2019-10-01.xsd#dart_ProceedsFromSalesOfFinanceLeaseAssets" xlink:label="Loc_dart_ProceedsFromSalesOfFinanceLeaseAssets" xlink:type="locator" />
    <link:label xlink:type="resource" xlink:role="http://www.xbrl.org/2003/role/label" xlink:label="Label_label_dart_ProceedsFromSalesOfFinanceLeaseAssets_en" xml:lang="en" id="Label_label_dart_ProceedsFromSalesOfFinanceLeaseAssets_en">Proceeds from sales of lease assets</link:label>
    <link:labelArc xlink:arcrole="http://www.xbrl.org/2003/arcrole/concept-label" xlink:from="Loc_dart_ProceedsFromSalesOfFinanceLeaseAssets" xlink:to="Label_label_dart_ProceedsFromSalesOfFinanceLeaseAssets_en" xlink:type="arc" priority="1" />
    <link:loc xlink:href="../00503668_entry_point_2015-11-13.xsd#entity00503668_udf_CF_20198715331243_CashFlowsFromUsedInFinancingActivities" xlink:label="Loc_entity00503668_udf_CF_20198715331243_CashFlowsFromUsedInFinancingActivities" xlink:type="locator" />
    <link:label xlink:type="resource" xlink:role="http://www.xbrl.org/2003/role/label" xlink:label="Label_label_entity00503668_udf_CF_20198715331243_CashFlowsFromUsedInFinancingActivities_en" xml:lang="en" id="Label_label_entity00503668_udf_CF_20198715331243_CashFlowsFromUsedInFinancingActivities_en">Repayments of current portion of long term liabilities</link:label>
    <link:labelArc xlink:arcrole="http://www.xbrl.org/2003/arcrole/concept-label" xlink:from="Loc_entity00503668_udf_CF_20198715331243_CashFlowsFromUsedInFinancingActivities" xlink:to="Label_label_entity00503668_udf_CF_20198715331243_CashFlowsFromUsedInFinancingActivities_en" xlink:type="arc" />
    <link:label xlink:type="resource" xlink:role="http://www.xbrl.org/2003/role/documentation" xlink:label="Label_entity00503668_udf_CF_20198715331243_CashFlowsFromUsedInFinancingActivities_en_doc" xml:lang="en">
    </link:label>
    <link:labelArc xlink:arcrole="http://www.xbrl.org/2003/arcrole/concept-label" xlink:from="Loc_entity00503668_udf_CF_20198715331243_CashFlowsFromUsedInFinancingActivities" xlink:to="Label_entity00503668_udf_CF_20198715331243_CashFlowsFromUsedInFinancingActivities_en_doc" xlink:type="arc" />
    <link:loc xlink:href="http://dart.fss.or.kr/Resource/Taxonomy/ifrs/2019-10-01/full_ifrs-cor_2019-03-27.xsd#ifrs-full_PaymentsOfFinanceLeaseLiabilitiesClassifiedAsFinancingActivities" xlink:label="Loc_ifrs-full_PaymentsOfFinanceLeaseLiabilitiesClassifiedAsFinancingActivities" xlink:type="locator" />
    <link:label xlink:type="resource" xlink:role="http://www.xbrl.org/2009/role/negatedTerseLabel" xlink:label="Label_negatedTerseLabel_ifrs-full_PaymentsOfFinanceLeaseLiabilitiesClassifiedAsFinancingActivities_en" xml:lang="en" id="Label_negatedTerseLabel_ifrs-full_PaymentsOfFinanceLeaseLiabilitiesClassifiedAsFinancingActivities_en">Payments of lease liabilities</link:label>
    <link:labelArc xlink:arcrole="http://www.xbrl.org/2003/arcrole/concept-label" xlink:from="Loc_ifrs-full_PaymentsOfFinanceLeaseLiabilitiesClassifiedAsFinancingActivities" xlink:to="Label_negatedTerseLabel_ifrs-full_PaymentsOfFinanceLeaseLiabilitiesClassifiedAsFinancingActivities_en" xlink:type="arc" priority="1" />
    <link:loc xlink:href="../00503668_entry_point_2015-11-13.xsd#entity00503668_udf_CF_2019103116276836_CashFlowsFromUsedInInvestingActivities" xlink:label="Loc_entity00503668_udf_CF_2019103116276836_CashFlowsFromUsedInInvestingActivities" xlink:type="locator" />
    <link:label xlink:type="resource" xlink:role="http://www.xbrl.org/2003/role/label" xlink:label="Label_label_entity00503668_udf_CF_2019103116276836_CashFlowsFromUsedInInvestingActivities_en" xml:lang="en" id="Label_label_entity00503668_udf_CF_2019103116276836_CashFlowsFromUsedInInvestingActivities_en">Payments of other Payables(Purchase of tangible and  intangible assets)</link:label>
    <link:labelArc xlink:arcrole="http://www.xbrl.org/2003/arcrole/concept-label" xlink:from="Loc_entity00503668_udf_CF_2019103116276836_CashFlowsFromUsedInInvestingActivities" xlink:to="Label_label_entity00503668_udf_CF_2019103116276836_CashFlowsFromUsedInInvestingActivities_en" xlink:type="arc" />
    <link:label xlink:type="resource" xlink:role="http://www.xbrl.org/2003/role/documentation" xlink:label="Label_entity00503668_udf_CF_2019103116276836_CashFlowsFromUsedInInvestingActivities_en_doc" xml:lang="en">
    </link:label>
    <link:labelArc xlink:arcrole="http://www.xbrl.org/2003/arcrole/concept-label" xlink:from="Loc_entity00503668_udf_CF_2019103116276836_CashFlowsFromUsedInInvestingActivities" xlink:to="Label_entity00503668_udf_CF_2019103116276836_CashFlowsFromUsedInInvestingActivities_en_doc" xlink:type="arc" />
    <link:loc xlink:href="../00503668_entry_point_2015-11-13.xsd#entity00503668_udf_CF_2019103116400880_CashFlowsFromUsedInFinancingActivities" xlink:label="Loc_entity00503668_udf_CF_2019103116400880_CashFlowsFromUsedInFinancingActivities" xlink:type="locator" />
    <link:label xlink:type="resource" xlink:role="http://www.xbrl.org/2003/role/label" xlink:label="Label_label_entity00503668_udf_CF_2019103116400880_CashFlowsFromUsedInFinancingActivities_en" xml:lang="en" id="Label_label_entity00503668_udf_CF_2019103116400880_CashFlowsFromUsedInFinancingActivities_en">Repayments of current portion of long term liabilities</link:label>
    <link:labelArc xlink:arcrole="http://www.xbrl.org/2003/arcrole/concept-label" xlink:from="Loc_entity00503668_udf_CF_2019103116400880_CashFlowsFromUsedInFinancingActivities" xlink:to="Label_label_entity00503668_udf_CF_2019103116400880_CashFlowsFromUsedInFinancingActivities_en" xlink:type="arc" />
    <link:label xlink:type="resource" xlink:role="http://www.xbrl.org/2003/role/documentation" xlink:label="Label_entity00503668_udf_CF_2019103116400880_CashFlowsFromUsedInFinancingActivities_en_doc" xml:lang="en">
    </link:label>
    <link:labelArc xlink:arcrole="http://www.xbrl.org/2003/arcrole/concept-label" xlink:from="Loc_entity00503668_udf_CF_2019103116400880_CashFlowsFromUsedInFinancingActivities" xlink:to="Label_entity00503668_udf_CF_2019103116400880_CashFlowsFromUsedInFinancingActivities_en_doc" xlink:type="arc" />
    <link:loc xlink:href="http://dart.fss.or.kr/Resource/Taxonomy/ifrs/2019-10-01/full_ifrs-cor_2019-03-27.xsd#ifrs-full_NoncurrentAssetsOrDisposalGroupsClassifiedAsHeldForSaleOrAsHeldForDistributionToOwners" xlink:label="Loc_ifrs-full_NoncurrentAssetsOrDisposalGroupsClassifiedAsHeldForSaleOrAsHeldForDistributionToOwners" xlink:type="locator" />
    <link:label xlink:type="resource" xlink:role="http://www.xbrl.org/2003/role/label" xlink:label="Label_label_ifrs-full_NoncurrentAssetsOrDisposalGroupsClassifiedAsHeldForSaleOrAsHeldForDistributionToOwners_en" xml:lang="en" id="Label_label_ifrs-full_NoncurrentAssetsOrDisposalGroupsClassifiedAsHeldForSaleOrAsHeldForDistributionToOwners_en">Non-current assets classified as held for sale</link:label>
    <link:labelArc xlink:arcrole="http://www.xbrl.org/2003/arcrole/concept-label" xlink:from="Loc_ifrs-full_NoncurrentAssetsOrDisposalGroupsClassifiedAsHeldForSaleOrAsHeldForDistributionToOwners" xlink:to="Label_label_ifrs-full_NoncurrentAssetsOrDisposalGroupsClassifiedAsHeldForSaleOrAsHeldForDistributionToOwners_en" xlink:type="arc" priority="1" />
    <link:loc xlink:href="http://dart.fss.or.kr/Resource/Taxonomy/ifrs/2019-10-01/full_ifrs-cor_2019-03-27.xsd#ifrs-full_IntangibleAssetsOtherThanGoodwill" xlink:label="Loc_ifrs-full_IntangibleAssetsOtherThanGoodwill" xlink:type="locator" />
    <link:label xlink:type="resource" xlink:role="http://www.xbrl.org/2003/role/label" xlink:label="Label_label_ifrs-full_IntangibleAssetsOtherThanGoodwill_en" xml:lang="en" id="Label_label_ifrs-full_IntangibleAssetsOtherThanGoodwill_en">Intangible assets</link:label>
    <link:labelArc xlink:arcrole="http://www.xbrl.org/2003/arcrole/concept-label" xlink:from="Loc_ifrs-full_IntangibleAssetsOtherThanGoodwill" xlink:to="Label_label_ifrs-full_IntangibleAssetsOtherThanGoodwill_en" xlink:type="arc" priority="1" />
    <link:loc xlink:href="http://dart.fss.or.kr/Resource/Taxonomy/ifrs/2019-10-01/full_ifrs-cor_2019-03-27.xsd#ifrs-full_InvestmentsInSubsidiariesJointVenturesAndAssociates" xlink:label="Loc_ifrs-full_InvestmentsInSubsidiariesJointVenturesAndAssociates" xlink:type="locator" />
    <link:label xlink:type="resource" xlink:role="http://www.xbrl.org/2003/role/label" xlink:label="Label_label_ifrs-full_InvestmentsInSubsidiariesJointVenturesAndAssociates_en" xml:lang="en" id="Label_label_ifrs-full_InvestmentsInSubsidiariesJointVenturesAndAssociates_en">Investments in subsidiaries, associates and joint ventures</link:label>
    <link:labelArc xlink:arcrole="http://www.xbrl.org/2003/arcrole/concept-label" xlink:from="Loc_ifrs-full_InvestmentsInSubsidiariesJointVenturesAndAssociates" xlink:to="Label_label_ifrs-full_InvestmentsInSubsidiariesJointVenturesAndAssociates_en" xlink:type="arc" priority="1" />
    <link:loc xlink:href="http://dart.fss.or.kr/Resource/Taxonomy/ifrs/2019-10-01/full_ifrs-cor_2019-03-27.xsd#ifrs-full_InvestmentsInAssociates" xlink:label="Loc_ifrs-full_InvestmentsInAssociates" xlink:type="locator" />
    <link:label xlink:type="resource" xlink:role="http://www.xbrl.org/2003/role/label" xlink:label="Label_label_ifrs-full_InvestmentsInAssociates_en" xml:lang="en" id="Label_label_ifrs-full_InvestmentsInAssociates_en">Investments in associates and joint ventures</link:label>
    <link:labelArc xlink:arcrole="http://www.xbrl.org/2003/arcrole/concept-label" xlink:from="Loc_ifrs-full_InvestmentsInAssociates" xlink:to="Label_label_ifrs-full_InvestmentsInAssociates_en" xlink:type="arc" priority="1" />
    <link:loc xlink:href="http://dart.fss.or.kr/Resource/Taxonomy/ifrs/2019-10-01/dart_2019-10-01.xsd#dart_PostemploymentBenefitObligations" xlink:label="Loc_dart_PostemploymentBenefitObligations" xlink:type="locator" />
    <link:label xlink:type="resource" xlink:role="http://www.xbrl.org/2003/role/label" xlink:label="Label_label_dart_PostemploymentBenefitObligations_en" xml:lang="en" id="Label_label_dart_PostemploymentBenefitObligations_en">Employee benefits</link:label>
    <link:labelArc xlink:arcrole="http://www.xbrl.org/2003/arcrole/concept-label" xlink:from="Loc_dart_PostemploymentBenefitObligations" xlink:to="Label_label_dart_PostemploymentBenefitObligations_en" xlink:type="arc" priority="1" />
  </link:labelLink>
</link:linkbase>