<?xml version="1.0" encoding="UTF-8"?>
<!-- Generated by DART -->
<link:linkbase xmlns:link="http://www.xbrl.org/2003/linkbase" xmlns:xlink="http://www.w3.org/1999/xlink" xmlns:xsi="http://www.w3.org/2001/XMLSchema-instance" xmlns:xbrli="http://www.xbrl.org/2003/instance" xsi:schemaLocation="http://www.xbrl.org/2003/linkbase http://www.xbrl.org/2003/xbrl-linkbase-2003-12-31.xsd">
  <link:roleRef roleURI="http://www.xbrl.org/2009/role/negatedLabel" xlink:type="simple" xlink:href="http://www.xbrl.org/lrr/role/negated-2009-12-16.xsd#negatedLabel" />
  <link:roleRef roleURI="http://www.xbrl.org/2009/role/negatedTerseLabel" xlink:type="simple" xlink:href="http://www.xbrl.org/lrr/role/negated-2009-12-16.xsd#negatedTerseLabel" />
  <link:roleRef roleURI="http://www.xbrl.org/2009/role/negatedTotalLabel" xlink:type="simple" xlink:href="http://www.xbrl.org/lrr/role/negated-2009-12-16.xsd#negatedTotalLabel" />
  <link:roleRef roleURI="http://www.xbrl.org/2009/role/negatedPeriodStartLabel" xlink:type="simple" xlink:href="http://www.xbrl.org/lrr/role/negated-2009-12-16.xsd#negatedPeriodStartLabel" />
  <link:roleRef roleURI="http://www.xbrl.org/2009/role/negatedPeriodEndLabel" xlink:type="simple" xlink:href="http://www.xbrl.org/lrr/role/negated-2009-12-16.xsd#negatedPeriodEndLabel" />
  <link:roleRef roleURI="http://www.xbrl.org/2009/role/netLabel" xlink:type="simple" xlink:href="http://www.xbrl.org/lrr/role/net-2009-12-16.xsd#netLabel" />
  <link:roleRef roleURI="http://dart.fss.or.kr/role/2019-10-01/ifrs/dart_label" xlink:type="simple" xlink:href="http://dart.fss.or.kr/Resource/Taxonomy/ifrs/2019-10-01/ifrs_for_dart/rol_dart-label_2019-10-01.xsd#dartLabel" />
  <link:labelLink xlink:type="extended" xlink:role="http://www.xbrl.org/2003/role/link">
    <link:loc xlink:href="http://dart.fss.or.kr/Resource/Taxonomy/ifrs/2019-10-01/full_ifrs-cor_2019-03-27.xsd#ifrs-full_Revenue" xlink:label="Loc_ifrs-full_Revenue" xlink:type="locator" />
    <link:label xlink:type="resource" xlink:role="http://www.xbrl.org/2003/role/label" xlink:label="Label_label_ifrs-full_Revenue_ko" xml:lang="ko" id="Label_label_ifrs-full_Revenue_ko">매출액</link:label>
    <link:labelArc xlink:arcrole="http://www.xbrl.org/2003/arcrole/concept-label" xlink:from="Loc_ifrs-full_Revenue" xlink:to="Label_label_ifrs-full_Revenue_ko" xlink:type="arc" priority="1" />
    <link:loc xlink:href="http://dart.fss.or.kr/Resource/Taxonomy/ifrs/2019-10-01/dart_2019-10-01.xsd#dart_OperatingIncomeLoss" xlink:label="Loc_dart_OperatingIncomeLoss" xlink:type="locator" />
    <link:label xlink:type="resource" xlink:role="http://www.xbrl.org/2003/role/label" xlink:label="Label_label_dart_OperatingIncomeLoss_ko" xml:lang="ko" id="Label_label_dart_OperatingIncomeLoss_ko">영업이익</link:label>
    <link:labelArc xlink:arcrole="http://www.xbrl.org/2003/arcrole/concept-label" xlink:from="Loc_dart_OperatingIncomeLoss" xlink:to="Label_label_dart_OperatingIncomeLoss_ko" xlink:type="arc" priority="1" />
    <link:loc xlink:href="http://dart.fss.or.kr/Resource/Taxonomy/ifrs/2019-10-01/full_ifrs-cor_2019-03-27.xsd#ifrs-full_FinanceCosts" xlink:label="Loc_ifrs-full_FinanceCosts" xlink:type="locator" />
    <link:label xlink:type="resource" xlink:role="http://www.xbrl.org/2003/role/label" xlink:label="Label_label_ifrs-full_FinanceCosts_ko" xml:lang="ko" id="Label_label_ifrs-full_FinanceCosts_ko">금융비용</link:label>
    <link:labelArc xlink:arcrole="http://www.xbrl.org/2003/arcrole/concept-label" xlink:from="Loc_ifrs-full_FinanceCosts" xlink:to="Label_label_ifrs-full_FinanceCosts_ko" xlink:type="arc" priority="1" />
    <link:loc xlink:href="http://dart.fss.or.kr/Resource/Taxonomy/ifrs/2019-10-01/dart_2019-10-01.xsd#dart_OtherGains" xlink:label="Loc_dart_OtherGains" xlink:type="locator" />
    <link:label xlink:type="resource" xlink:role="http://www.xbrl.org/2003/role/label" xlink:label="Label_label_dart_OtherGains_ko" xml:lang="ko" id="Label_label_dart_OtherGains_ko">기타 영업외수익</link:label>
    <link:labelArc xlink:arcrole="http://www.xbrl.org/2003/arcrole/concept-label" xlink:from="Loc_dart_OtherGains" xlink:to="Label_label_dart_OtherGains_ko" xlink:type="arc" priority="1" />
    <link:loc xlink:href="http://dart.fss.or.kr/Resource/Taxonomy/ifrs/2019-10-01/dart_2019-10-01.xsd#dart_OtherLosses" xlink:label="Loc_dart_OtherLosses" xlink:type="locator" />
    <link:label xlink:type="resource" xlink:role="http://www.xbrl.org/2003/role/label" xlink:label="Label_label_dart_OtherLosses_ko" xml:lang="ko" id="Label_label_dart_OtherLosses_ko">기타 영업외비용</link:label>
    <link:labelArc xlink:arcrole="http://www.xbrl.org/2003/arcrole/concept-label" xlink:from="Loc_dart_OtherLosses" xlink:to="Label_label_dart_OtherLosses_ko" xlink:type="arc" priority="1" />
    <link:loc xlink:href="http://dart.fss.or.kr/Resource/Taxonomy/ifrs/2019-10-01/full_ifrs-cor_2019-03-27.xsd#ifrs-full_IncomeTaxExpenseContinuingOperations" xlink:label="Loc_ifrs-full_IncomeTaxExpenseContinuingOperations" xlink:type="locator" />
    <link:label xlink:type="resource" xlink:role="http://www.xbrl.org/2009/role/negatedTerseLabel" xlink:label="Label_negatedTerseLabel_ifrs-full_IncomeTaxExpenseContinuingOperations_ko" xml:lang="ko" id="Label_negatedTerseLabel_ifrs-full_IncomeTaxExpenseContinuingOperations_ko">법인세비용(수익)</link:label>
    <link:labelArc xlink:arcrole="http://www.xbrl.org/2003/arcrole/concept-label" xlink:from="Loc_ifrs-full_IncomeTaxExpenseContinuingOperations" xlink:to="Label_negatedTerseLabel_ifrs-full_IncomeTaxExpenseContinuingOperations_ko" xlink:type="arc" priority="1" />
    <link:loc xlink:href="http://dart.fss.or.kr/Resource/Taxonomy/ifrs/2019-10-01/dart_2019-10-01.xsd#dart_OtherComprehensiveIncomeThatWillBeReclassifiedToProfitOrLossNetOfTax" xlink:label="Loc_dart_OtherComprehensiveIncomeThatWillBeReclassifiedToProfitOrLossNetOfTax" xlink:type="locator" />
    <link:label xlink:type="resource" xlink:role="http://dart.fss.or.kr/role/2019-10-01/ifrs/dart_label" xlink:label="Label_dart_label_dart_OtherComprehensiveIncomeThatWillBeReclassifiedToProfitOrLossNetOfTax_ko" xml:lang="ko" id="Label_dart_label_dart_OtherComprehensiveIncomeThatWillBeReclassifiedToProfitOrLossNetOfTax_ko">후속적으로 당기손익으로 재분류되는 세후기타포괄손익:</link:label>
    <link:labelArc xlink:arcrole="http://www.xbrl.org/2003/arcrole/concept-label" xlink:from="Loc_dart_OtherComprehensiveIncomeThatWillBeReclassifiedToProfitOrLossNetOfTax" xlink:to="Label_dart_label_dart_OtherComprehensiveIncomeThatWillBeReclassifiedToProfitOrLossNetOfTax_ko" xlink:type="arc" priority="1" />
    <link:loc xlink:href="http://dart.fss.or.kr/Resource/Taxonomy/ifrs/2019-10-01/full_ifrs-cor_2019-03-27.xsd#ifrs-full_GainsLossesOnExchangeDifferencesOnTranslationNetOfTax" xlink:label="Loc_ifrs-full_GainsLossesOnExchangeDifferencesOnTranslationNetOfTax" xlink:type="locator" />
    <link:label xlink:type="resource" xlink:role="http://dart.fss.or.kr/role/2019-10-01/ifrs/dart_label" xlink:label="Label_dart_label_ifrs-full_GainsLossesOnExchangeDifferencesOnTranslationNetOfTax_ko" xml:lang="ko" id="Label_dart_label_ifrs-full_GainsLossesOnExchangeDifferencesOnTranslationNetOfTax_ko"> 해외사업환산손익</link:label>
    <link:labelArc xlink:arcrole="http://www.xbrl.org/2003/arcrole/concept-label" xlink:from="Loc_ifrs-full_GainsLossesOnExchangeDifferencesOnTranslationNetOfTax" xlink:to="Label_dart_label_ifrs-full_GainsLossesOnExchangeDifferencesOnTranslationNetOfTax_ko" xlink:type="arc" priority="1" />
    <link:loc xlink:href="http://dart.fss.or.kr/Resource/Taxonomy/ifrs/2019-10-01/full_ifrs-cor_2019-03-27.xsd#ifrs-full_GainsLossesOnCashFlowHedgesNetOfTax" xlink:label="Loc_ifrs-full_GainsLossesOnCashFlowHedgesNetOfTax" xlink:type="locator" />
    <link:label xlink:type="resource" xlink:role="http://dart.fss.or.kr/role/2019-10-01/ifrs/dart_label" xlink:label="Label_dart_label_ifrs-full_GainsLossesOnCashFlowHedgesNetOfTax_ko" xml:lang="ko" id="Label_dart_label_ifrs-full_GainsLossesOnCashFlowHedgesNetOfTax_ko">파생상품평가손익</link:label>
    <link:labelArc xlink:arcrole="http://www.xbrl.org/2003/arcrole/concept-label" xlink:from="Loc_ifrs-full_GainsLossesOnCashFlowHedgesNetOfTax" xlink:to="Label_dart_label_ifrs-full_GainsLossesOnCashFlowHedgesNetOfTax_ko" xlink:type="arc" priority="1" />
    <link:loc xlink:href="http://dart.fss.or.kr/Resource/Taxonomy/ifrs/2019-10-01/dart_2019-10-01.xsd#dart_OtherComprehensiveIncomeThatWillNotBeReclassifiedToProfitOrLossNetOfTax" xlink:label="Loc_dart_OtherComprehensiveIncomeThatWillNotBeReclassifiedToProfitOrLossNetOfTax" xlink:type="locator" />
    <link:label xlink:type="resource" xlink:role="http://dart.fss.or.kr/role/2019-10-01/ifrs/dart_label" xlink:label="Label_dart_label_dart_OtherComprehensiveIncomeThatWillNotBeReclassifiedToProfitOrLossNetOfTax_ko" xml:lang="ko" id="Label_dart_label_dart_OtherComprehensiveIncomeThatWillNotBeReclassifiedToProfitOrLossNetOfTax_ko">후속적으로 당기손익으로 재분류되지 않는 세후기타포괄손익:</link:label>
    <link:labelArc xlink:arcrole="http://www.xbrl.org/2003/arcrole/concept-label" xlink:from="Loc_dart_OtherComprehensiveIncomeThatWillNotBeReclassifiedToProfitOrLossNetOfTax" xlink:to="Label_dart_label_dart_OtherComprehensiveIncomeThatWillNotBeReclassifiedToProfitOrLossNetOfTax_ko" xlink:type="arc" priority="1" />
    <link:loc xlink:href="http://dart.fss.or.kr/Resource/Taxonomy/ifrs/2019-10-01/full_ifrs-cor_2019-03-27.xsd#ifrs-full_OtherComprehensiveIncomeNetOfTaxGainsLossesOnRevaluation" xlink:label="Loc_ifrs-full_OtherComprehensiveIncomeNetOfTaxGainsLossesOnRevaluation" xlink:type="locator" />
    <link:label xlink:type="resource" xlink:role="http://dart.fss.or.kr/role/2019-10-01/ifrs/dart_label" xlink:label="Label_dart_label_ifrs-full_OtherComprehensiveIncomeNetOfTaxGainsLossesOnRevaluation_ko" xml:lang="ko" id="Label_dart_label_ifrs-full_OtherComprehensiveIncomeNetOfTaxGainsLossesOnRevaluation_ko">유형자산재평가이익(손실)</link:label>
    <link:labelArc xlink:arcrole="http://www.xbrl.org/2003/arcrole/concept-label" xlink:from="Loc_ifrs-full_OtherComprehensiveIncomeNetOfTaxGainsLossesOnRevaluation" xlink:to="Label_dart_label_ifrs-full_OtherComprehensiveIncomeNetOfTaxGainsLossesOnRevaluation_ko" xlink:type="arc" priority="1" />
    <link:loc xlink:href="http://dart.fss.or.kr/Resource/Taxonomy/ifrs/2019-10-01/full_ifrs-cor_2019-03-27.xsd#ifrs-full_OtherComprehensiveIncomeNetOfTaxGainsLossesFromInvestmentsInEquityInstruments" xlink:label="Loc_ifrs-full_OtherComprehensiveIncomeNetOfTaxGainsLossesFromInvestmentsInEquityInstruments" xlink:type="locator" />
    <link:label xlink:type="resource" xlink:role="http://dart.fss.or.kr/role/2019-10-01/ifrs/dart_label" xlink:label="Label_dart_label_ifrs-full_OtherComprehensiveIncomeNetOfTaxGainsLossesFromInvestmentsInEquityInstruments_ko" xml:lang="ko" id="Label_dart_label_ifrs-full_OtherComprehensiveIncomeNetOfTaxGainsLossesFromInvestmentsInEquityInstruments_ko">기타포괄손익-공정가치측정금융자산평가손익</link:label>
    <link:labelArc xlink:arcrole="http://www.xbrl.org/2003/arcrole/concept-label" xlink:from="Loc_ifrs-full_OtherComprehensiveIncomeNetOfTaxGainsLossesFromInvestmentsInEquityInstruments" xlink:to="Label_dart_label_ifrs-full_OtherComprehensiveIncomeNetOfTaxGainsLossesFromInvestmentsInEquityInstruments_ko" xlink:type="arc" priority="1" />
    <link:loc xlink:href="../01205851_entry_point_2017-06-30.xsd#entity01205851_udf_IS_202338112344457_OtherComprehensiveIncomeThatWillNotBeReclassifiedToProfitOrLossNetOfTax" xlink:label="Loc_entity01205851_udf_IS_202338112344457_OtherComprehensiveIncomeThatWillNotBeReclassifiedToProfitOrLossNetOfTax" xlink:type="locator" />
    <link:label xlink:type="resource" xlink:role="http://www.xbrl.org/2003/role/label" xlink:label="Label_label_entity01205851_udf_IS_202338112344457_OtherComprehensiveIncomeThatWillNotBeReclassifiedToProfitOrLossNetOfTax_ko" xml:lang="ko" id="Label_label_entity01205851_udf_IS_202338112344457_OtherComprehensiveIncomeThatWillNotBeReclassifiedToProfitOrLossNetOfTax_ko">보험수리적이익(손실)</link:label>
    <link:labelArc xlink:arcrole="http://www.xbrl.org/2003/arcrole/concept-label" xlink:from="Loc_entity01205851_udf_IS_202338112344457_OtherComprehensiveIncomeThatWillNotBeReclassifiedToProfitOrLossNetOfTax" xlink:to="Label_label_entity01205851_udf_IS_202338112344457_OtherComprehensiveIncomeThatWillNotBeReclassifiedToProfitOrLossNetOfTax_ko" xlink:type="arc" />
    <link:label xlink:type="resource" xlink:role="http://www.xbrl.org/2003/role/documentation" xlink:label="Label_entity01205851_udf_IS_202338112344457_OtherComprehensiveIncomeThatWillNotBeReclassifiedToProfitOrLossNetOfTax_ko_doc" xml:lang="ko">
    </link:label>
    <link:labelArc xlink:arcrole="http://www.xbrl.org/2003/arcrole/concept-label" xlink:from="Loc_entity01205851_udf_IS_202338112344457_OtherComprehensiveIncomeThatWillNotBeReclassifiedToProfitOrLossNetOfTax" xlink:to="Label_entity01205851_udf_IS_202338112344457_OtherComprehensiveIncomeThatWillNotBeReclassifiedToProfitOrLossNetOfTax_ko_doc" xlink:type="arc" />
    <link:loc xlink:href="http://dart.fss.or.kr/Resource/Taxonomy/ifrs/2019-10-01/full_ifrs-cor_2019-03-27.xsd#ifrs-full_ComprehensiveIncome" xlink:label="Loc_ifrs-full_ComprehensiveIncome" xlink:type="locator" />
    <link:label xlink:type="resource" xlink:role="http://www.xbrl.org/2003/role/totalLabel" xlink:label="Label_totalLabel_ifrs-full_ComprehensiveIncome_ko" xml:lang="ko" id="Label_totalLabel_ifrs-full_ComprehensiveIncome_ko">총포괄이익(손실)</link:label>
    <link:labelArc xlink:arcrole="http://www.xbrl.org/2003/arcrole/concept-label" xlink:from="Loc_ifrs-full_ComprehensiveIncome" xlink:to="Label_totalLabel_ifrs-full_ComprehensiveIncome_ko" xlink:type="arc" priority="1" />
    <link:loc xlink:href="http://dart.fss.or.kr/Resource/Taxonomy/ifrs/2019-10-01/full_ifrs-cor_2019-03-27.xsd#ifrs-full_EarningsPerShareAbstract" xlink:label="Loc_ifrs-full_EarningsPerShareAbstract" xlink:type="locator" />
    <link:label xlink:type="resource" xlink:role="http://www.xbrl.org/2003/role/label" xlink:label="Label_label_ifrs-full_EarningsPerShareAbstract_ko" xml:lang="ko" id="Label_label_ifrs-full_EarningsPerShareAbstract_ko">지배기업의 소유주지분에 대한 주당손익</link:label>
    <link:labelArc xlink:arcrole="http://www.xbrl.org/2003/arcrole/concept-label" xlink:from="Loc_ifrs-full_EarningsPerShareAbstract" xlink:to="Label_label_ifrs-full_EarningsPerShareAbstract_ko" xlink:type="arc" priority="1" />
    <link:loc xlink:href="../01205851_entry_point_2017-06-30.xsd#entity01205851_udf_IS_2018518222636246_StatementOfComprehensiveIncomeAbstract" xlink:label="Loc_entity01205851_udf_IS_2018518222636246_StatementOfComprehensiveIncomeAbstract" xlink:type="locator" />
    <link:label xlink:type="resource" xlink:role="http://www.xbrl.org/2003/role/label" xlink:label="Label_label_entity01205851_udf_IS_2018518222636246_StatementOfComprehensiveIncomeAbstract_ko" xml:lang="ko" id="Label_label_entity01205851_udf_IS_2018518222636246_StatementOfComprehensiveIncomeAbstract_ko">주당손익</link:label>
    <link:labelArc xlink:arcrole="http://www.xbrl.org/2003/arcrole/concept-label" xlink:from="Loc_entity01205851_udf_IS_2018518222636246_StatementOfComprehensiveIncomeAbstract" xlink:to="Label_label_entity01205851_udf_IS_2018518222636246_StatementOfComprehensiveIncomeAbstract_ko" xlink:type="arc" />
    <link:label xlink:type="resource" xlink:role="http://www.xbrl.org/2003/role/documentation" xlink:label="Label_entity01205851_udf_IS_2018518222636246_StatementOfComprehensiveIncomeAbstract_ko_doc" xml:lang="ko">
    </link:label>
    <link:labelArc xlink:arcrole="http://www.xbrl.org/2003/arcrole/concept-label" xlink:from="Loc_entity01205851_udf_IS_2018518222636246_StatementOfComprehensiveIncomeAbstract" xlink:to="Label_entity01205851_udf_IS_2018518222636246_StatementOfComprehensiveIncomeAbstract_ko_doc" xlink:type="arc" />
    <link:loc xlink:href="../01205851_entry_point_2017-06-30.xsd#entity01205851_udf_IS_201851822273662_udf_IS_2018518222636246_StatementOfComprehensiveIncomeAbstract" xlink:label="Loc_entity01205851_udf_IS_201851822273662_udf_IS_2018518222636246_StatementOfComprehensiveIncomeAbstract" xlink:type="locator" />
    <link:label xlink:type="resource" xlink:role="http://www.xbrl.org/2003/role/label" xlink:label="Label_label_entity01205851_udf_IS_201851822273662_udf_IS_2018518222636246_StatementOfComprehensiveIncomeAbstract_ko" xml:lang="ko" id="Label_label_entity01205851_udf_IS_201851822273662_udf_IS_2018518222636246_StatementOfComprehensiveIncomeAbstract_ko">기본주당이익(손실)</link:label>
    <link:labelArc xlink:arcrole="http://www.xbrl.org/2003/arcrole/concept-label" xlink:from="Loc_entity01205851_udf_IS_201851822273662_udf_IS_2018518222636246_StatementOfComprehensiveIncomeAbstract" xlink:to="Label_label_entity01205851_udf_IS_201851822273662_udf_IS_2018518222636246_StatementOfComprehensiveIncomeAbstract_ko" xlink:type="arc" />
    <link:label xlink:type="resource" xlink:role="http://www.xbrl.org/2003/role/documentation" xlink:label="Label_entity01205851_udf_IS_201851822273662_udf_IS_2018518222636246_StatementOfComprehensiveIncomeAbstract_ko_doc" xml:lang="ko">
    </link:label>
    <link:labelArc xlink:arcrole="http://www.xbrl.org/2003/arcrole/concept-label" xlink:from="Loc_entity01205851_udf_IS_201851822273662_udf_IS_2018518222636246_StatementOfComprehensiveIncomeAbstract" xlink:to="Label_entity01205851_udf_IS_201851822273662_udf_IS_2018518222636246_StatementOfComprehensiveIncomeAbstract_ko_doc" xlink:type="arc" />
    <link:loc xlink:href="../01205851_entry_point_2017-06-30.xsd#entity01205851_udf_IS_2022811104843665_StatementOfComprehensiveIncomeAbstract" xlink:label="Loc_entity01205851_udf_IS_2022811104843665_StatementOfComprehensiveIncomeAbstract" xlink:type="locator" />
    <link:label xlink:type="resource" xlink:role="http://www.xbrl.org/2003/role/label" xlink:label="Label_label_entity01205851_udf_IS_2022811104843665_StatementOfComprehensiveIncomeAbstract_ko" xml:lang="ko" id="Label_label_entity01205851_udf_IS_2022811104843665_StatementOfComprehensiveIncomeAbstract_ko">지분법손익</link:label>
    <link:labelArc xlink:arcrole="http://www.xbrl.org/2003/arcrole/concept-label" xlink:from="Loc_entity01205851_udf_IS_2022811104843665_StatementOfComprehensiveIncomeAbstract" xlink:to="Label_label_entity01205851_udf_IS_2022811104843665_StatementOfComprehensiveIncomeAbstract_ko" xlink:type="arc" />
    <link:label xlink:type="resource" xlink:role="http://www.xbrl.org/2003/role/documentation" xlink:label="Label_entity01205851_udf_IS_2022811104843665_StatementOfComprehensiveIncomeAbstract_ko_doc" xml:lang="ko">
    </link:label>
    <link:labelArc xlink:arcrole="http://www.xbrl.org/2003/arcrole/concept-label" xlink:from="Loc_entity01205851_udf_IS_2022811104843665_StatementOfComprehensiveIncomeAbstract" xlink:to="Label_entity01205851_udf_IS_2022811104843665_StatementOfComprehensiveIncomeAbstract_ko_doc" xlink:type="arc" />
    <link:loc xlink:href="../01205851_entry_point_2017-06-30.xsd#entity01205851_udf_IS_202337134040472_OtherComprehensiveIncomeThatWillNotBeReclassifiedToProfitOrLossNetOfTax" xlink:label="Loc_entity01205851_udf_IS_202337134040472_OtherComprehensiveIncomeThatWillNotBeReclassifiedToProfitOrLossNetOfTax" xlink:type="locator" />
    <link:label xlink:type="resource" xlink:role="http://www.xbrl.org/2003/role/label" xlink:label="Label_label_entity01205851_udf_IS_202337134040472_OtherComprehensiveIncomeThatWillNotBeReclassifiedToProfitOrLossNetOfTax_ko" xml:lang="ko" id="Label_label_entity01205851_udf_IS_202337134040472_OtherComprehensiveIncomeThatWillNotBeReclassifiedToProfitOrLossNetOfTax_ko">보험수리적이익(손실)</link:label>
    <link:labelArc xlink:arcrole="http://www.xbrl.org/2003/arcrole/concept-label" xlink:from="Loc_entity01205851_udf_IS_202337134040472_OtherComprehensiveIncomeThatWillNotBeReclassifiedToProfitOrLossNetOfTax" xlink:to="Label_label_entity01205851_udf_IS_202337134040472_OtherComprehensiveIncomeThatWillNotBeReclassifiedToProfitOrLossNetOfTax_ko" xlink:type="arc" />
    <link:label xlink:type="resource" xlink:role="http://www.xbrl.org/2003/role/documentation" xlink:label="Label_entity01205851_udf_IS_202337134040472_OtherComprehensiveIncomeThatWillNotBeReclassifiedToProfitOrLossNetOfTax_ko_doc" xml:lang="ko">
    </link:label>
    <link:labelArc xlink:arcrole="http://www.xbrl.org/2003/arcrole/concept-label" xlink:from="Loc_entity01205851_udf_IS_202337134040472_OtherComprehensiveIncomeThatWillNotBeReclassifiedToProfitOrLossNetOfTax" xlink:to="Label_entity01205851_udf_IS_202337134040472_OtherComprehensiveIncomeThatWillNotBeReclassifiedToProfitOrLossNetOfTax_ko_doc" xlink:type="arc" />
    <link:loc xlink:href="http://dart.fss.or.kr/Resource/Taxonomy/ifrs/2019-10-01/full_ifrs-cor_2019-03-27.xsd#ifrs-full_ProfitLossAttributableToOwnersOfParent" xlink:label="Loc_ifrs-full_ProfitLossAttributableToOwnersOfParent" xlink:type="locator" />
    <link:label xlink:type="resource" xlink:role="http://www.xbrl.org/2003/role/label" xlink:label="Label_label_ifrs-full_ProfitLossAttributableToOwnersOfParent_ko" xml:lang="ko" id="Label_label_ifrs-full_ProfitLossAttributableToOwnersOfParent_ko">지배기업의 소유주지분</link:label>
    <link:labelArc xlink:arcrole="http://www.xbrl.org/2003/arcrole/concept-label" xlink:from="Loc_ifrs-full_ProfitLossAttributableToOwnersOfParent" xlink:to="Label_label_ifrs-full_ProfitLossAttributableToOwnersOfParent_ko" xlink:type="arc" priority="1" />
    <link:loc xlink:href="http://dart.fss.or.kr/Resource/Taxonomy/ifrs/2019-10-01/full_ifrs-cor_2019-03-27.xsd#ifrs-full_ProfitLossAttributableToNoncontrollingInterests" xlink:label="Loc_ifrs-full_ProfitLossAttributableToNoncontrollingInterests" xlink:type="locator" />
    <link:label xlink:type="resource" xlink:role="http://www.xbrl.org/2003/role/label" xlink:label="Label_label_ifrs-full_ProfitLossAttributableToNoncontrollingInterests_ko" xml:lang="ko" id="Label_label_ifrs-full_ProfitLossAttributableToNoncontrollingInterests_ko">비지배지분</link:label>
    <link:labelArc xlink:arcrole="http://www.xbrl.org/2003/arcrole/concept-label" xlink:from="Loc_ifrs-full_ProfitLossAttributableToNoncontrollingInterests" xlink:to="Label_label_ifrs-full_ProfitLossAttributableToNoncontrollingInterests_ko" xlink:type="arc" priority="1" />
    <link:loc xlink:href="http://dart.fss.or.kr/Resource/Taxonomy/ifrs/2019-10-01/full_ifrs-cor_2019-03-27.xsd#ifrs-full_ComprehensiveIncomeAttributableToAbstract" xlink:label="Loc_ifrs-full_ComprehensiveIncomeAttributableToAbstract" xlink:type="locator" />
    <link:label xlink:type="resource" xlink:role="http://www.xbrl.org/2003/role/label" xlink:label="Label_label_ifrs-full_ComprehensiveIncomeAttributableToAbstract_ko" xml:lang="ko" id="Label_label_ifrs-full_ComprehensiveIncomeAttributableToAbstract_ko">총 포괄이익(손실)의 귀속</link:label>
    <link:labelArc xlink:arcrole="http://www.xbrl.org/2003/arcrole/concept-label" xlink:from="Loc_ifrs-full_ComprehensiveIncomeAttributableToAbstract" xlink:to="Label_label_ifrs-full_ComprehensiveIncomeAttributableToAbstract_ko" xlink:type="arc" priority="1" />
    <link:loc xlink:href="http://dart.fss.or.kr/Resource/Taxonomy/ifrs/2019-10-01/full_ifrs-cor_2019-03-27.xsd#ifrs-full_ComprehensiveIncomeAttributableToOwnersOfParent" xlink:label="Loc_ifrs-full_ComprehensiveIncomeAttributableToOwnersOfParent" xlink:type="locator" />
    <link:label xlink:type="resource" xlink:role="http://www.xbrl.org/2003/role/label" xlink:label="Label_label_ifrs-full_ComprehensiveIncomeAttributableToOwnersOfParent_ko" xml:lang="ko" id="Label_label_ifrs-full_ComprehensiveIncomeAttributableToOwnersOfParent_ko">지배기업의 소유주지분</link:label>
    <link:labelArc xlink:arcrole="http://www.xbrl.org/2003/arcrole/concept-label" xlink:from="Loc_ifrs-full_ComprehensiveIncomeAttributableToOwnersOfParent" xlink:to="Label_label_ifrs-full_ComprehensiveIncomeAttributableToOwnersOfParent_ko" xlink:type="arc" priority="1" />
    <link:loc xlink:href="http://dart.fss.or.kr/Resource/Taxonomy/ifrs/2019-10-01/full_ifrs-cor_2019-03-27.xsd#ifrs-full_ComprehensiveIncomeAttributableToNoncontrollingInterests" xlink:label="Loc_ifrs-full_ComprehensiveIncomeAttributableToNoncontrollingInterests" xlink:type="locator" />
    <link:label xlink:type="resource" xlink:role="http://www.xbrl.org/2003/role/label" xlink:label="Label_label_ifrs-full_ComprehensiveIncomeAttributableToNoncontrollingInterests_ko" xml:lang="ko" id="Label_label_ifrs-full_ComprehensiveIncomeAttributableToNoncontrollingInterests_ko">비지배지분</link:label>
    <link:labelArc xlink:arcrole="http://www.xbrl.org/2003/arcrole/concept-label" xlink:from="Loc_ifrs-full_ComprehensiveIncomeAttributableToNoncontrollingInterests" xlink:to="Label_label_ifrs-full_ComprehensiveIncomeAttributableToNoncontrollingInterests_ko" xlink:type="arc" priority="1" />
    <link:loc xlink:href="http://dart.fss.or.kr/Resource/Taxonomy/ifrs/2019-10-01/dart_2019-10-01.xsd#dart_ElementsOfOtherStockholdersEquityMember" xlink:label="Loc_dart_ElementsOfOtherStockholdersEquityMember" xlink:type="locator" />
    <link:label xlink:type="resource" xlink:role="http://www.xbrl.org/2003/role/label" xlink:label="Label_label_dart_ElementsOfOtherStockholdersEquityMember_ko" xml:lang="ko" id="Label_label_dart_ElementsOfOtherStockholdersEquityMember_ko">자본조정</link:label>
    <link:labelArc xlink:arcrole="http://www.xbrl.org/2003/arcrole/concept-label" xlink:from="Loc_dart_ElementsOfOtherStockholdersEquityMember" xlink:to="Label_label_dart_ElementsOfOtherStockholdersEquityMember_ko" xlink:type="arc" priority="1" />
    <link:loc xlink:href="http://dart.fss.or.kr/Resource/Taxonomy/ifrs/2019-10-01/full_ifrs-cor_2019-03-27.xsd#ifrs-full_RetainedEarningsMember" xlink:label="Loc_ifrs-full_RetainedEarningsMember" xlink:type="locator" />
    <link:label xlink:type="resource" xlink:role="http://www.xbrl.org/2003/role/label" xlink:label="Label_label_ifrs-full_RetainedEarningsMember_ko" xml:lang="ko" id="Label_label_ifrs-full_RetainedEarningsMember_ko">이익잉여금(결손금)</link:label>
    <link:labelArc xlink:arcrole="http://www.xbrl.org/2003/arcrole/concept-label" xlink:from="Loc_ifrs-full_RetainedEarningsMember" xlink:to="Label_label_ifrs-full_RetainedEarningsMember_ko" xlink:type="arc" priority="1" />
    <link:loc xlink:href="http://dart.fss.or.kr/Resource/Taxonomy/ifrs/2019-10-01/dart_2019-10-01.xsd#dart_ChangesInConsolidatedCompanies" xlink:label="Loc_dart_ChangesInConsolidatedCompanies" xlink:type="locator" />
    <link:label xlink:type="resource" xlink:role="http://www.xbrl.org/2003/role/label" xlink:label="Label_label_dart_ChangesInConsolidatedCompanies_ko" xml:lang="ko" id="Label_label_dart_ChangesInConsolidatedCompanies_ko">연결범위의 변동</link:label>
    <link:labelArc xlink:arcrole="http://www.xbrl.org/2003/arcrole/concept-label" xlink:from="Loc_dart_ChangesInConsolidatedCompanies" xlink:to="Label_label_dart_ChangesInConsolidatedCompanies_ko" xlink:type="arc" priority="1" />
    <link:loc xlink:href="http://dart.fss.or.kr/Resource/Taxonomy/ifrs/2019-10-01/dart_2019-10-01.xsd#dart_ChangesInForeignExchangeRates" xlink:label="Loc_dart_ChangesInForeignExchangeRates" xlink:type="locator" />
    <link:label xlink:type="resource" xlink:role="http://www.xbrl.org/2003/role/label" xlink:label="Label_label_dart_ChangesInForeignExchangeRates_ko" xml:lang="ko" id="Label_label_dart_ChangesInForeignExchangeRates_ko">해외사업환산손익</link:label>
    <link:labelArc xlink:arcrole="http://www.xbrl.org/2003/arcrole/concept-label" xlink:from="Loc_dart_ChangesInForeignExchangeRates" xlink:to="Label_label_dart_ChangesInForeignExchangeRates_ko" xlink:type="arc" priority="1" />
    <link:loc xlink:href="http://dart.fss.or.kr/Resource/Taxonomy/ifrs/2019-10-01/dart_2019-10-01.xsd#dart_ChangesInReserveOfGainsAndLossesOnFinancialAssetsMeasuredAtFairValueThroughOtherComprehensiveIncome" xlink:label="Loc_dart_ChangesInReserveOfGainsAndLossesOnFinancialAssetsMeasuredAtFairValueThroughOtherComprehensiveIncome" xlink:type="locator" />
    <link:label xlink:type="resource" xlink:role="http://www.xbrl.org/2003/role/label" xlink:label="Label_label_dart_ChangesInReserveOfGainsAndLossesOnFinancialAssetsMeasuredAtFairValueThroughOtherComprehensiveIncome_ko" xml:lang="ko" id="Label_label_dart_ChangesInReserveOfGainsAndLossesOnFinancialAssetsMeasuredAtFairValueThroughOtherComprehensiveIncome_ko">기타포괄손익-공정가치 측정 금융자산 평가손익</link:label>
    <link:labelArc xlink:arcrole="http://www.xbrl.org/2003/arcrole/concept-label" xlink:from="Loc_dart_ChangesInReserveOfGainsAndLossesOnFinancialAssetsMeasuredAtFairValueThroughOtherComprehensiveIncome" xlink:to="Label_label_dart_ChangesInReserveOfGainsAndLossesOnFinancialAssetsMeasuredAtFairValueThroughOtherComprehensiveIncome_ko" xlink:type="arc" priority="1" />
    <link:loc xlink:href="http://dart.fss.or.kr/Resource/Taxonomy/ifrs/2019-10-01/dart_2019-10-01.xsd#dart_OtherTransactions" xlink:label="Loc_dart_OtherTransactions" xlink:type="locator" />
    <link:label xlink:type="resource" xlink:role="http://www.xbrl.org/2003/role/label" xlink:label="Label_label_dart_OtherTransactions_ko" xml:lang="ko" id="Label_label_dart_OtherTransactions_ko">기타포괄손익-공정가치 측정 금융자산 평가손익의 재분류</link:label>
    <link:labelArc xlink:arcrole="http://www.xbrl.org/2003/arcrole/concept-label" xlink:from="Loc_dart_OtherTransactions" xlink:to="Label_label_dart_OtherTransactions_ko" xlink:type="arc" priority="1" />
    <link:loc xlink:href="http://dart.fss.or.kr/Resource/Taxonomy/ifrs/2019-10-01/dart_2019-10-01.xsd#dart_OtherComprehensiveIncomeForStatementOfChangesInEquity" xlink:label="Loc_dart_OtherComprehensiveIncomeForStatementOfChangesInEquity" xlink:type="locator" />
    <link:label xlink:type="resource" xlink:role="http://www.xbrl.org/2003/role/label" xlink:label="Label_label_dart_OtherComprehensiveIncomeForStatementOfChangesInEquity_ko" xml:lang="ko" id="Label_label_dart_OtherComprehensiveIncomeForStatementOfChangesInEquity_ko">파생상품평가손익</link:label>
    <link:labelArc xlink:arcrole="http://www.xbrl.org/2003/arcrole/concept-label" xlink:from="Loc_dart_OtherComprehensiveIncomeForStatementOfChangesInEquity" xlink:to="Label_label_dart_OtherComprehensiveIncomeForStatementOfChangesInEquity_ko" xlink:type="arc" priority="1" />
    <link:loc xlink:href="../01205851_entry_point_2017-06-30.xsd#entity01205851_udf_CE_202338135942328_StatementOfChangesInEquityLineItems" xlink:label="Loc_entity01205851_udf_CE_202338135942328_StatementOfChangesInEquityLineItems" xlink:type="locator" />
    <link:label xlink:type="resource" xlink:role="http://www.xbrl.org/2003/role/label" xlink:label="Label_label_entity01205851_udf_CE_202338135942328_StatementOfChangesInEquityLineItems_ko" xml:lang="ko" id="Label_label_entity01205851_udf_CE_202338135942328_StatementOfChangesInEquityLineItems_ko">유형자산재평가손익</link:label>
    <link:labelArc xlink:arcrole="http://www.xbrl.org/2003/arcrole/concept-label" xlink:from="Loc_entity01205851_udf_CE_202338135942328_StatementOfChangesInEquityLineItems" xlink:to="Label_label_entity01205851_udf_CE_202338135942328_StatementOfChangesInEquityLineItems_ko" xlink:type="arc" />
    <link:label xlink:type="resource" xlink:role="http://www.xbrl.org/2003/role/documentation" xlink:label="Label_entity01205851_udf_CE_202338135942328_StatementOfChangesInEquityLineItems_ko_doc" xml:lang="ko">
    </link:label>
    <link:labelArc xlink:arcrole="http://www.xbrl.org/2003/arcrole/concept-label" xlink:from="Loc_entity01205851_udf_CE_202338135942328_StatementOfChangesInEquityLineItems" xlink:to="Label_entity01205851_udf_CE_202338135942328_StatementOfChangesInEquityLineItems_ko_doc" xlink:type="arc" />
    <link:loc xlink:href="http://dart.fss.or.kr/Resource/Taxonomy/ifrs/2019-10-01/full_ifrs-cor_2019-03-27.xsd#ifrs-full_IncreaseDecreaseThroughTransfersAndOtherChangesEquity" xlink:label="Loc_ifrs-full_IncreaseDecreaseThroughTransfersAndOtherChangesEquity" xlink:type="locator" />
    <link:label xlink:type="resource" xlink:role="http://www.xbrl.org/2003/role/label" xlink:label="Label_label_ifrs-full_IncreaseDecreaseThroughTransfersAndOtherChangesEquity_ko" xml:lang="ko" id="Label_label_ifrs-full_IncreaseDecreaseThroughTransfersAndOtherChangesEquity_ko">유형자산재평가차액 잉여금 대체</link:label>
    <link:labelArc xlink:arcrole="http://www.xbrl.org/2003/arcrole/concept-label" xlink:from="Loc_ifrs-full_IncreaseDecreaseThroughTransfersAndOtherChangesEquity" xlink:to="Label_label_ifrs-full_IncreaseDecreaseThroughTransfersAndOtherChangesEquity_ko" xlink:type="arc" priority="1" />
    <link:loc xlink:href="../01205851_entry_point_2017-06-30.xsd#entity01205851_udf_CE_202338112553644_StatementOfChangesInEquityLineItems" xlink:label="Loc_entity01205851_udf_CE_202338112553644_StatementOfChangesInEquityLineItems" xlink:type="locator" />
    <link:label xlink:type="resource" xlink:role="http://www.xbrl.org/2003/role/label" xlink:label="Label_label_entity01205851_udf_CE_202338112553644_StatementOfChangesInEquityLineItems_ko" xml:lang="ko" id="Label_label_entity01205851_udf_CE_202338112553644_StatementOfChangesInEquityLineItems_ko">보험수리적손익</link:label>
    <link:labelArc xlink:arcrole="http://www.xbrl.org/2003/arcrole/concept-label" xlink:from="Loc_entity01205851_udf_CE_202338112553644_StatementOfChangesInEquityLineItems" xlink:to="Label_label_entity01205851_udf_CE_202338112553644_StatementOfChangesInEquityLineItems_ko" xlink:type="arc" />
    <link:label xlink:type="resource" xlink:role="http://www.xbrl.org/2003/role/documentation" xlink:label="Label_entity01205851_udf_CE_202338112553644_StatementOfChangesInEquityLineItems_ko_doc" xml:lang="ko">
    </link:label>
    <link:labelArc xlink:arcrole="http://www.xbrl.org/2003/arcrole/concept-label" xlink:from="Loc_entity01205851_udf_CE_202338112553644_StatementOfChangesInEquityLineItems" xlink:to="Label_entity01205851_udf_CE_202338112553644_StatementOfChangesInEquityLineItems_ko_doc" xlink:type="arc" />
    <link:loc xlink:href="../01205851_entry_point_2017-06-30.xsd#entity01205851_udf_CE_2022512115323777_StatementOfChangesInEquityLineItems" xlink:label="Loc_entity01205851_udf_CE_2022512115323777_StatementOfChangesInEquityLineItems" xlink:type="locator" />
    <link:label xlink:type="resource" xlink:role="http://www.xbrl.org/2003/role/label" xlink:label="Label_label_entity01205851_udf_CE_2022512115323777_StatementOfChangesInEquityLineItems_ko" xml:lang="ko" id="Label_label_entity01205851_udf_CE_2022512115323777_StatementOfChangesInEquityLineItems_ko">이익잉여금 전입</link:label>
    <link:labelArc xlink:arcrole="http://www.xbrl.org/2003/arcrole/concept-label" xlink:from="Loc_entity01205851_udf_CE_2022512115323777_StatementOfChangesInEquityLineItems" xlink:to="Label_label_entity01205851_udf_CE_2022512115323777_StatementOfChangesInEquityLineItems_ko" xlink:type="arc" />
    <link:label xlink:type="resource" xlink:role="http://www.xbrl.org/2003/role/documentation" xlink:label="Label_entity01205851_udf_CE_2022512115323777_StatementOfChangesInEquityLineItems_ko_doc" xml:lang="ko">
    </link:label>
    <link:labelArc xlink:arcrole="http://www.xbrl.org/2003/arcrole/concept-label" xlink:from="Loc_entity01205851_udf_CE_2022512115323777_StatementOfChangesInEquityLineItems" xlink:to="Label_entity01205851_udf_CE_2022512115323777_StatementOfChangesInEquityLineItems_ko_doc" xlink:type="arc" />
    <link:loc xlink:href="../01205851_entry_point_2017-06-30.xsd#entity01205851_udf_CE_20233715161210_StatementOfChangesInEquityLineItems" xlink:label="Loc_entity01205851_udf_CE_20233715161210_StatementOfChangesInEquityLineItems" xlink:type="locator" />
    <link:label xlink:type="resource" xlink:role="http://www.xbrl.org/2003/role/label" xlink:label="Label_label_entity01205851_udf_CE_20233715161210_StatementOfChangesInEquityLineItems_ko" xml:lang="ko" id="Label_label_entity01205851_udf_CE_20233715161210_StatementOfChangesInEquityLineItems_ko">보험수리적손익</link:label>
    <link:labelArc xlink:arcrole="http://www.xbrl.org/2003/arcrole/concept-label" xlink:from="Loc_entity01205851_udf_CE_20233715161210_StatementOfChangesInEquityLineItems" xlink:to="Label_label_entity01205851_udf_CE_20233715161210_StatementOfChangesInEquityLineItems_ko" xlink:type="arc" />
    <link:label xlink:type="resource" xlink:role="http://www.xbrl.org/2003/role/documentation" xlink:label="Label_entity01205851_udf_CE_20233715161210_StatementOfChangesInEquityLineItems_ko_doc" xml:lang="ko">
    </link:label>
    <link:labelArc xlink:arcrole="http://www.xbrl.org/2003/arcrole/concept-label" xlink:from="Loc_entity01205851_udf_CE_20233715161210_StatementOfChangesInEquityLineItems" xlink:to="Label_entity01205851_udf_CE_20233715161210_StatementOfChangesInEquityLineItems_ko_doc" xlink:type="arc" />
    <link:loc xlink:href="../01205851_entry_point_2017-06-30.xsd#entity01205851_udf_CE_20233813233802_StatementOfChangesInEquityLineItems" xlink:label="Loc_entity01205851_udf_CE_20233813233802_StatementOfChangesInEquityLineItems" xlink:type="locator" />
    <link:label xlink:type="resource" xlink:role="http://www.xbrl.org/2003/role/label" xlink:label="Label_label_entity01205851_udf_CE_20233813233802_StatementOfChangesInEquityLineItems_ko" xml:lang="ko" id="Label_label_entity01205851_udf_CE_20233813233802_StatementOfChangesInEquityLineItems_ko">유형자산재평가손익</link:label>
    <link:labelArc xlink:arcrole="http://www.xbrl.org/2003/arcrole/concept-label" xlink:from="Loc_entity01205851_udf_CE_20233813233802_StatementOfChangesInEquityLineItems" xlink:to="Label_label_entity01205851_udf_CE_20233813233802_StatementOfChangesInEquityLineItems_ko" xlink:type="arc" />
    <link:label xlink:type="resource" xlink:role="http://www.xbrl.org/2003/role/documentation" xlink:label="Label_entity01205851_udf_CE_20233813233802_StatementOfChangesInEquityLineItems_ko_doc" xml:lang="ko">
    </link:label>
    <link:labelArc xlink:arcrole="http://www.xbrl.org/2003/arcrole/concept-label" xlink:from="Loc_entity01205851_udf_CE_20233813233802_StatementOfChangesInEquityLineItems" xlink:to="Label_entity01205851_udf_CE_20233813233802_StatementOfChangesInEquityLineItems_ko_doc" xlink:type="arc" />
    <link:loc xlink:href="../01205851_entry_point_2017-06-30.xsd#entity01205851_udf_CE_202251211242289_StatementOfChangesInEquityLineItems" xlink:label="Loc_entity01205851_udf_CE_202251211242289_StatementOfChangesInEquityLineItems" xlink:type="locator" />
    <link:label xlink:type="resource" xlink:role="http://www.xbrl.org/2003/role/label" xlink:label="Label_label_entity01205851_udf_CE_202251211242289_StatementOfChangesInEquityLineItems_ko" xml:lang="ko" id="Label_label_entity01205851_udf_CE_202251211242289_StatementOfChangesInEquityLineItems_ko">이익잉여금 전입</link:label>
    <link:labelArc xlink:arcrole="http://www.xbrl.org/2003/arcrole/concept-label" xlink:from="Loc_entity01205851_udf_CE_202251211242289_StatementOfChangesInEquityLineItems" xlink:to="Label_label_entity01205851_udf_CE_202251211242289_StatementOfChangesInEquityLineItems_ko" xlink:type="arc" />
    <link:label xlink:type="resource" xlink:role="http://www.xbrl.org/2003/role/documentation" xlink:label="Label_entity01205851_udf_CE_202251211242289_StatementOfChangesInEquityLineItems_ko_doc" xml:lang="ko">
    </link:label>
    <link:labelArc xlink:arcrole="http://www.xbrl.org/2003/arcrole/concept-label" xlink:from="Loc_entity01205851_udf_CE_202251211242289_StatementOfChangesInEquityLineItems" xlink:to="Label_entity01205851_udf_CE_202251211242289_StatementOfChangesInEquityLineItems_ko_doc" xlink:type="arc" />
    <link:loc xlink:href="../01205851_entry_point_2017-06-30.xsd#entity01205851_udf_CE_2022811103630658_StatementOfChangesInEquityLineItems" xlink:label="Loc_entity01205851_udf_CE_2022811103630658_StatementOfChangesInEquityLineItems" xlink:type="locator" />
    <link:label xlink:type="resource" xlink:role="http://www.xbrl.org/2003/role/label" xlink:label="Label_label_entity01205851_udf_CE_2022811103630658_StatementOfChangesInEquityLineItems_ko" xml:lang="ko" id="Label_label_entity01205851_udf_CE_2022811103630658_StatementOfChangesInEquityLineItems_ko">종속기업의 주식선택권 소멸</link:label>
    <link:labelArc xlink:arcrole="http://www.xbrl.org/2003/arcrole/concept-label" xlink:from="Loc_entity01205851_udf_CE_2022811103630658_StatementOfChangesInEquityLineItems" xlink:to="Label_label_entity01205851_udf_CE_2022811103630658_StatementOfChangesInEquityLineItems_ko" xlink:type="arc" />
    <link:label xlink:type="resource" xlink:role="http://www.xbrl.org/2003/role/documentation" xlink:label="Label_entity01205851_udf_CE_2022811103630658_StatementOfChangesInEquityLineItems_ko_doc" xml:lang="ko">
    </link:label>
    <link:labelArc xlink:arcrole="http://www.xbrl.org/2003/arcrole/concept-label" xlink:from="Loc_entity01205851_udf_CE_2022811103630658_StatementOfChangesInEquityLineItems" xlink:to="Label_entity01205851_udf_CE_2022811103630658_StatementOfChangesInEquityLineItems_ko_doc" xlink:type="arc" />
    <link:loc xlink:href="http://dart.fss.or.kr/Resource/Taxonomy/ifrs/2019-10-01/full_ifrs-cor_2019-03-27.xsd#ifrs-full_CashFlowsFromUsedInOperatingActivities" xlink:label="Loc_ifrs-full_CashFlowsFromUsedInOperatingActivities" xlink:type="locator" />
    <link:label xlink:type="resource" xlink:role="http://www.xbrl.org/2003/role/label" xlink:label="Label_label_ifrs-full_CashFlowsFromUsedInOperatingActivities_ko" xml:lang="ko" id="Label_label_ifrs-full_CashFlowsFromUsedInOperatingActivities_ko">영업활동으로 인한 순현금흐름</link:label>
    <link:labelArc xlink:arcrole="http://www.xbrl.org/2003/arcrole/concept-label" xlink:from="Loc_ifrs-full_CashFlowsFromUsedInOperatingActivities" xlink:to="Label_label_ifrs-full_CashFlowsFromUsedInOperatingActivities_ko" xlink:type="arc" priority="1" />
    <link:loc xlink:href="http://dart.fss.or.kr/Resource/Taxonomy/ifrs/2019-10-01/full_ifrs-cor_2019-03-27.xsd#ifrs-full_AdjustmentsForReconcileProfitLoss" xlink:label="Loc_ifrs-full_AdjustmentsForReconcileProfitLoss" xlink:type="locator" />
    <link:label xlink:type="resource" xlink:role="http://www.xbrl.org/2003/role/label" xlink:label="Label_label_ifrs-full_AdjustmentsForReconcileProfitLoss_ko" xml:lang="ko" id="Label_label_ifrs-full_AdjustmentsForReconcileProfitLoss_ko">조정항목</link:label>
    <link:labelArc xlink:arcrole="http://www.xbrl.org/2003/arcrole/concept-label" xlink:from="Loc_ifrs-full_AdjustmentsForReconcileProfitLoss" xlink:to="Label_label_ifrs-full_AdjustmentsForReconcileProfitLoss_ko" xlink:type="arc" priority="1" />
    <link:loc xlink:href="http://dart.fss.or.kr/Resource/Taxonomy/ifrs/2019-10-01/full_ifrs-cor_2019-03-27.xsd#ifrs-full_InterestReceivedClassifiedAsOperatingActivities" xlink:label="Loc_ifrs-full_InterestReceivedClassifiedAsOperatingActivities" xlink:type="locator" />
    <link:label xlink:type="resource" xlink:role="http://www.xbrl.org/2003/role/terseLabel" xlink:label="Label_terseLabel_ifrs-full_InterestReceivedClassifiedAsOperatingActivities_ko" xml:lang="ko" id="Label_terseLabel_ifrs-full_InterestReceivedClassifiedAsOperatingActivities_ko">이자의 수취</link:label>
    <link:labelArc xlink:arcrole="http://www.xbrl.org/2003/arcrole/concept-label" xlink:from="Loc_ifrs-full_InterestReceivedClassifiedAsOperatingActivities" xlink:to="Label_terseLabel_ifrs-full_InterestReceivedClassifiedAsOperatingActivities_ko" xlink:type="arc" priority="1" />
    <link:loc xlink:href="http://dart.fss.or.kr/Resource/Taxonomy/ifrs/2019-10-01/full_ifrs-cor_2019-03-27.xsd#ifrs-full_InterestPaidClassifiedAsOperatingActivities" xlink:label="Loc_ifrs-full_InterestPaidClassifiedAsOperatingActivities" xlink:type="locator" />
    <link:label xlink:type="resource" xlink:role="http://www.xbrl.org/2009/role/negatedTerseLabel" xlink:label="Label_negatedTerseLabel_ifrs-full_InterestPaidClassifiedAsOperatingActivities_ko" xml:lang="ko" id="Label_negatedTerseLabel_ifrs-full_InterestPaidClassifiedAsOperatingActivities_ko">이자의 지급</link:label>
    <link:labelArc xlink:arcrole="http://www.xbrl.org/2003/arcrole/concept-label" xlink:from="Loc_ifrs-full_InterestPaidClassifiedAsOperatingActivities" xlink:to="Label_negatedTerseLabel_ifrs-full_InterestPaidClassifiedAsOperatingActivities_ko" xlink:type="arc" priority="1" />
    <link:loc xlink:href="http://dart.fss.or.kr/Resource/Taxonomy/ifrs/2019-10-01/full_ifrs-cor_2019-03-27.xsd#ifrs-full_DividendsReceivedClassifiedAsOperatingActivities" xlink:label="Loc_ifrs-full_DividendsReceivedClassifiedAsOperatingActivities" xlink:type="locator" />
    <link:label xlink:type="resource" xlink:role="http://www.xbrl.org/2003/role/terseLabel" xlink:label="Label_terseLabel_ifrs-full_DividendsReceivedClassifiedAsOperatingActivities_ko" xml:lang="ko" id="Label_terseLabel_ifrs-full_DividendsReceivedClassifiedAsOperatingActivities_ko">배당금의 수취</link:label>
    <link:labelArc xlink:arcrole="http://www.xbrl.org/2003/arcrole/concept-label" xlink:from="Loc_ifrs-full_DividendsReceivedClassifiedAsOperatingActivities" xlink:to="Label_terseLabel_ifrs-full_DividendsReceivedClassifiedAsOperatingActivities_ko" xlink:type="arc" priority="1" />
    <link:loc xlink:href="http://dart.fss.or.kr/Resource/Taxonomy/ifrs/2019-10-01/full_ifrs-cor_2019-03-27.xsd#ifrs-full_IncomeTaxesPaidRefundClassifiedAsOperatingActivities" xlink:label="Loc_ifrs-full_IncomeTaxesPaidRefundClassifiedAsOperatingActivities" xlink:type="locator" />
    <link:label xlink:type="resource" xlink:role="http://www.xbrl.org/2009/role/negatedTerseLabel" xlink:label="Label_negatedTerseLabel_ifrs-full_IncomeTaxesPaidRefundClassifiedAsOperatingActivities_ko" xml:lang="ko" id="Label_negatedTerseLabel_ifrs-full_IncomeTaxesPaidRefundClassifiedAsOperatingActivities_ko">법인세의 지급</link:label>
    <link:labelArc xlink:arcrole="http://www.xbrl.org/2003/arcrole/concept-label" xlink:from="Loc_ifrs-full_IncomeTaxesPaidRefundClassifiedAsOperatingActivities" xlink:to="Label_negatedTerseLabel_ifrs-full_IncomeTaxesPaidRefundClassifiedAsOperatingActivities_ko" xlink:type="arc" priority="1" />
    <link:loc xlink:href="http://dart.fss.or.kr/Resource/Taxonomy/ifrs/2019-10-01/full_ifrs-cor_2019-03-27.xsd#ifrs-full_CashFlowsFromUsedInInvestingActivities" xlink:label="Loc_ifrs-full_CashFlowsFromUsedInInvestingActivities" xlink:type="locator" />
    <link:label xlink:type="resource" xlink:role="http://www.xbrl.org/2003/role/label" xlink:label="Label_label_ifrs-full_CashFlowsFromUsedInInvestingActivities_ko" xml:lang="ko" id="Label_label_ifrs-full_CashFlowsFromUsedInInvestingActivities_ko">투자활동으로 인한 순현금흐름</link:label>
    <link:labelArc xlink:arcrole="http://www.xbrl.org/2003/arcrole/concept-label" xlink:from="Loc_ifrs-full_CashFlowsFromUsedInInvestingActivities" xlink:to="Label_label_ifrs-full_CashFlowsFromUsedInInvestingActivities_ko" xlink:type="arc" priority="1" />
    <link:loc xlink:href="http://dart.fss.or.kr/Resource/Taxonomy/ifrs/2019-10-01/full_ifrs-cor_2019-03-27.xsd#ifrs-full_CashFlowsUsedInObtainingControlOfSubsidiariesOrOtherBusinessesClassifiedAsInvestingActivities" xlink:label="Loc_ifrs-full_CashFlowsUsedInObtainingControlOfSubsidiariesOrOtherBusinessesClassifiedAsInvestingActivities" xlink:type="locator" />
    <link:label xlink:type="resource" xlink:role="http://www.xbrl.org/2009/role/negatedTerseLabel" xlink:label="Label_negatedTerseLabel_ifrs-full_CashFlowsUsedInObtainingControlOfSubsidiariesOrOtherBusinessesClassifiedAsInvestingActivities_ko" xml:lang="ko" id="Label_negatedTerseLabel_ifrs-full_CashFlowsUsedInObtainingControlOfSubsidiariesOrOtherBusinessesClassifiedAsInvestingActivities_ko">연결범위 변동(지배력의 취득)</link:label>
    <link:labelArc xlink:arcrole="http://www.xbrl.org/2003/arcrole/concept-label" xlink:from="Loc_ifrs-full_CashFlowsUsedInObtainingControlOfSubsidiariesOrOtherBusinessesClassifiedAsInvestingActivities" xlink:to="Label_negatedTerseLabel_ifrs-full_CashFlowsUsedInObtainingControlOfSubsidiariesOrOtherBusinessesClassifiedAsInvestingActivities_ko" xlink:type="arc" priority="1" />
    <link:loc xlink:href="http://dart.fss.or.kr/Resource/Taxonomy/ifrs/2019-10-01/dart_2019-10-01.xsd#dart_ProceedsFromSalesOfShortTermFinancialInstruments" xlink:label="Loc_dart_ProceedsFromSalesOfShortTermFinancialInstruments" xlink:type="locator" />
    <link:label xlink:type="resource" xlink:role="http://www.xbrl.org/2003/role/label" xlink:label="Label_label_dart_ProceedsFromSalesOfShortTermFinancialInstruments_ko" xml:lang="ko" id="Label_label_dart_ProceedsFromSalesOfShortTermFinancialInstruments_ko">단기금융자산의 감소</link:label>
    <link:labelArc xlink:arcrole="http://www.xbrl.org/2003/arcrole/concept-label" xlink:from="Loc_dart_ProceedsFromSalesOfShortTermFinancialInstruments" xlink:to="Label_label_dart_ProceedsFromSalesOfShortTermFinancialInstruments_ko" xlink:type="arc" priority="1" />
    <link:loc xlink:href="http://dart.fss.or.kr/Resource/Taxonomy/ifrs/2019-10-01/dart_2019-10-01.xsd#dart_ProceedsFromSalesOfShortTermLoansAndReceivables" xlink:label="Loc_dart_ProceedsFromSalesOfShortTermLoansAndReceivables" xlink:type="locator" />
    <link:label xlink:type="resource" xlink:role="http://www.xbrl.org/2003/role/label" xlink:label="Label_label_dart_ProceedsFromSalesOfShortTermLoansAndReceivables_ko" xml:lang="ko" id="Label_label_dart_ProceedsFromSalesOfShortTermLoansAndReceivables_ko">단기대여금의 감소</link:label>
    <link:labelArc xlink:arcrole="http://www.xbrl.org/2003/arcrole/concept-label" xlink:from="Loc_dart_ProceedsFromSalesOfShortTermLoansAndReceivables" xlink:to="Label_label_dart_ProceedsFromSalesOfShortTermLoansAndReceivables_ko" xlink:type="arc" priority="1" />
    <link:loc xlink:href="http://dart.fss.or.kr/Resource/Taxonomy/ifrs/2019-10-01/dart_2019-10-01.xsd#dart_ProceedsFromSalesOfInvestmentsInSubsidiaries" xlink:label="Loc_dart_ProceedsFromSalesOfInvestmentsInSubsidiaries" xlink:type="locator" />
    <link:label xlink:type="resource" xlink:role="http://www.xbrl.org/2003/role/label" xlink:label="Label_label_dart_ProceedsFromSalesOfInvestmentsInSubsidiaries_ko" xml:lang="ko" id="Label_label_dart_ProceedsFromSalesOfInvestmentsInSubsidiaries_ko">종속기업투자의 감소</link:label>
    <link:labelArc xlink:arcrole="http://www.xbrl.org/2003/arcrole/concept-label" xlink:from="Loc_dart_ProceedsFromSalesOfInvestmentsInSubsidiaries" xlink:to="Label_label_dart_ProceedsFromSalesOfInvestmentsInSubsidiaries_ko" xlink:type="arc" priority="1" />
    <link:loc xlink:href="http://dart.fss.or.kr/Resource/Taxonomy/ifrs/2019-10-01/dart_2019-10-01.xsd#dart_ProceedsFromSalesOfLongTermFinancialInstruments" xlink:label="Loc_dart_ProceedsFromSalesOfLongTermFinancialInstruments" xlink:type="locator" />
    <link:label xlink:type="resource" xlink:role="http://www.xbrl.org/2003/role/label" xlink:label="Label_label_dart_ProceedsFromSalesOfLongTermFinancialInstruments_ko" xml:lang="ko" id="Label_label_dart_ProceedsFromSalesOfLongTermFinancialInstruments_ko">장기금융자산의 감소</link:label>
    <link:labelArc xlink:arcrole="http://www.xbrl.org/2003/arcrole/concept-label" xlink:from="Loc_dart_ProceedsFromSalesOfLongTermFinancialInstruments" xlink:to="Label_label_dart_ProceedsFromSalesOfLongTermFinancialInstruments_ko" xlink:type="arc" priority="1" />
    <link:loc xlink:href="http://dart.fss.or.kr/Resource/Taxonomy/ifrs/2019-10-01/dart_2019-10-01.xsd#dart_ProceedsFromSalesOfOtherNonCurrentFinancialAssets" xlink:label="Loc_dart_ProceedsFromSalesOfOtherNonCurrentFinancialAssets" xlink:type="locator" />
    <link:label xlink:type="resource" xlink:role="http://www.xbrl.org/2003/role/label" xlink:label="Label_label_dart_ProceedsFromSalesOfOtherNonCurrentFinancialAssets_ko" xml:lang="ko" id="Label_label_dart_ProceedsFromSalesOfOtherNonCurrentFinancialAssets_ko">장기기타채권의 감소</link:label>
    <link:labelArc xlink:arcrole="http://www.xbrl.org/2003/arcrole/concept-label" xlink:from="Loc_dart_ProceedsFromSalesOfOtherNonCurrentFinancialAssets" xlink:to="Label_label_dart_ProceedsFromSalesOfOtherNonCurrentFinancialAssets_ko" xlink:type="arc" priority="1" />
    <link:loc xlink:href="http://dart.fss.or.kr/Resource/Taxonomy/ifrs/2019-10-01/dart_2019-10-01.xsd#dart_ProceedsFromSalesOfOtherPropertyPlantAndEquipment" xlink:label="Loc_dart_ProceedsFromSalesOfOtherPropertyPlantAndEquipment" xlink:type="locator" />
    <link:label xlink:type="resource" xlink:role="http://www.xbrl.org/2003/role/label" xlink:label="Label_label_dart_ProceedsFromSalesOfOtherPropertyPlantAndEquipment_ko" xml:lang="ko" id="Label_label_dart_ProceedsFromSalesOfOtherPropertyPlantAndEquipment_ko">기타유동자산의 처분</link:label>
    <link:labelArc xlink:arcrole="http://www.xbrl.org/2003/arcrole/concept-label" xlink:from="Loc_dart_ProceedsFromSalesOfOtherPropertyPlantAndEquipment" xlink:to="Label_label_dart_ProceedsFromSalesOfOtherPropertyPlantAndEquipment_ko" xlink:type="arc" priority="1" />
    <link:loc xlink:href="http://dart.fss.or.kr/Resource/Taxonomy/ifrs/2019-10-01/dart_2019-10-01.xsd#dart_ProceedsFromSalesOfNonCurrentAssetsOrDisposalGroupsClassifiedAsHeldForSale" xlink:label="Loc_dart_ProceedsFromSalesOfNonCurrentAssetsOrDisposalGroupsClassifiedAsHeldForSale" xlink:type="locator" />
    <link:label xlink:type="resource" xlink:role="http://www.xbrl.org/2003/role/label" xlink:label="Label_label_dart_ProceedsFromSalesOfNonCurrentAssetsOrDisposalGroupsClassifiedAsHeldForSale_ko" xml:lang="ko" id="Label_label_dart_ProceedsFromSalesOfNonCurrentAssetsOrDisposalGroupsClassifiedAsHeldForSale_ko">매각예정자산집단의 처분</link:label>
    <link:labelArc xlink:arcrole="http://www.xbrl.org/2003/arcrole/concept-label" xlink:from="Loc_dart_ProceedsFromSalesOfNonCurrentAssetsOrDisposalGroupsClassifiedAsHeldForSale" xlink:to="Label_label_dart_ProceedsFromSalesOfNonCurrentAssetsOrDisposalGroupsClassifiedAsHeldForSale_ko" xlink:type="arc" priority="1" />
    <link:loc xlink:href="http://dart.fss.or.kr/Resource/Taxonomy/ifrs/2019-10-01/dart_2019-10-01.xsd#dart_PurchaseOfShortTermFinancialInstruments" xlink:label="Loc_dart_PurchaseOfShortTermFinancialInstruments" xlink:type="locator" />
    <link:label xlink:type="resource" xlink:role="http://www.xbrl.org/2003/role/label" xlink:label="Label_label_dart_PurchaseOfShortTermFinancialInstruments_ko" xml:lang="ko" id="Label_label_dart_PurchaseOfShortTermFinancialInstruments_ko">단기금융자산의 증가</link:label>
    <link:labelArc xlink:arcrole="http://www.xbrl.org/2003/arcrole/concept-label" xlink:from="Loc_dart_PurchaseOfShortTermFinancialInstruments" xlink:to="Label_label_dart_PurchaseOfShortTermFinancialInstruments_ko" xlink:type="arc" priority="1" />
    <link:loc xlink:href="http://dart.fss.or.kr/Resource/Taxonomy/ifrs/2019-10-01/dart_2019-10-01.xsd#dart_PurchaseOfInvestmentsInSubsidiaries" xlink:label="Loc_dart_PurchaseOfInvestmentsInSubsidiaries" xlink:type="locator" />
    <link:label xlink:type="resource" xlink:role="http://www.xbrl.org/2003/role/label" xlink:label="Label_label_dart_PurchaseOfInvestmentsInSubsidiaries_ko" xml:lang="ko" id="Label_label_dart_PurchaseOfInvestmentsInSubsidiaries_ko">종속기업투자의 증가</link:label>
    <link:labelArc xlink:arcrole="http://www.xbrl.org/2003/arcrole/concept-label" xlink:from="Loc_dart_PurchaseOfInvestmentsInSubsidiaries" xlink:to="Label_label_dart_PurchaseOfInvestmentsInSubsidiaries_ko" xlink:type="arc" priority="1" />
    <link:loc xlink:href="http://dart.fss.or.kr/Resource/Taxonomy/ifrs/2019-10-01/dart_2019-10-01.xsd#dart_PurchaseOfLongTermFinancialInstruments" xlink:label="Loc_dart_PurchaseOfLongTermFinancialInstruments" xlink:type="locator" />
    <link:label xlink:type="resource" xlink:role="http://www.xbrl.org/2003/role/label" xlink:label="Label_label_dart_PurchaseOfLongTermFinancialInstruments_ko" xml:lang="ko" id="Label_label_dart_PurchaseOfLongTermFinancialInstruments_ko">장기금융자산의 증가</link:label>
    <link:labelArc xlink:arcrole="http://www.xbrl.org/2003/arcrole/concept-label" xlink:from="Loc_dart_PurchaseOfLongTermFinancialInstruments" xlink:to="Label_label_dart_PurchaseOfLongTermFinancialInstruments_ko" xlink:type="arc" priority="1" />
    <link:loc xlink:href="http://dart.fss.or.kr/Resource/Taxonomy/ifrs/2019-10-01/dart_2019-10-01.xsd#dart_PurchaseOfOtherNonCurrentFinancialAssets" xlink:label="Loc_dart_PurchaseOfOtherNonCurrentFinancialAssets" xlink:type="locator" />
    <link:label xlink:type="resource" xlink:role="http://www.xbrl.org/2003/role/label" xlink:label="Label_label_dart_PurchaseOfOtherNonCurrentFinancialAssets_ko" xml:lang="ko" id="Label_label_dart_PurchaseOfOtherNonCurrentFinancialAssets_ko">장기기타채권의 증가</link:label>
    <link:labelArc xlink:arcrole="http://www.xbrl.org/2003/arcrole/concept-label" xlink:from="Loc_dart_PurchaseOfOtherNonCurrentFinancialAssets" xlink:to="Label_label_dart_PurchaseOfOtherNonCurrentFinancialAssets_ko" xlink:type="arc" priority="1" />
    <link:loc xlink:href="http://dart.fss.or.kr/Resource/Taxonomy/ifrs/2019-10-01/dart_2019-10-01.xsd#dart_PurchaseOfShortTermLoansAndReceivables" xlink:label="Loc_dart_PurchaseOfShortTermLoansAndReceivables" xlink:type="locator" />
    <link:label xlink:type="resource" xlink:role="http://www.xbrl.org/2003/role/label" xlink:label="Label_label_dart_PurchaseOfShortTermLoansAndReceivables_ko" xml:lang="ko" id="Label_label_dart_PurchaseOfShortTermLoansAndReceivables_ko">단기대여금의 증가</link:label>
    <link:labelArc xlink:arcrole="http://www.xbrl.org/2003/arcrole/concept-label" xlink:from="Loc_dart_PurchaseOfShortTermLoansAndReceivables" xlink:to="Label_label_dart_PurchaseOfShortTermLoansAndReceivables_ko" xlink:type="arc" priority="1" />
    <link:loc xlink:href="http://dart.fss.or.kr/Resource/Taxonomy/ifrs/2019-10-01/full_ifrs-cor_2019-03-27.xsd#ifrs-full_ProceedsFromGovernmentGrantsClassifiedAsInvestingActivities" xlink:label="Loc_ifrs-full_ProceedsFromGovernmentGrantsClassifiedAsInvestingActivities" xlink:type="locator" />
    <link:label xlink:type="resource" xlink:role="http://www.xbrl.org/2003/role/terseLabel" xlink:label="Label_terseLabel_ifrs-full_ProceedsFromGovernmentGrantsClassifiedAsInvestingActivities_ko" xml:lang="ko" id="Label_terseLabel_ifrs-full_ProceedsFromGovernmentGrantsClassifiedAsInvestingActivities_ko">국고보조금의 수령</link:label>
    <link:labelArc xlink:arcrole="http://www.xbrl.org/2003/arcrole/concept-label" xlink:from="Loc_ifrs-full_ProceedsFromGovernmentGrantsClassifiedAsInvestingActivities" xlink:to="Label_terseLabel_ifrs-full_ProceedsFromGovernmentGrantsClassifiedAsInvestingActivities_ko" xlink:type="arc" priority="1" />
    <link:loc xlink:href="http://dart.fss.or.kr/Resource/Taxonomy/ifrs/2019-10-01/full_ifrs-cor_2019-03-27.xsd#ifrs-full_CashFlowsFromUsedInFinancingActivities" xlink:label="Loc_ifrs-full_CashFlowsFromUsedInFinancingActivities" xlink:type="locator" />
    <link:label xlink:type="resource" xlink:role="http://www.xbrl.org/2003/role/label" xlink:label="Label_label_ifrs-full_CashFlowsFromUsedInFinancingActivities_ko" xml:lang="ko" id="Label_label_ifrs-full_CashFlowsFromUsedInFinancingActivities_ko">재무활동으로 인한 순현금흐름</link:label>
    <link:labelArc xlink:arcrole="http://www.xbrl.org/2003/arcrole/concept-label" xlink:from="Loc_ifrs-full_CashFlowsFromUsedInFinancingActivities" xlink:to="Label_label_ifrs-full_CashFlowsFromUsedInFinancingActivities_ko" xlink:type="arc" priority="1" />
    <link:loc xlink:href="http://dart.fss.or.kr/Resource/Taxonomy/ifrs/2019-10-01/dart_2019-10-01.xsd#dart_RepaymentsOfShortTermBorrowings" xlink:label="Loc_dart_RepaymentsOfShortTermBorrowings" xlink:type="locator" />
    <link:label xlink:type="resource" xlink:role="http://www.xbrl.org/2003/role/label" xlink:label="Label_label_dart_RepaymentsOfShortTermBorrowings_ko" xml:lang="ko" id="Label_label_dart_RepaymentsOfShortTermBorrowings_ko">단기차입금의 감소</link:label>
    <link:labelArc xlink:arcrole="http://www.xbrl.org/2003/arcrole/concept-label" xlink:from="Loc_dart_RepaymentsOfShortTermBorrowings" xlink:to="Label_label_dart_RepaymentsOfShortTermBorrowings_ko" xlink:type="arc" priority="1" />
    <link:loc xlink:href="http://dart.fss.or.kr/Resource/Taxonomy/ifrs/2019-10-01/dart_2019-10-01.xsd#dart_RepaymentsOfLongTermBorrowings" xlink:label="Loc_dart_RepaymentsOfLongTermBorrowings" xlink:type="locator" />
    <link:label xlink:type="resource" xlink:role="http://www.xbrl.org/2003/role/label" xlink:label="Label_label_dart_RepaymentsOfLongTermBorrowings_ko" xml:lang="ko" id="Label_label_dart_RepaymentsOfLongTermBorrowings_ko">유동성장기차입금의 감소</link:label>
    <link:labelArc xlink:arcrole="http://www.xbrl.org/2003/arcrole/concept-label" xlink:from="Loc_dart_RepaymentsOfLongTermBorrowings" xlink:to="Label_label_dart_RepaymentsOfLongTermBorrowings_ko" xlink:type="arc" priority="1" />
    <link:loc xlink:href="http://dart.fss.or.kr/Resource/Taxonomy/ifrs/2019-10-01/dart_2019-10-01.xsd#dart_RepaymentsOfBonds" xlink:label="Loc_dart_RepaymentsOfBonds" xlink:type="locator" />
    <link:label xlink:type="resource" xlink:role="http://www.xbrl.org/2003/role/label" xlink:label="Label_label_dart_RepaymentsOfBonds_ko" xml:lang="ko" id="Label_label_dart_RepaymentsOfBonds_ko">유동성사채의 감소</link:label>
    <link:labelArc xlink:arcrole="http://www.xbrl.org/2003/arcrole/concept-label" xlink:from="Loc_dart_RepaymentsOfBonds" xlink:to="Label_label_dart_RepaymentsOfBonds_ko" xlink:type="arc" priority="1" />
    <link:loc xlink:href="http://dart.fss.or.kr/Resource/Taxonomy/ifrs/2019-10-01/full_ifrs-cor_2019-03-27.xsd#ifrs-full_RepaymentsOfBorrowingsClassifiedAsFinancingActivities" xlink:label="Loc_ifrs-full_RepaymentsOfBorrowingsClassifiedAsFinancingActivities" xlink:type="locator" />
    <link:label xlink:type="resource" xlink:role="http://www.xbrl.org/2009/role/negatedTerseLabel" xlink:label="Label_negatedTerseLabel_ifrs-full_RepaymentsOfBorrowingsClassifiedAsFinancingActivities_ko" xml:lang="ko" id="Label_negatedTerseLabel_ifrs-full_RepaymentsOfBorrowingsClassifiedAsFinancingActivities_ko">장기차입금의 감소</link:label>
    <link:labelArc xlink:arcrole="http://www.xbrl.org/2003/arcrole/concept-label" xlink:from="Loc_ifrs-full_RepaymentsOfBorrowingsClassifiedAsFinancingActivities" xlink:to="Label_negatedTerseLabel_ifrs-full_RepaymentsOfBorrowingsClassifiedAsFinancingActivities_ko" xlink:type="arc" priority="1" />
    <link:loc xlink:href="../01205851_entry_point_2017-06-30.xsd#entity01205851_udf_CF_2023313104857948_CashFlowsFromUsedInFinancingActivities" xlink:label="Loc_entity01205851_udf_CF_2023313104857948_CashFlowsFromUsedInFinancingActivities" xlink:type="locator" />
    <link:label xlink:type="resource" xlink:role="http://www.xbrl.org/2003/role/label" xlink:label="Label_label_entity01205851_udf_CF_2023313104857948_CashFlowsFromUsedInFinancingActivities_ko" xml:lang="ko" id="Label_label_entity01205851_udf_CF_2023313104857948_CashFlowsFromUsedInFinancingActivities_ko">장기사채의 감소</link:label>
    <link:labelArc xlink:arcrole="http://www.xbrl.org/2003/arcrole/concept-label" xlink:from="Loc_entity01205851_udf_CF_2023313104857948_CashFlowsFromUsedInFinancingActivities" xlink:to="Label_label_entity01205851_udf_CF_2023313104857948_CashFlowsFromUsedInFinancingActivities_ko" xlink:type="arc" />
    <link:label xlink:type="resource" xlink:role="http://www.xbrl.org/2003/role/documentation" xlink:label="Label_entity01205851_udf_CF_2023313104857948_CashFlowsFromUsedInFinancingActivities_ko_doc" xml:lang="ko">
    </link:label>
    <link:labelArc xlink:arcrole="http://www.xbrl.org/2003/arcrole/concept-label" xlink:from="Loc_entity01205851_udf_CF_2023313104857948_CashFlowsFromUsedInFinancingActivities" xlink:to="Label_entity01205851_udf_CF_2023313104857948_CashFlowsFromUsedInFinancingActivities_ko_doc" xlink:type="arc" />
    <link:loc xlink:href="http://dart.fss.or.kr/Resource/Taxonomy/ifrs/2019-10-01/full_ifrs-cor_2019-03-27.xsd#ifrs-full_PaymentsOfFinanceLeaseLiabilitiesClassifiedAsFinancingActivities" xlink:label="Loc_ifrs-full_PaymentsOfFinanceLeaseLiabilitiesClassifiedAsFinancingActivities" xlink:type="locator" />
    <link:label xlink:type="resource" xlink:role="http://www.xbrl.org/2009/role/negatedTerseLabel" xlink:label="Label_negatedTerseLabel_ifrs-full_PaymentsOfFinanceLeaseLiabilitiesClassifiedAsFinancingActivities_ko" xml:lang="ko" id="Label_negatedTerseLabel_ifrs-full_PaymentsOfFinanceLeaseLiabilitiesClassifiedAsFinancingActivities_ko">유동리스부채의 감소</link:label>
    <link:labelArc xlink:arcrole="http://www.xbrl.org/2003/arcrole/concept-label" xlink:from="Loc_ifrs-full_PaymentsOfFinanceLeaseLiabilitiesClassifiedAsFinancingActivities" xlink:to="Label_negatedTerseLabel_ifrs-full_PaymentsOfFinanceLeaseLiabilitiesClassifiedAsFinancingActivities_ko" xlink:type="arc" priority="1" />
    <link:loc xlink:href="http://dart.fss.or.kr/Resource/Taxonomy/ifrs/2019-10-01/dart_2019-10-01.xsd#dart_ProceedsFromBonds" xlink:label="Loc_dart_ProceedsFromBonds" xlink:type="locator" />
    <link:label xlink:type="resource" xlink:role="http://www.xbrl.org/2003/role/label" xlink:label="Label_label_dart_ProceedsFromBonds_ko" xml:lang="ko" id="Label_label_dart_ProceedsFromBonds_ko">사채의 발행</link:label>
    <link:labelArc xlink:arcrole="http://www.xbrl.org/2003/arcrole/concept-label" xlink:from="Loc_dart_ProceedsFromBonds" xlink:to="Label_label_dart_ProceedsFromBonds_ko" xlink:type="arc" priority="1" />
    <link:loc xlink:href="http://dart.fss.or.kr/Resource/Taxonomy/ifrs/2019-10-01/full_ifrs-cor_2019-03-27.xsd#ifrs-full_IncreaseDecreaseInCashAndCashEquivalents" xlink:label="Loc_ifrs-full_IncreaseDecreaseInCashAndCashEquivalents" xlink:type="locator" />
    <link:label xlink:type="resource" xlink:role="http://www.xbrl.org/2009/role/netLabel" xlink:label="Label_netLabel_ifrs-full_IncreaseDecreaseInCashAndCashEquivalents_ko" xml:lang="ko" id="Label_netLabel_ifrs-full_IncreaseDecreaseInCashAndCashEquivalents_ko">현금및현금성자산의 증가(감소)</link:label>
    <link:labelArc xlink:arcrole="http://www.xbrl.org/2003/arcrole/concept-label" xlink:from="Loc_ifrs-full_IncreaseDecreaseInCashAndCashEquivalents" xlink:to="Label_netLabel_ifrs-full_IncreaseDecreaseInCashAndCashEquivalents_ko" xlink:type="arc" priority="1" />
    <link:loc xlink:href="http://dart.fss.or.kr/Resource/Taxonomy/ifrs/2019-10-01/dart_2019-10-01.xsd#dart_CashAndCashEquivalentsAtBeginningOfPeriodCf" xlink:label="Loc_dart_CashAndCashEquivalentsAtBeginningOfPeriodCf" xlink:type="locator" />
    <link:label xlink:type="resource" xlink:role="http://www.xbrl.org/2003/role/label" xlink:label="Label_label_dart_CashAndCashEquivalentsAtBeginningOfPeriodCf_ko" xml:lang="ko" id="Label_label_dart_CashAndCashEquivalentsAtBeginningOfPeriodCf_ko">기초의 현금및현금성자산</link:label>
    <link:labelArc xlink:arcrole="http://www.xbrl.org/2003/arcrole/concept-label" xlink:from="Loc_dart_CashAndCashEquivalentsAtBeginningOfPeriodCf" xlink:to="Label_label_dart_CashAndCashEquivalentsAtBeginningOfPeriodCf_ko" xlink:type="arc" priority="1" />
    <link:loc xlink:href="http://dart.fss.or.kr/Resource/Taxonomy/ifrs/2019-10-01/dart_2019-10-01.xsd#dart_CashAndCashEquivalentsAtEndOfPeriodCf" xlink:label="Loc_dart_CashAndCashEquivalentsAtEndOfPeriodCf" xlink:type="locator" />
    <link:label xlink:type="resource" xlink:role="http://www.xbrl.org/2003/role/label" xlink:label="Label_label_dart_CashAndCashEquivalentsAtEndOfPeriodCf_ko" xml:lang="ko" id="Label_label_dart_CashAndCashEquivalentsAtEndOfPeriodCf_ko">기말의 현금및현금성자산</link:label>
    <link:labelArc xlink:arcrole="http://www.xbrl.org/2003/arcrole/concept-label" xlink:from="Loc_dart_CashAndCashEquivalentsAtEndOfPeriodCf" xlink:to="Label_label_dart_CashAndCashEquivalentsAtEndOfPeriodCf_ko" xlink:type="arc" priority="1" />
    <link:loc xlink:href="../01205851_entry_point_2017-06-30.xsd#entity01205851_udf_CF_202338104937794_CashFlowsFromUsedInFinancingActivities" xlink:label="Loc_entity01205851_udf_CF_202338104937794_CashFlowsFromUsedInFinancingActivities" xlink:type="locator" />
    <link:label xlink:type="resource" xlink:role="http://www.xbrl.org/2003/role/label" xlink:label="Label_label_entity01205851_udf_CF_202338104937794_CashFlowsFromUsedInFinancingActivities_ko" xml:lang="ko" id="Label_label_entity01205851_udf_CF_202338104937794_CashFlowsFromUsedInFinancingActivities_ko">장기사채의 감소</link:label>
    <link:labelArc xlink:arcrole="http://www.xbrl.org/2003/arcrole/concept-label" xlink:from="Loc_entity01205851_udf_CF_202338104937794_CashFlowsFromUsedInFinancingActivities" xlink:to="Label_label_entity01205851_udf_CF_202338104937794_CashFlowsFromUsedInFinancingActivities_ko" xlink:type="arc" />
    <link:label xlink:type="resource" xlink:role="http://www.xbrl.org/2003/role/documentation" xlink:label="Label_entity01205851_udf_CF_202338104937794_CashFlowsFromUsedInFinancingActivities_ko_doc" xml:lang="ko">
    </link:label>
    <link:labelArc xlink:arcrole="http://www.xbrl.org/2003/arcrole/concept-label" xlink:from="Loc_entity01205851_udf_CF_202338104937794_CashFlowsFromUsedInFinancingActivities" xlink:to="Label_entity01205851_udf_CF_202338104937794_CashFlowsFromUsedInFinancingActivities_ko_doc" xlink:type="arc" />
    <link:loc xlink:href="http://dart.fss.or.kr/Resource/Taxonomy/ifrs/2019-10-01/full_ifrs-cor_2019-03-27.xsd#ifrs-full_CurrentFinancialAssetsAtAmortisedCost" xlink:label="Loc_ifrs-full_CurrentFinancialAssetsAtAmortisedCost" xlink:type="locator" />
    <link:label xlink:type="resource" xlink:role="http://www.xbrl.org/2003/role/label" xlink:label="Label_label_ifrs-full_CurrentFinancialAssetsAtAmortisedCost_ko" xml:lang="ko" id="Label_label_ifrs-full_CurrentFinancialAssetsAtAmortisedCost_ko">단기금융자산</link:label>
    <link:labelArc xlink:arcrole="http://www.xbrl.org/2003/arcrole/concept-label" xlink:from="Loc_ifrs-full_CurrentFinancialAssetsAtAmortisedCost" xlink:to="Label_label_ifrs-full_CurrentFinancialAssetsAtAmortisedCost_ko" xlink:type="arc" priority="1" />
    <link:loc xlink:href="http://dart.fss.or.kr/Resource/Taxonomy/ifrs/2019-10-01/full_ifrs-cor_2019-03-27.xsd#ifrs-full_TradeAndOtherCurrentReceivables" xlink:label="Loc_ifrs-full_TradeAndOtherCurrentReceivables" xlink:type="locator" />
    <link:label xlink:type="resource" xlink:role="http://www.xbrl.org/2003/role/label" xlink:label="Label_label_ifrs-full_TradeAndOtherCurrentReceivables_ko" xml:lang="ko" id="Label_label_ifrs-full_TradeAndOtherCurrentReceivables_ko">매출채권 및 기타채권</link:label>
    <link:labelArc xlink:arcrole="http://www.xbrl.org/2003/arcrole/concept-label" xlink:from="Loc_ifrs-full_TradeAndOtherCurrentReceivables" xlink:to="Label_label_ifrs-full_TradeAndOtherCurrentReceivables_ko" xlink:type="arc" priority="1" />
    <link:loc xlink:href="http://dart.fss.or.kr/Resource/Taxonomy/ifrs/2019-10-01/dart_2019-10-01.xsd#dart_CurrentFirmCommitmentAsset" xlink:label="Loc_dart_CurrentFirmCommitmentAsset" xlink:type="locator" />
    <link:label xlink:type="resource" xlink:role="http://www.xbrl.org/2003/role/label" xlink:label="Label_label_dart_CurrentFirmCommitmentAsset_ko" xml:lang="ko" id="Label_label_dart_CurrentFirmCommitmentAsset_ko">계약자산</link:label>
    <link:labelArc xlink:arcrole="http://www.xbrl.org/2003/arcrole/concept-label" xlink:from="Loc_dart_CurrentFirmCommitmentAsset" xlink:to="Label_label_dart_CurrentFirmCommitmentAsset_ko" xlink:type="arc" priority="1" />
    <link:loc xlink:href="http://dart.fss.or.kr/Resource/Taxonomy/ifrs/2019-10-01/dart_2019-10-01.xsd#dart_CurrentDerivativeAsset" xlink:label="Loc_dart_CurrentDerivativeAsset" xlink:type="locator" />
    <link:label xlink:type="resource" xlink:role="http://www.xbrl.org/2003/role/label" xlink:label="Label_label_dart_CurrentDerivativeAsset_ko" xml:lang="ko" id="Label_label_dart_CurrentDerivativeAsset_ko">파생상품자산</link:label>
    <link:labelArc xlink:arcrole="http://www.xbrl.org/2003/arcrole/concept-label" xlink:from="Loc_dart_CurrentDerivativeAsset" xlink:to="Label_label_dart_CurrentDerivativeAsset_ko" xlink:type="arc" priority="1" />
    <link:loc xlink:href="http://dart.fss.or.kr/Resource/Taxonomy/ifrs/2019-10-01/full_ifrs-cor_2019-03-27.xsd#ifrs-full_InvestmentsInSubsidiaries" xlink:label="Loc_ifrs-full_InvestmentsInSubsidiaries" xlink:type="locator" />
    <link:label xlink:type="resource" xlink:role="http://www.xbrl.org/2003/role/label" xlink:label="Label_label_ifrs-full_InvestmentsInSubsidiaries_ko" xml:lang="ko" id="Label_label_ifrs-full_InvestmentsInSubsidiaries_ko">종속기업투자</link:label>
    <link:labelArc xlink:arcrole="http://www.xbrl.org/2003/arcrole/concept-label" xlink:from="Loc_ifrs-full_InvestmentsInSubsidiaries" xlink:to="Label_label_ifrs-full_InvestmentsInSubsidiaries_ko" xlink:type="arc" priority="1" />
    <link:loc xlink:href="http://dart.fss.or.kr/Resource/Taxonomy/ifrs/2019-10-01/full_ifrs-cor_2019-03-27.xsd#ifrs-full_OtherNoncurrentFinancialAssets" xlink:label="Loc_ifrs-full_OtherNoncurrentFinancialAssets" xlink:type="locator" />
    <link:label xlink:type="resource" xlink:role="http://www.xbrl.org/2003/role/label" xlink:label="Label_label_ifrs-full_OtherNoncurrentFinancialAssets_ko" xml:lang="ko" id="Label_label_ifrs-full_OtherNoncurrentFinancialAssets_ko">장기금융자산</link:label>
    <link:labelArc xlink:arcrole="http://www.xbrl.org/2003/arcrole/concept-label" xlink:from="Loc_ifrs-full_OtherNoncurrentFinancialAssets" xlink:to="Label_label_ifrs-full_OtherNoncurrentFinancialAssets_ko" xlink:type="arc" priority="1" />
    <link:loc xlink:href="http://dart.fss.or.kr/Resource/Taxonomy/ifrs/2019-10-01/dart_2019-10-01.xsd#dart_LongTermTradeAndOtherNonCurrentReceivablesGross" xlink:label="Loc_dart_LongTermTradeAndOtherNonCurrentReceivablesGross" xlink:type="locator" />
    <link:label xlink:type="resource" xlink:role="http://www.xbrl.org/2003/role/label" xlink:label="Label_label_dart_LongTermTradeAndOtherNonCurrentReceivablesGross_ko" xml:lang="ko" id="Label_label_dart_LongTermTradeAndOtherNonCurrentReceivablesGross_ko">장기매출채권 및 기타채권</link:label>
    <link:labelArc xlink:arcrole="http://www.xbrl.org/2003/arcrole/concept-label" xlink:from="Loc_dart_LongTermTradeAndOtherNonCurrentReceivablesGross" xlink:to="Label_label_dart_LongTermTradeAndOtherNonCurrentReceivablesGross_ko" xlink:type="arc" priority="1" />
    <link:loc xlink:href="http://dart.fss.or.kr/Resource/Taxonomy/ifrs/2019-10-01/full_ifrs-cor_2019-03-27.xsd#ifrs-full_InvestmentsInSubsidiariesJointVenturesAndAssociates" xlink:label="Loc_ifrs-full_InvestmentsInSubsidiariesJointVenturesAndAssociates" xlink:type="locator" />
    <link:label xlink:type="resource" xlink:role="http://www.xbrl.org/2003/role/label" xlink:label="Label_label_ifrs-full_InvestmentsInSubsidiariesJointVenturesAndAssociates_ko" xml:lang="ko" id="Label_label_ifrs-full_InvestmentsInSubsidiariesJointVenturesAndAssociates_ko">관계기업투자</link:label>
    <link:labelArc xlink:arcrole="http://www.xbrl.org/2003/arcrole/concept-label" xlink:from="Loc_ifrs-full_InvestmentsInSubsidiariesJointVenturesAndAssociates" xlink:to="Label_label_ifrs-full_InvestmentsInSubsidiariesJointVenturesAndAssociates_ko" xlink:type="arc" priority="1" />
    <link:loc xlink:href="http://dart.fss.or.kr/Resource/Taxonomy/ifrs/2019-10-01/full_ifrs-cor_2019-03-27.xsd#ifrs-full_IntangibleAssetsOtherThanGoodwill" xlink:label="Loc_ifrs-full_IntangibleAssetsOtherThanGoodwill" xlink:type="locator" />
    <link:label xlink:type="resource" xlink:role="http://www.xbrl.org/2003/role/label" xlink:label="Label_label_ifrs-full_IntangibleAssetsOtherThanGoodwill_ko" xml:lang="ko" id="Label_label_ifrs-full_IntangibleAssetsOtherThanGoodwill_ko">무형자산</link:label>
    <link:labelArc xlink:arcrole="http://www.xbrl.org/2003/arcrole/concept-label" xlink:from="Loc_ifrs-full_IntangibleAssetsOtherThanGoodwill" xlink:to="Label_label_ifrs-full_IntangibleAssetsOtherThanGoodwill_ko" xlink:type="arc" priority="1" />
    <link:loc xlink:href="http://dart.fss.or.kr/Resource/Taxonomy/ifrs/2019-10-01/dart_2019-10-01.xsd#dart_InvestedAssetForPostemploymentBenefit" xlink:label="Loc_dart_InvestedAssetForPostemploymentBenefit" xlink:type="locator" />
    <link:label xlink:type="resource" xlink:role="http://www.xbrl.org/2003/role/label" xlink:label="Label_label_dart_InvestedAssetForPostemploymentBenefit_ko" xml:lang="ko" id="Label_label_dart_InvestedAssetForPostemploymentBenefit_ko">확정급여자산</link:label>
    <link:labelArc xlink:arcrole="http://www.xbrl.org/2003/arcrole/concept-label" xlink:from="Loc_dart_InvestedAssetForPostemploymentBenefit" xlink:to="Label_label_dart_InvestedAssetForPostemploymentBenefit_ko" xlink:type="arc" priority="1" />
    <link:loc xlink:href="http://dart.fss.or.kr/Resource/Taxonomy/ifrs/2019-10-01/full_ifrs-cor_2019-03-27.xsd#ifrs-full_ShorttermBorrowings" xlink:label="Loc_ifrs-full_ShorttermBorrowings" xlink:type="locator" />
    <link:label xlink:type="resource" xlink:role="http://www.xbrl.org/2003/role/label" xlink:label="Label_label_ifrs-full_ShorttermBorrowings_ko" xml:lang="ko" id="Label_label_ifrs-full_ShorttermBorrowings_ko">단기금융부채</link:label>
    <link:labelArc xlink:arcrole="http://www.xbrl.org/2003/arcrole/concept-label" xlink:from="Loc_ifrs-full_ShorttermBorrowings" xlink:to="Label_label_ifrs-full_ShorttermBorrowings_ko" xlink:type="arc" priority="1" />
    <link:loc xlink:href="http://dart.fss.or.kr/Resource/Taxonomy/ifrs/2019-10-01/full_ifrs-cor_2019-03-27.xsd#ifrs-full_TradeAndOtherCurrentPayables" xlink:label="Loc_ifrs-full_TradeAndOtherCurrentPayables" xlink:type="locator" />
    <link:label xlink:type="resource" xlink:role="http://www.xbrl.org/2003/role/label" xlink:label="Label_label_ifrs-full_TradeAndOtherCurrentPayables_ko" xml:lang="ko" id="Label_label_ifrs-full_TradeAndOtherCurrentPayables_ko">매입채무 및 기타채무</link:label>
    <link:labelArc xlink:arcrole="http://www.xbrl.org/2003/arcrole/concept-label" xlink:from="Loc_ifrs-full_TradeAndOtherCurrentPayables" xlink:to="Label_label_ifrs-full_TradeAndOtherCurrentPayables_ko" xlink:type="arc" priority="1" />
    <link:loc xlink:href="http://dart.fss.or.kr/Resource/Taxonomy/ifrs/2019-10-01/dart_2019-10-01.xsd#dart_CurrentDerivativeLiabilities" xlink:label="Loc_dart_CurrentDerivativeLiabilities" xlink:type="locator" />
    <link:label xlink:type="resource" xlink:role="http://www.xbrl.org/2003/role/label" xlink:label="Label_label_dart_CurrentDerivativeLiabilities_ko" xml:lang="ko" id="Label_label_dart_CurrentDerivativeLiabilities_ko">파생상품부채</link:label>
    <link:labelArc xlink:arcrole="http://www.xbrl.org/2003/arcrole/concept-label" xlink:from="Loc_dart_CurrentDerivativeLiabilities" xlink:to="Label_label_dart_CurrentDerivativeLiabilities_ko" xlink:type="arc" priority="1" />
    <link:loc xlink:href="http://dart.fss.or.kr/Resource/Taxonomy/ifrs/2019-10-01/dart_2019-10-01.xsd#dart_LongTermBorrowingsGross" xlink:label="Loc_dart_LongTermBorrowingsGross" xlink:type="locator" />
    <link:label xlink:type="resource" xlink:role="http://www.xbrl.org/2003/role/label" xlink:label="Label_label_dart_LongTermBorrowingsGross_ko" xml:lang="ko" id="Label_label_dart_LongTermBorrowingsGross_ko">장기금융부채</link:label>
    <link:labelArc xlink:arcrole="http://www.xbrl.org/2003/arcrole/concept-label" xlink:from="Loc_dart_LongTermBorrowingsGross" xlink:to="Label_label_dart_LongTermBorrowingsGross_ko" xlink:type="arc" priority="1" />
    <link:loc xlink:href="http://dart.fss.or.kr/Resource/Taxonomy/ifrs/2019-10-01/dart_2019-10-01.xsd#dart_LongTermTradeAndOtherNonCurrentPayables" xlink:label="Loc_dart_LongTermTradeAndOtherNonCurrentPayables" xlink:type="locator" />
    <link:label xlink:type="resource" xlink:role="http://www.xbrl.org/2003/role/label" xlink:label="Label_label_dart_LongTermTradeAndOtherNonCurrentPayables_ko" xml:lang="ko" id="Label_label_dart_LongTermTradeAndOtherNonCurrentPayables_ko">장기매입채무 및 기타채무</link:label>
    <link:labelArc xlink:arcrole="http://www.xbrl.org/2003/arcrole/concept-label" xlink:from="Loc_dart_LongTermTradeAndOtherNonCurrentPayables" xlink:to="Label_label_dart_LongTermTradeAndOtherNonCurrentPayables_ko" xlink:type="arc" priority="1" />
    <link:loc xlink:href="http://dart.fss.or.kr/Resource/Taxonomy/ifrs/2019-10-01/dart_2019-10-01.xsd#dart_PostemploymentBenefitObligations" xlink:label="Loc_dart_PostemploymentBenefitObligations" xlink:type="locator" />
    <link:label xlink:type="resource" xlink:role="http://www.xbrl.org/2003/role/label" xlink:label="Label_label_dart_PostemploymentBenefitObligations_ko" xml:lang="ko" id="Label_label_dart_PostemploymentBenefitObligations_ko">확정급여부채</link:label>
    <link:labelArc xlink:arcrole="http://www.xbrl.org/2003/arcrole/concept-label" xlink:from="Loc_dart_PostemploymentBenefitObligations" xlink:to="Label_label_dart_PostemploymentBenefitObligations_ko" xlink:type="arc" priority="1" />
    <link:loc xlink:href="http://dart.fss.or.kr/Resource/Taxonomy/ifrs/2019-10-01/dart_2019-10-01.xsd#dart_ElementsOfOtherStockholdersEquity" xlink:label="Loc_dart_ElementsOfOtherStockholdersEquity" xlink:type="locator" />
    <link:label xlink:type="resource" xlink:role="http://www.xbrl.org/2003/role/label" xlink:label="Label_label_dart_ElementsOfOtherStockholdersEquity_ko" xml:lang="ko" id="Label_label_dart_ElementsOfOtherStockholdersEquity_ko">자본조정</link:label>
    <link:labelArc xlink:arcrole="http://www.xbrl.org/2003/arcrole/concept-label" xlink:from="Loc_dart_ElementsOfOtherStockholdersEquity" xlink:to="Label_label_dart_ElementsOfOtherStockholdersEquity_ko" xlink:type="arc" priority="1" />
  </link:labelLink>
</link:linkbase>