<?xml version="1.0" encoding="UTF-8"?>
<!-- Generated by DART -->
<link:linkbase xmlns:link="http://www.xbrl.org/2003/linkbase" xmlns:xlink="http://www.w3.org/1999/xlink" xmlns:xsi="http://www.w3.org/2001/XMLSchema-instance" xmlns:xbrli="http://www.xbrl.org/2003/instance" xsi:schemaLocation="http://www.xbrl.org/2003/linkbase http://www.xbrl.org/2003/xbrl-linkbase-2003-12-31.xsd">
  <link:roleRef roleURI="http://www.xbrl.org/2009/role/negatedLabel" xlink:type="simple" xlink:href="http://www.xbrl.org/lrr/role/negated-2009-12-16.xsd#negatedLabel" />
  <link:roleRef roleURI="http://www.xbrl.org/2009/role/negatedTerseLabel" xlink:type="simple" xlink:href="http://www.xbrl.org/lrr/role/negated-2009-12-16.xsd#negatedTerseLabel" />
  <link:roleRef roleURI="http://www.xbrl.org/2009/role/negatedTotalLabel" xlink:type="simple" xlink:href="http://www.xbrl.org/lrr/role/negated-2009-12-16.xsd#negatedTotalLabel" />
  <link:roleRef roleURI="http://www.xbrl.org/2009/role/negatedPeriodStartLabel" xlink:type="simple" xlink:href="http://www.xbrl.org/lrr/role/negated-2009-12-16.xsd#negatedPeriodStartLabel" />
  <link:roleRef roleURI="http://www.xbrl.org/2009/role/negatedPeriodEndLabel" xlink:type="simple" xlink:href="http://www.xbrl.org/lrr/role/negated-2009-12-16.xsd#negatedPeriodEndLabel" />
  <link:roleRef roleURI="http://www.xbrl.org/2009/role/netLabel" xlink:type="simple" xlink:href="http://www.xbrl.org/lrr/role/net-2009-12-16.xsd#netLabel" />
  <link:roleRef roleURI="http://dart.fss.or.kr/role/2019-10-01/ifrs/dart_label" xlink:type="simple" xlink:href="http://dart.fss.or.kr/Resource/Taxonomy/ifrs/2019-10-01/ifrs_for_dart/rol_dart-label_2019-10-01.xsd#dartLabel" />
  <link:labelLink xlink:type="extended" xlink:role="http://www.xbrl.org/2003/role/link">
    <link:loc xlink:href="../01205851_entry_point_2017-06-30.xsd#entity01205851_udf_IS_202338112344457_OtherComprehensiveIncomeThatWillNotBeReclassifiedToProfitOrLossNetOfTax" xlink:label="Loc_entity01205851_udf_IS_202338112344457_OtherComprehensiveIncomeThatWillNotBeReclassifiedToProfitOrLossNetOfTax" xlink:type="locator" />
    <link:label xlink:type="resource" xlink:role="http://www.xbrl.org/2003/role/label" xlink:label="Label_label_entity01205851_udf_IS_202338112344457_OtherComprehensiveIncomeThatWillNotBeReclassifiedToProfitOrLossNetOfTax_en" xml:lang="en" id="Label_label_entity01205851_udf_IS_202338112344457_OtherComprehensiveIncomeThatWillNotBeReclassifiedToProfitOrLossNetOfTax_en">Other comprehensive income</link:label>
    <link:labelArc xlink:arcrole="http://www.xbrl.org/2003/arcrole/concept-label" xlink:from="Loc_entity01205851_udf_IS_202338112344457_OtherComprehensiveIncomeThatWillNotBeReclassifiedToProfitOrLossNetOfTax" xlink:to="Label_label_entity01205851_udf_IS_202338112344457_OtherComprehensiveIncomeThatWillNotBeReclassifiedToProfitOrLossNetOfTax_en" xlink:type="arc" />
    <link:label xlink:type="resource" xlink:role="http://www.xbrl.org/2003/role/documentation" xlink:label="Label_entity01205851_udf_IS_202338112344457_OtherComprehensiveIncomeThatWillNotBeReclassifiedToProfitOrLossNetOfTax_en_doc" xml:lang="en">
    </link:label>
    <link:labelArc xlink:arcrole="http://www.xbrl.org/2003/arcrole/concept-label" xlink:from="Loc_entity01205851_udf_IS_202338112344457_OtherComprehensiveIncomeThatWillNotBeReclassifiedToProfitOrLossNetOfTax" xlink:to="Label_entity01205851_udf_IS_202338112344457_OtherComprehensiveIncomeThatWillNotBeReclassifiedToProfitOrLossNetOfTax_en_doc" xlink:type="arc" />
    <link:loc xlink:href="../01205851_entry_point_2017-06-30.xsd#entity01205851_udf_IS_2018518222636246_StatementOfComprehensiveIncomeAbstract" xlink:label="Loc_entity01205851_udf_IS_2018518222636246_StatementOfComprehensiveIncomeAbstract" xlink:type="locator" />
    <link:label xlink:type="resource" xlink:role="http://www.xbrl.org/2003/role/label" xlink:label="Label_label_entity01205851_udf_IS_2018518222636246_StatementOfComprehensiveIncomeAbstract_en" xml:lang="en" id="Label_label_entity01205851_udf_IS_2018518222636246_StatementOfComprehensiveIncomeAbstract_en">earning per share</link:label>
    <link:labelArc xlink:arcrole="http://www.xbrl.org/2003/arcrole/concept-label" xlink:from="Loc_entity01205851_udf_IS_2018518222636246_StatementOfComprehensiveIncomeAbstract" xlink:to="Label_label_entity01205851_udf_IS_2018518222636246_StatementOfComprehensiveIncomeAbstract_en" xlink:type="arc" />
    <link:label xlink:type="resource" xlink:role="http://www.xbrl.org/2003/role/documentation" xlink:label="Label_entity01205851_udf_IS_2018518222636246_StatementOfComprehensiveIncomeAbstract_en_doc" xml:lang="en">
    </link:label>
    <link:labelArc xlink:arcrole="http://www.xbrl.org/2003/arcrole/concept-label" xlink:from="Loc_entity01205851_udf_IS_2018518222636246_StatementOfComprehensiveIncomeAbstract" xlink:to="Label_entity01205851_udf_IS_2018518222636246_StatementOfComprehensiveIncomeAbstract_en_doc" xlink:type="arc" />
    <link:loc xlink:href="../01205851_entry_point_2017-06-30.xsd#entity01205851_udf_IS_201851822273662_udf_IS_2018518222636246_StatementOfComprehensiveIncomeAbstract" xlink:label="Loc_entity01205851_udf_IS_201851822273662_udf_IS_2018518222636246_StatementOfComprehensiveIncomeAbstract" xlink:type="locator" />
    <link:label xlink:type="resource" xlink:role="http://www.xbrl.org/2003/role/label" xlink:label="Label_label_entity01205851_udf_IS_201851822273662_udf_IS_2018518222636246_StatementOfComprehensiveIncomeAbstract_en" xml:lang="en" id="Label_label_entity01205851_udf_IS_201851822273662_udf_IS_2018518222636246_StatementOfComprehensiveIncomeAbstract_en">Basic earnings (loss) per share from continuing operations</link:label>
    <link:labelArc xlink:arcrole="http://www.xbrl.org/2003/arcrole/concept-label" xlink:from="Loc_entity01205851_udf_IS_201851822273662_udf_IS_2018518222636246_StatementOfComprehensiveIncomeAbstract" xlink:to="Label_label_entity01205851_udf_IS_201851822273662_udf_IS_2018518222636246_StatementOfComprehensiveIncomeAbstract_en" xlink:type="arc" />
    <link:label xlink:type="resource" xlink:role="http://www.xbrl.org/2003/role/documentation" xlink:label="Label_entity01205851_udf_IS_201851822273662_udf_IS_2018518222636246_StatementOfComprehensiveIncomeAbstract_en_doc" xml:lang="en">
    </link:label>
    <link:labelArc xlink:arcrole="http://www.xbrl.org/2003/arcrole/concept-label" xlink:from="Loc_entity01205851_udf_IS_201851822273662_udf_IS_2018518222636246_StatementOfComprehensiveIncomeAbstract" xlink:to="Label_entity01205851_udf_IS_201851822273662_udf_IS_2018518222636246_StatementOfComprehensiveIncomeAbstract_en_doc" xlink:type="arc" />
    <link:loc xlink:href="../01205851_entry_point_2017-06-30.xsd#entity01205851_udf_IS_2022811104843665_StatementOfComprehensiveIncomeAbstract" xlink:label="Loc_entity01205851_udf_IS_2022811104843665_StatementOfComprehensiveIncomeAbstract" xlink:type="locator" />
    <link:label xlink:type="resource" xlink:role="http://www.xbrl.org/2003/role/label" xlink:label="Label_label_entity01205851_udf_IS_2022811104843665_StatementOfComprehensiveIncomeAbstract_en" xml:lang="en" id="Label_label_entity01205851_udf_IS_2022811104843665_StatementOfComprehensiveIncomeAbstract_en">Profits (Losses) of associates and joint ventures accounted for using equity method</link:label>
    <link:labelArc xlink:arcrole="http://www.xbrl.org/2003/arcrole/concept-label" xlink:from="Loc_entity01205851_udf_IS_2022811104843665_StatementOfComprehensiveIncomeAbstract" xlink:to="Label_label_entity01205851_udf_IS_2022811104843665_StatementOfComprehensiveIncomeAbstract_en" xlink:type="arc" />
    <link:label xlink:type="resource" xlink:role="http://www.xbrl.org/2003/role/documentation" xlink:label="Label_entity01205851_udf_IS_2022811104843665_StatementOfComprehensiveIncomeAbstract_en_doc" xml:lang="en">
    </link:label>
    <link:labelArc xlink:arcrole="http://www.xbrl.org/2003/arcrole/concept-label" xlink:from="Loc_entity01205851_udf_IS_2022811104843665_StatementOfComprehensiveIncomeAbstract" xlink:to="Label_entity01205851_udf_IS_2022811104843665_StatementOfComprehensiveIncomeAbstract_en_doc" xlink:type="arc" />
    <link:loc xlink:href="../01205851_entry_point_2017-06-30.xsd#entity01205851_udf_IS_202337134040472_OtherComprehensiveIncomeThatWillNotBeReclassifiedToProfitOrLossNetOfTax" xlink:label="Loc_entity01205851_udf_IS_202337134040472_OtherComprehensiveIncomeThatWillNotBeReclassifiedToProfitOrLossNetOfTax" xlink:type="locator" />
    <link:label xlink:type="resource" xlink:role="http://www.xbrl.org/2003/role/label" xlink:label="Label_label_entity01205851_udf_IS_202337134040472_OtherComprehensiveIncomeThatWillNotBeReclassifiedToProfitOrLossNetOfTax_en" xml:lang="en" id="Label_label_entity01205851_udf_IS_202337134040472_OtherComprehensiveIncomeThatWillNotBeReclassifiedToProfitOrLossNetOfTax_en">Other comprehensive income</link:label>
    <link:labelArc xlink:arcrole="http://www.xbrl.org/2003/arcrole/concept-label" xlink:from="Loc_entity01205851_udf_IS_202337134040472_OtherComprehensiveIncomeThatWillNotBeReclassifiedToProfitOrLossNetOfTax" xlink:to="Label_label_entity01205851_udf_IS_202337134040472_OtherComprehensiveIncomeThatWillNotBeReclassifiedToProfitOrLossNetOfTax_en" xlink:type="arc" />
    <link:label xlink:type="resource" xlink:role="http://www.xbrl.org/2003/role/documentation" xlink:label="Label_entity01205851_udf_IS_202337134040472_OtherComprehensiveIncomeThatWillNotBeReclassifiedToProfitOrLossNetOfTax_en_doc" xml:lang="en">
    </link:label>
    <link:labelArc xlink:arcrole="http://www.xbrl.org/2003/arcrole/concept-label" xlink:from="Loc_entity01205851_udf_IS_202337134040472_OtherComprehensiveIncomeThatWillNotBeReclassifiedToProfitOrLossNetOfTax" xlink:to="Label_entity01205851_udf_IS_202337134040472_OtherComprehensiveIncomeThatWillNotBeReclassifiedToProfitOrLossNetOfTax_en_doc" xlink:type="arc" />
    <link:loc xlink:href="../01205851_entry_point_2017-06-30.xsd#entity01205851_udf_CE_202338135942328_StatementOfChangesInEquityLineItems" xlink:label="Loc_entity01205851_udf_CE_202338135942328_StatementOfChangesInEquityLineItems" xlink:type="locator" />
    <link:label xlink:type="resource" xlink:role="http://www.xbrl.org/2003/role/label" xlink:label="Label_label_entity01205851_udf_CE_202338135942328_StatementOfChangesInEquityLineItems_en" xml:lang="en" id="Label_label_entity01205851_udf_CE_202338135942328_StatementOfChangesInEquityLineItems_en">Other comprehensive income, net of tax, gains (losses) on revaluation</link:label>
    <link:labelArc xlink:arcrole="http://www.xbrl.org/2003/arcrole/concept-label" xlink:from="Loc_entity01205851_udf_CE_202338135942328_StatementOfChangesInEquityLineItems" xlink:to="Label_label_entity01205851_udf_CE_202338135942328_StatementOfChangesInEquityLineItems_en" xlink:type="arc" />
    <link:label xlink:type="resource" xlink:role="http://www.xbrl.org/2003/role/documentation" xlink:label="Label_entity01205851_udf_CE_202338135942328_StatementOfChangesInEquityLineItems_en_doc" xml:lang="en">
    </link:label>
    <link:labelArc xlink:arcrole="http://www.xbrl.org/2003/arcrole/concept-label" xlink:from="Loc_entity01205851_udf_CE_202338135942328_StatementOfChangesInEquityLineItems" xlink:to="Label_entity01205851_udf_CE_202338135942328_StatementOfChangesInEquityLineItems_en_doc" xlink:type="arc" />
    <link:loc xlink:href="../01205851_entry_point_2017-06-30.xsd#entity01205851_udf_CE_202338112553644_StatementOfChangesInEquityLineItems" xlink:label="Loc_entity01205851_udf_CE_202338112553644_StatementOfChangesInEquityLineItems" xlink:type="locator" />
    <link:label xlink:type="resource" xlink:role="http://www.xbrl.org/2003/role/label" xlink:label="Label_label_entity01205851_udf_CE_202338112553644_StatementOfChangesInEquityLineItems_en" xml:lang="en" id="Label_label_entity01205851_udf_CE_202338112553644_StatementOfChangesInEquityLineItems_en">Other comprehensive income(loss)</link:label>
    <link:labelArc xlink:arcrole="http://www.xbrl.org/2003/arcrole/concept-label" xlink:from="Loc_entity01205851_udf_CE_202338112553644_StatementOfChangesInEquityLineItems" xlink:to="Label_label_entity01205851_udf_CE_202338112553644_StatementOfChangesInEquityLineItems_en" xlink:type="arc" />
    <link:label xlink:type="resource" xlink:role="http://www.xbrl.org/2003/role/documentation" xlink:label="Label_entity01205851_udf_CE_202338112553644_StatementOfChangesInEquityLineItems_en_doc" xml:lang="en">
    </link:label>
    <link:labelArc xlink:arcrole="http://www.xbrl.org/2003/arcrole/concept-label" xlink:from="Loc_entity01205851_udf_CE_202338112553644_StatementOfChangesInEquityLineItems" xlink:to="Label_entity01205851_udf_CE_202338112553644_StatementOfChangesInEquityLineItems_en_doc" xlink:type="arc" />
    <link:loc xlink:href="../01205851_entry_point_2017-06-30.xsd#entity01205851_udf_CE_2022512115323777_StatementOfChangesInEquityLineItems" xlink:label="Loc_entity01205851_udf_CE_2022512115323777_StatementOfChangesInEquityLineItems" xlink:type="locator" />
    <link:label xlink:type="resource" xlink:role="http://www.xbrl.org/2003/role/label" xlink:label="Label_label_entity01205851_udf_CE_2022512115323777_StatementOfChangesInEquityLineItems_en" xml:lang="en" id="Label_label_entity01205851_udf_CE_2022512115323777_StatementOfChangesInEquityLineItems_en">transfer to retained earnings</link:label>
    <link:labelArc xlink:arcrole="http://www.xbrl.org/2003/arcrole/concept-label" xlink:from="Loc_entity01205851_udf_CE_2022512115323777_StatementOfChangesInEquityLineItems" xlink:to="Label_label_entity01205851_udf_CE_2022512115323777_StatementOfChangesInEquityLineItems_en" xlink:type="arc" />
    <link:label xlink:type="resource" xlink:role="http://www.xbrl.org/2003/role/documentation" xlink:label="Label_entity01205851_udf_CE_2022512115323777_StatementOfChangesInEquityLineItems_en_doc" xml:lang="en">
    </link:label>
    <link:labelArc xlink:arcrole="http://www.xbrl.org/2003/arcrole/concept-label" xlink:from="Loc_entity01205851_udf_CE_2022512115323777_StatementOfChangesInEquityLineItems" xlink:to="Label_entity01205851_udf_CE_2022512115323777_StatementOfChangesInEquityLineItems_en_doc" xlink:type="arc" />
    <link:loc xlink:href="../01205851_entry_point_2017-06-30.xsd#entity01205851_udf_CE_20233715161210_StatementOfChangesInEquityLineItems" xlink:label="Loc_entity01205851_udf_CE_20233715161210_StatementOfChangesInEquityLineItems" xlink:type="locator" />
    <link:label xlink:type="resource" xlink:role="http://www.xbrl.org/2003/role/label" xlink:label="Label_label_entity01205851_udf_CE_20233715161210_StatementOfChangesInEquityLineItems_en" xml:lang="en" id="Label_label_entity01205851_udf_CE_20233715161210_StatementOfChangesInEquityLineItems_en">Other comprehensive income(loss)</link:label>
    <link:labelArc xlink:arcrole="http://www.xbrl.org/2003/arcrole/concept-label" xlink:from="Loc_entity01205851_udf_CE_20233715161210_StatementOfChangesInEquityLineItems" xlink:to="Label_label_entity01205851_udf_CE_20233715161210_StatementOfChangesInEquityLineItems_en" xlink:type="arc" />
    <link:label xlink:type="resource" xlink:role="http://www.xbrl.org/2003/role/documentation" xlink:label="Label_entity01205851_udf_CE_20233715161210_StatementOfChangesInEquityLineItems_en_doc" xml:lang="en">
    </link:label>
    <link:labelArc xlink:arcrole="http://www.xbrl.org/2003/arcrole/concept-label" xlink:from="Loc_entity01205851_udf_CE_20233715161210_StatementOfChangesInEquityLineItems" xlink:to="Label_entity01205851_udf_CE_20233715161210_StatementOfChangesInEquityLineItems_en_doc" xlink:type="arc" />
    <link:loc xlink:href="../01205851_entry_point_2017-06-30.xsd#entity01205851_udf_CE_20233813233802_StatementOfChangesInEquityLineItems" xlink:label="Loc_entity01205851_udf_CE_20233813233802_StatementOfChangesInEquityLineItems" xlink:type="locator" />
    <link:label xlink:type="resource" xlink:role="http://www.xbrl.org/2003/role/label" xlink:label="Label_label_entity01205851_udf_CE_20233813233802_StatementOfChangesInEquityLineItems_en" xml:lang="en" id="Label_label_entity01205851_udf_CE_20233813233802_StatementOfChangesInEquityLineItems_en">Other comprehensive income, net of tax, gains (losses) on revaluation</link:label>
    <link:labelArc xlink:arcrole="http://www.xbrl.org/2003/arcrole/concept-label" xlink:from="Loc_entity01205851_udf_CE_20233813233802_StatementOfChangesInEquityLineItems" xlink:to="Label_label_entity01205851_udf_CE_20233813233802_StatementOfChangesInEquityLineItems_en" xlink:type="arc" />
    <link:label xlink:type="resource" xlink:role="http://www.xbrl.org/2003/role/documentation" xlink:label="Label_entity01205851_udf_CE_20233813233802_StatementOfChangesInEquityLineItems_en_doc" xml:lang="en">
    </link:label>
    <link:labelArc xlink:arcrole="http://www.xbrl.org/2003/arcrole/concept-label" xlink:from="Loc_entity01205851_udf_CE_20233813233802_StatementOfChangesInEquityLineItems" xlink:to="Label_entity01205851_udf_CE_20233813233802_StatementOfChangesInEquityLineItems_en_doc" xlink:type="arc" />
    <link:loc xlink:href="../01205851_entry_point_2017-06-30.xsd#entity01205851_udf_CE_202251211242289_StatementOfChangesInEquityLineItems" xlink:label="Loc_entity01205851_udf_CE_202251211242289_StatementOfChangesInEquityLineItems" xlink:type="locator" />
    <link:label xlink:type="resource" xlink:role="http://www.xbrl.org/2003/role/label" xlink:label="Label_label_entity01205851_udf_CE_202251211242289_StatementOfChangesInEquityLineItems_en" xml:lang="en" id="Label_label_entity01205851_udf_CE_202251211242289_StatementOfChangesInEquityLineItems_en">transfer to retained earnings</link:label>
    <link:labelArc xlink:arcrole="http://www.xbrl.org/2003/arcrole/concept-label" xlink:from="Loc_entity01205851_udf_CE_202251211242289_StatementOfChangesInEquityLineItems" xlink:to="Label_label_entity01205851_udf_CE_202251211242289_StatementOfChangesInEquityLineItems_en" xlink:type="arc" />
    <link:label xlink:type="resource" xlink:role="http://www.xbrl.org/2003/role/documentation" xlink:label="Label_entity01205851_udf_CE_202251211242289_StatementOfChangesInEquityLineItems_en_doc" xml:lang="en">
    </link:label>
    <link:labelArc xlink:arcrole="http://www.xbrl.org/2003/arcrole/concept-label" xlink:from="Loc_entity01205851_udf_CE_202251211242289_StatementOfChangesInEquityLineItems" xlink:to="Label_entity01205851_udf_CE_202251211242289_StatementOfChangesInEquityLineItems_en_doc" xlink:type="arc" />
    <link:loc xlink:href="../01205851_entry_point_2017-06-30.xsd#entity01205851_udf_CE_2022811103630658_StatementOfChangesInEquityLineItems" xlink:label="Loc_entity01205851_udf_CE_2022811103630658_StatementOfChangesInEquityLineItems" xlink:type="locator" />
    <link:label xlink:type="resource" xlink:role="http://www.xbrl.org/2003/role/label" xlink:label="Label_label_entity01205851_udf_CE_2022811103630658_StatementOfChangesInEquityLineItems_en" xml:lang="en" id="Label_label_entity01205851_udf_CE_2022811103630658_StatementOfChangesInEquityLineItems_en">stock option extinction of subsidiaries</link:label>
    <link:labelArc xlink:arcrole="http://www.xbrl.org/2003/arcrole/concept-label" xlink:from="Loc_entity01205851_udf_CE_2022811103630658_StatementOfChangesInEquityLineItems" xlink:to="Label_label_entity01205851_udf_CE_2022811103630658_StatementOfChangesInEquityLineItems_en" xlink:type="arc" />
    <link:label xlink:type="resource" xlink:role="http://www.xbrl.org/2003/role/documentation" xlink:label="Label_entity01205851_udf_CE_2022811103630658_StatementOfChangesInEquityLineItems_en_doc" xml:lang="en">
    </link:label>
    <link:labelArc xlink:arcrole="http://www.xbrl.org/2003/arcrole/concept-label" xlink:from="Loc_entity01205851_udf_CE_2022811103630658_StatementOfChangesInEquityLineItems" xlink:to="Label_entity01205851_udf_CE_2022811103630658_StatementOfChangesInEquityLineItems_en_doc" xlink:type="arc" />
    <link:loc xlink:href="../01205851_entry_point_2017-06-30.xsd#entity01205851_udf_CF_2023313104857948_CashFlowsFromUsedInFinancingActivities" xlink:label="Loc_entity01205851_udf_CF_2023313104857948_CashFlowsFromUsedInFinancingActivities" xlink:type="locator" />
    <link:label xlink:type="resource" xlink:role="http://www.xbrl.org/2003/role/label" xlink:label="Label_label_entity01205851_udf_CF_2023313104857948_CashFlowsFromUsedInFinancingActivities_en" xml:lang="en" id="Label_label_entity01205851_udf_CF_2023313104857948_CashFlowsFromUsedInFinancingActivities_en">Repayments of Long bonds</link:label>
    <link:labelArc xlink:arcrole="http://www.xbrl.org/2003/arcrole/concept-label" xlink:from="Loc_entity01205851_udf_CF_2023313104857948_CashFlowsFromUsedInFinancingActivities" xlink:to="Label_label_entity01205851_udf_CF_2023313104857948_CashFlowsFromUsedInFinancingActivities_en" xlink:type="arc" />
    <link:label xlink:type="resource" xlink:role="http://www.xbrl.org/2003/role/documentation" xlink:label="Label_entity01205851_udf_CF_2023313104857948_CashFlowsFromUsedInFinancingActivities_en_doc" xml:lang="en">
    </link:label>
    <link:labelArc xlink:arcrole="http://www.xbrl.org/2003/arcrole/concept-label" xlink:from="Loc_entity01205851_udf_CF_2023313104857948_CashFlowsFromUsedInFinancingActivities" xlink:to="Label_entity01205851_udf_CF_2023313104857948_CashFlowsFromUsedInFinancingActivities_en_doc" xlink:type="arc" />
    <link:loc xlink:href="../01205851_entry_point_2017-06-30.xsd#entity01205851_udf_CF_202338104937794_CashFlowsFromUsedInFinancingActivities" xlink:label="Loc_entity01205851_udf_CF_202338104937794_CashFlowsFromUsedInFinancingActivities" xlink:type="locator" />
    <link:label xlink:type="resource" xlink:role="http://www.xbrl.org/2003/role/label" xlink:label="Label_label_entity01205851_udf_CF_202338104937794_CashFlowsFromUsedInFinancingActivities_en" xml:lang="en" id="Label_label_entity01205851_udf_CF_202338104937794_CashFlowsFromUsedInFinancingActivities_en">Repayments of Long bonds</link:label>
    <link:labelArc xlink:arcrole="http://www.xbrl.org/2003/arcrole/concept-label" xlink:from="Loc_entity01205851_udf_CF_202338104937794_CashFlowsFromUsedInFinancingActivities" xlink:to="Label_label_entity01205851_udf_CF_202338104937794_CashFlowsFromUsedInFinancingActivities_en" xlink:type="arc" />
    <link:label xlink:type="resource" xlink:role="http://www.xbrl.org/2003/role/documentation" xlink:label="Label_entity01205851_udf_CF_202338104937794_CashFlowsFromUsedInFinancingActivities_en_doc" xml:lang="en">
    </link:label>
    <link:labelArc xlink:arcrole="http://www.xbrl.org/2003/arcrole/concept-label" xlink:from="Loc_entity01205851_udf_CF_202338104937794_CashFlowsFromUsedInFinancingActivities" xlink:to="Label_entity01205851_udf_CF_202338104937794_CashFlowsFromUsedInFinancingActivities_en_doc" xlink:type="arc" />
  </link:labelLink>
</link:linkbase>