<?xml version="1.0" encoding="UTF-8"?>
<!-- Generated by DART -->
<link:linkbase xmlns:link="http://www.xbrl.org/2003/linkbase" xmlns:xlink="http://www.w3.org/1999/xlink" xmlns:xsi="http://www.w3.org/2001/XMLSchema-instance" xmlns:xbrli="http://www.xbrl.org/2003/instance" xsi:schemaLocation="http://www.xbrl.org/2003/linkbase http://www.xbrl.org/2003/xbrl-linkbase-2003-12-31.xsd">
  <link:roleRef roleURI="http://www.xbrl.org/2009/role/negatedLabel" xlink:type="simple" xlink:href="http://www.xbrl.org/lrr/role/negated-2009-12-16.xsd#negatedLabel" />
  <link:roleRef roleURI="http://www.xbrl.org/2009/role/negatedTerseLabel" xlink:type="simple" xlink:href="http://www.xbrl.org/lrr/role/negated-2009-12-16.xsd#negatedTerseLabel" />
  <link:roleRef roleURI="http://www.xbrl.org/2009/role/negatedTotalLabel" xlink:type="simple" xlink:href="http://www.xbrl.org/lrr/role/negated-2009-12-16.xsd#negatedTotalLabel" />
  <link:roleRef roleURI="http://www.xbrl.org/2009/role/negatedPeriodStartLabel" xlink:type="simple" xlink:href="http://www.xbrl.org/lrr/role/negated-2009-12-16.xsd#negatedPeriodStartLabel" />
  <link:roleRef roleURI="http://www.xbrl.org/2009/role/negatedPeriodEndLabel" xlink:type="simple" xlink:href="http://www.xbrl.org/lrr/role/negated-2009-12-16.xsd#negatedPeriodEndLabel" />
  <link:roleRef roleURI="http://www.xbrl.org/2009/role/netLabel" xlink:type="simple" xlink:href="http://www.xbrl.org/lrr/role/net-2009-12-16.xsd#netLabel" />
  <link:roleRef roleURI="http://dart.fss.or.kr/role/2019-10-01/ifrs/dart_label" xlink:type="simple" xlink:href="http://dart.fss.or.kr/Resource/Taxonomy/ifrs/2019-10-01/ifrs_for_dart/rol_dart-label_2019-10-01.xsd#dartLabel" />
  <link:labelLink xlink:type="extended" xlink:role="http://www.xbrl.org/2003/role/link">
    <link:loc xlink:href="../00302926_entry_point_2019-11-14.xsd#entity00302926_udf_IS_201911684041329_StatementOfComprehensiveIncomeAbstract" xlink:label="Loc_entity00302926_udf_IS_201911684041329_StatementOfComprehensiveIncomeAbstract" xlink:type="locator" />
    <link:label xlink:type="resource" xlink:role="http://www.xbrl.org/2003/role/label" xlink:label="Label_label_entity00302926_udf_IS_201911684041329_StatementOfComprehensiveIncomeAbstract_en" xml:lang="en" id="Label_label_entity00302926_udf_IS_201911684041329_StatementOfComprehensiveIncomeAbstract_en">Shares of profit of associates</link:label>
    <link:labelArc xlink:arcrole="http://www.xbrl.org/2003/arcrole/concept-label" xlink:from="Loc_entity00302926_udf_IS_201911684041329_StatementOfComprehensiveIncomeAbstract" xlink:to="Label_label_entity00302926_udf_IS_201911684041329_StatementOfComprehensiveIncomeAbstract_en" xlink:type="arc" />
    <link:label xlink:type="resource" xlink:role="http://www.xbrl.org/2003/role/documentation" xlink:label="Label_entity00302926_udf_IS_201911684041329_StatementOfComprehensiveIncomeAbstract_en_doc" xml:lang="en">
    </link:label>
    <link:labelArc xlink:arcrole="http://www.xbrl.org/2003/arcrole/concept-label" xlink:from="Loc_entity00302926_udf_IS_201911684041329_StatementOfComprehensiveIncomeAbstract" xlink:to="Label_entity00302926_udf_IS_201911684041329_StatementOfComprehensiveIncomeAbstract_en_doc" xlink:type="arc" />
    <link:loc xlink:href="http://dart.fss.or.kr/Resource/Taxonomy/ifrs/2019-10-01/dart_2019-10-01.xsd#dart_AppropriationTransferReservationOfRetainedEarnings" xlink:label="Loc_dart_AppropriationTransferReservationOfRetainedEarnings" xlink:type="locator" />
    <link:label xlink:type="resource" xlink:role="http://www.xbrl.org/2003/role/label" xlink:label="Label_label_dart_AppropriationTransferReservationOfRetainedEarnings_en" xml:lang="en" id="Label_label_dart_AppropriationTransferReservationOfRetainedEarnings_en">Retained earnings of associates</link:label>
    <link:labelArc xlink:arcrole="http://www.xbrl.org/2003/arcrole/concept-label" xlink:from="Loc_dart_AppropriationTransferReservationOfRetainedEarnings" xlink:to="Label_label_dart_AppropriationTransferReservationOfRetainedEarnings_en" xlink:type="arc" priority="1" />
    <link:loc xlink:href="http://dart.fss.or.kr/Resource/Taxonomy/ifrs/2019-10-01/dart_2019-10-01.xsd#dart_DecreaseInEquityInvestments" xlink:label="Loc_dart_DecreaseInEquityInvestments" xlink:type="locator" />
    <link:label xlink:type="resource" xlink:role="http://www.xbrl.org/2003/role/label" xlink:label="Label_label_dart_DecreaseInEquityInvestments_en" xml:lang="en" id="Label_label_dart_DecreaseInEquityInvestments_en">Decrease in longtern deposit</link:label>
    <link:labelArc xlink:arcrole="http://www.xbrl.org/2003/arcrole/concept-label" xlink:from="Loc_dart_DecreaseInEquityInvestments" xlink:to="Label_label_dart_DecreaseInEquityInvestments_en" xlink:type="arc" priority="1" />
    <link:loc xlink:href="http://dart.fss.or.kr/Resource/Taxonomy/ifrs/2019-10-01/dart_2019-10-01.xsd#dart_PurchaseOfShortTermLoansAndReceivables" xlink:label="Loc_dart_PurchaseOfShortTermLoansAndReceivables" xlink:type="locator" />
    <link:label xlink:type="resource" xlink:role="http://www.xbrl.org/2003/role/label" xlink:label="Label_label_dart_PurchaseOfShortTermLoansAndReceivables_en" xml:lang="en" id="Label_label_dart_PurchaseOfShortTermLoansAndReceivables_en">Increase of short-term allowance</link:label>
    <link:labelArc xlink:arcrole="http://www.xbrl.org/2003/arcrole/concept-label" xlink:from="Loc_dart_PurchaseOfShortTermLoansAndReceivables" xlink:to="Label_label_dart_PurchaseOfShortTermLoansAndReceivables_en" xlink:type="arc" priority="1" />
    <link:loc xlink:href="http://dart.fss.or.kr/Resource/Taxonomy/ifrs/2019-10-01/dart_2019-10-01.xsd#dart_PurchaseOfLoansAndReceivables" xlink:label="Loc_dart_PurchaseOfLoansAndReceivables" xlink:type="locator" />
    <link:label xlink:type="resource" xlink:role="http://www.xbrl.org/2003/role/label" xlink:label="Label_label_dart_PurchaseOfLoansAndReceivables_en" xml:lang="en" id="Label_label_dart_PurchaseOfLoansAndReceivables_en">Increase of longterm deposit</link:label>
    <link:labelArc xlink:arcrole="http://www.xbrl.org/2003/arcrole/concept-label" xlink:from="Loc_dart_PurchaseOfLoansAndReceivables" xlink:to="Label_label_dart_PurchaseOfLoansAndReceivables_en" xlink:type="arc" priority="1" />
    <link:loc xlink:href="../00302926_entry_point_2019-11-14.xsd#entity00302926_udf_BS_2019115145637976_NoncurrentAssets" xlink:label="Loc_entity00302926_udf_BS_2019115145637976_NoncurrentAssets" xlink:type="locator" />
    <link:label xlink:type="resource" xlink:role="http://www.xbrl.org/2003/role/label" xlink:label="Label_label_entity00302926_udf_BS_2019115145637976_NoncurrentAssets_en" xml:lang="en" id="Label_label_entity00302926_udf_BS_2019115145637976_NoncurrentAssets_en">Other Longterm Account Receivable</link:label>
    <link:labelArc xlink:arcrole="http://www.xbrl.org/2003/arcrole/concept-label" xlink:from="Loc_entity00302926_udf_BS_2019115145637976_NoncurrentAssets" xlink:to="Label_label_entity00302926_udf_BS_2019115145637976_NoncurrentAssets_en" xlink:type="arc" />
    <link:label xlink:type="resource" xlink:role="http://www.xbrl.org/2003/role/documentation" xlink:label="Label_entity00302926_udf_BS_2019115145637976_NoncurrentAssets_en_doc" xml:lang="en">
    </link:label>
    <link:labelArc xlink:arcrole="http://www.xbrl.org/2003/arcrole/concept-label" xlink:from="Loc_entity00302926_udf_BS_2019115145637976_NoncurrentAssets" xlink:to="Label_entity00302926_udf_BS_2019115145637976_NoncurrentAssets_en_doc" xlink:type="arc" />
    <link:loc xlink:href="../00302926_entry_point_2019-11-14.xsd#entity00302926_udf_BS_201911514580251_NoncurrentAssets" xlink:label="Loc_entity00302926_udf_BS_201911514580251_NoncurrentAssets" xlink:type="locator" />
    <link:label xlink:type="resource" xlink:role="http://www.xbrl.org/2003/role/label" xlink:label="Label_label_entity00302926_udf_BS_201911514580251_NoncurrentAssets_en" xml:lang="en" id="Label_label_entity00302926_udf_BS_201911514580251_NoncurrentAssets_en">Investment in associates</link:label>
    <link:labelArc xlink:arcrole="http://www.xbrl.org/2003/arcrole/concept-label" xlink:from="Loc_entity00302926_udf_BS_201911514580251_NoncurrentAssets" xlink:to="Label_label_entity00302926_udf_BS_201911514580251_NoncurrentAssets_en" xlink:type="arc" />
    <link:label xlink:type="resource" xlink:role="http://www.xbrl.org/2003/role/documentation" xlink:label="Label_entity00302926_udf_BS_201911514580251_NoncurrentAssets_en_doc" xml:lang="en">
    </link:label>
    <link:labelArc xlink:arcrole="http://www.xbrl.org/2003/arcrole/concept-label" xlink:from="Loc_entity00302926_udf_BS_201911514580251_NoncurrentAssets" xlink:to="Label_entity00302926_udf_BS_201911514580251_NoncurrentAssets_en_doc" xlink:type="arc" />
    <link:loc xlink:href="../00302926_entry_point_2019-11-14.xsd#entity00302926_udf_BS_2019115145818760_NoncurrentAssets" xlink:label="Loc_entity00302926_udf_BS_2019115145818760_NoncurrentAssets" xlink:type="locator" />
    <link:label xlink:type="resource" xlink:role="http://www.xbrl.org/2003/role/label" xlink:label="Label_label_entity00302926_udf_BS_2019115145818760_NoncurrentAssets_en" xml:lang="en" id="Label_label_entity00302926_udf_BS_2019115145818760_NoncurrentAssets_en">Investment in related party</link:label>
    <link:labelArc xlink:arcrole="http://www.xbrl.org/2003/arcrole/concept-label" xlink:from="Loc_entity00302926_udf_BS_2019115145818760_NoncurrentAssets" xlink:to="Label_label_entity00302926_udf_BS_2019115145818760_NoncurrentAssets_en" xlink:type="arc" />
    <link:label xlink:type="resource" xlink:role="http://www.xbrl.org/2003/role/documentation" xlink:label="Label_entity00302926_udf_BS_2019115145818760_NoncurrentAssets_en_doc" xml:lang="en">
    </link:label>
    <link:labelArc xlink:arcrole="http://www.xbrl.org/2003/arcrole/concept-label" xlink:from="Loc_entity00302926_udf_BS_2019115145818760_NoncurrentAssets" xlink:to="Label_entity00302926_udf_BS_2019115145818760_NoncurrentAssets_en_doc" xlink:type="arc" />
    <link:loc xlink:href="../00302926_entry_point_2019-11-14.xsd#entity00302926_udf_BS_2019115151428536_NoncurrentLiabilities" xlink:label="Loc_entity00302926_udf_BS_2019115151428536_NoncurrentLiabilities" xlink:type="locator" />
    <link:label xlink:type="resource" xlink:role="http://www.xbrl.org/2003/role/label" xlink:label="Label_label_entity00302926_udf_BS_2019115151428536_NoncurrentLiabilities_en" xml:lang="en" id="Label_label_entity00302926_udf_BS_2019115151428536_NoncurrentLiabilities_en">Net defined benefit liability</link:label>
    <link:labelArc xlink:arcrole="http://www.xbrl.org/2003/arcrole/concept-label" xlink:from="Loc_entity00302926_udf_BS_2019115151428536_NoncurrentLiabilities" xlink:to="Label_label_entity00302926_udf_BS_2019115151428536_NoncurrentLiabilities_en" xlink:type="arc" />
    <link:label xlink:type="resource" xlink:role="http://www.xbrl.org/2003/role/documentation" xlink:label="Label_entity00302926_udf_BS_2019115151428536_NoncurrentLiabilities_en_doc" xml:lang="en">
    </link:label>
    <link:labelArc xlink:arcrole="http://www.xbrl.org/2003/arcrole/concept-label" xlink:from="Loc_entity00302926_udf_BS_2019115151428536_NoncurrentLiabilities" xlink:to="Label_entity00302926_udf_BS_2019115151428536_NoncurrentLiabilities_en_doc" xlink:type="arc" />
    <link:loc xlink:href="../00302926_entry_point_2019-11-14.xsd#entity00302926_udf_BS_2019115102741629_NoncurrentLiabilities" xlink:label="Loc_entity00302926_udf_BS_2019115102741629_NoncurrentLiabilities" xlink:type="locator" />
    <link:label xlink:type="resource" xlink:role="http://www.xbrl.org/2003/role/label" xlink:label="Label_label_entity00302926_udf_BS_2019115102741629_NoncurrentLiabilities_en" xml:lang="en" id="Label_label_entity00302926_udf_BS_2019115102741629_NoncurrentLiabilities_en">Net Defined Wages Liability</link:label>
    <link:labelArc xlink:arcrole="http://www.xbrl.org/2003/arcrole/concept-label" xlink:from="Loc_entity00302926_udf_BS_2019115102741629_NoncurrentLiabilities" xlink:to="Label_label_entity00302926_udf_BS_2019115102741629_NoncurrentLiabilities_en" xlink:type="arc" />
    <link:label xlink:type="resource" xlink:role="http://www.xbrl.org/2003/role/documentation" xlink:label="Label_entity00302926_udf_BS_2019115102741629_NoncurrentLiabilities_en_doc" xml:lang="en">
    </link:label>
    <link:labelArc xlink:arcrole="http://www.xbrl.org/2003/arcrole/concept-label" xlink:from="Loc_entity00302926_udf_BS_2019115102741629_NoncurrentLiabilities" xlink:to="Label_entity00302926_udf_BS_2019115102741629_NoncurrentLiabilities_en_doc" xlink:type="arc" />
  </link:labelLink>
</link:linkbase>