<?xml version="1.0" encoding="UTF-8"?>
<!-- Generated by DART -->
<link:linkbase xmlns:link="http://www.xbrl.org/2003/linkbase" xmlns:xlink="http://www.w3.org/1999/xlink" xmlns:xsi="http://www.w3.org/2001/XMLSchema-instance" xmlns:xbrli="http://www.xbrl.org/2003/instance" xsi:schemaLocation="http://www.xbrl.org/2003/linkbase http://www.xbrl.org/2003/xbrl-linkbase-2003-12-31.xsd">
  <link:roleRef roleURI="http://www.xbrl.org/2009/role/negatedLabel" xlink:type="simple" xlink:href="http://www.xbrl.org/lrr/role/negated-2009-12-16.xsd#negatedLabel" />
  <link:roleRef roleURI="http://www.xbrl.org/2009/role/negatedTerseLabel" xlink:type="simple" xlink:href="http://www.xbrl.org/lrr/role/negated-2009-12-16.xsd#negatedTerseLabel" />
  <link:roleRef roleURI="http://www.xbrl.org/2009/role/negatedTotalLabel" xlink:type="simple" xlink:href="http://www.xbrl.org/lrr/role/negated-2009-12-16.xsd#negatedTotalLabel" />
  <link:roleRef roleURI="http://www.xbrl.org/2009/role/negatedPeriodStartLabel" xlink:type="simple" xlink:href="http://www.xbrl.org/lrr/role/negated-2009-12-16.xsd#negatedPeriodStartLabel" />
  <link:roleRef roleURI="http://www.xbrl.org/2009/role/negatedPeriodEndLabel" xlink:type="simple" xlink:href="http://www.xbrl.org/lrr/role/negated-2009-12-16.xsd#negatedPeriodEndLabel" />
  <link:roleRef roleURI="http://www.xbrl.org/2009/role/netLabel" xlink:type="simple" xlink:href="http://www.xbrl.org/lrr/role/net-2009-12-16.xsd#netLabel" />
  <link:roleRef roleURI="http://dart.fss.or.kr/role/2019-10-01/ifrs/dart_label" xlink:type="simple" xlink:href="http://dart.fss.or.kr/Resource/Taxonomy/ifrs/2019-10-01/ifrs_for_dart/rol_dart-label_2019-10-01.xsd#dartLabel" />
  <link:labelLink xlink:type="extended" xlink:role="http://www.xbrl.org/2003/role/link">
    <link:loc xlink:href="http://dart.fss.or.kr/Resource/Taxonomy/ifrs/2019-10-01/full_ifrs-cor_2019-03-27.xsd#ifrs-full_Revenue" xlink:label="Loc_ifrs-full_Revenue" xlink:type="locator" />
    <link:label xlink:type="resource" xlink:role="http://www.xbrl.org/2003/role/label" xlink:label="Label_label_ifrs-full_Revenue_ko" xml:lang="ko" id="Label_label_ifrs-full_Revenue_ko">매출액</link:label>
    <link:labelArc xlink:arcrole="http://www.xbrl.org/2003/arcrole/concept-label" xlink:from="Loc_ifrs-full_Revenue" xlink:to="Label_label_ifrs-full_Revenue_ko" xlink:type="arc" priority="1" />
    <link:loc xlink:href="http://dart.fss.or.kr/Resource/Taxonomy/ifrs/2019-10-01/dart_2019-10-01.xsd#dart_OperatingIncomeLoss" xlink:label="Loc_dart_OperatingIncomeLoss" xlink:type="locator" />
    <link:label xlink:type="resource" xlink:role="http://www.xbrl.org/2003/role/label" xlink:label="Label_label_dart_OperatingIncomeLoss_ko" xml:lang="ko" id="Label_label_dart_OperatingIncomeLoss_ko">영업손익</link:label>
    <link:labelArc xlink:arcrole="http://www.xbrl.org/2003/arcrole/concept-label" xlink:from="Loc_dart_OperatingIncomeLoss" xlink:to="Label_label_dart_OperatingIncomeLoss_ko" xlink:type="arc" priority="1" />
    <link:loc xlink:href="http://dart.fss.or.kr/Resource/Taxonomy/ifrs/2019-10-01/dart_2019-10-01.xsd#dart_OtherGains" xlink:label="Loc_dart_OtherGains" xlink:type="locator" />
    <link:label xlink:type="resource" xlink:role="http://www.xbrl.org/2003/role/label" xlink:label="Label_label_dart_OtherGains_ko" xml:lang="ko" id="Label_label_dart_OtherGains_ko">기타수익</link:label>
    <link:labelArc xlink:arcrole="http://www.xbrl.org/2003/arcrole/concept-label" xlink:from="Loc_dart_OtherGains" xlink:to="Label_label_dart_OtherGains_ko" xlink:type="arc" priority="1" />
    <link:loc xlink:href="http://dart.fss.or.kr/Resource/Taxonomy/ifrs/2019-10-01/dart_2019-10-01.xsd#dart_OtherLosses" xlink:label="Loc_dart_OtherLosses" xlink:type="locator" />
    <link:label xlink:type="resource" xlink:role="http://www.xbrl.org/2003/role/label" xlink:label="Label_label_dart_OtherLosses_ko" xml:lang="ko" id="Label_label_dart_OtherLosses_ko">기타비용</link:label>
    <link:labelArc xlink:arcrole="http://www.xbrl.org/2003/arcrole/concept-label" xlink:from="Loc_dart_OtherLosses" xlink:to="Label_label_dart_OtherLosses_ko" xlink:type="arc" priority="1" />
    <link:loc xlink:href="http://dart.fss.or.kr/Resource/Taxonomy/ifrs/2019-10-01/full_ifrs-cor_2019-03-27.xsd#ifrs-full_FinanceCosts" xlink:label="Loc_ifrs-full_FinanceCosts" xlink:type="locator" />
    <link:label xlink:type="resource" xlink:role="http://www.xbrl.org/2003/role/label" xlink:label="Label_label_ifrs-full_FinanceCosts_ko" xml:lang="ko" id="Label_label_ifrs-full_FinanceCosts_ko">금융비용</link:label>
    <link:labelArc xlink:arcrole="http://www.xbrl.org/2003/arcrole/concept-label" xlink:from="Loc_ifrs-full_FinanceCosts" xlink:to="Label_label_ifrs-full_FinanceCosts_ko" xlink:type="arc" priority="1" />
    <link:loc xlink:href="http://dart.fss.or.kr/Resource/Taxonomy/ifrs/2019-10-01/full_ifrs-cor_2019-03-27.xsd#ifrs-full_ProfitLossBeforeTax" xlink:label="Loc_ifrs-full_ProfitLossBeforeTax" xlink:type="locator" />
    <link:label xlink:type="resource" xlink:role="http://www.xbrl.org/2003/role/label" xlink:label="Label_label_ifrs-full_ProfitLossBeforeTax_ko" xml:lang="ko" id="Label_label_ifrs-full_ProfitLossBeforeTax_ko">법인세비용차감전순손익</link:label>
    <link:labelArc xlink:arcrole="http://www.xbrl.org/2003/arcrole/concept-label" xlink:from="Loc_ifrs-full_ProfitLossBeforeTax" xlink:to="Label_label_ifrs-full_ProfitLossBeforeTax_ko" xlink:type="arc" priority="1" />
    <link:loc xlink:href="http://dart.fss.or.kr/Resource/Taxonomy/ifrs/2019-10-01/full_ifrs-cor_2019-03-27.xsd#ifrs-full_IncomeTaxExpenseContinuingOperations" xlink:label="Loc_ifrs-full_IncomeTaxExpenseContinuingOperations" xlink:type="locator" />
    <link:label xlink:type="resource" xlink:role="http://www.xbrl.org/2009/role/negatedTerseLabel" xlink:label="Label_negatedTerseLabel_ifrs-full_IncomeTaxExpenseContinuingOperations_ko" xml:lang="ko" id="Label_negatedTerseLabel_ifrs-full_IncomeTaxExpenseContinuingOperations_ko">법인세비용(수익)</link:label>
    <link:labelArc xlink:arcrole="http://www.xbrl.org/2003/arcrole/concept-label" xlink:from="Loc_ifrs-full_IncomeTaxExpenseContinuingOperations" xlink:to="Label_negatedTerseLabel_ifrs-full_IncomeTaxExpenseContinuingOperations_ko" xlink:type="arc" priority="1" />
    <link:loc xlink:href="http://dart.fss.or.kr/Resource/Taxonomy/ifrs/2019-10-01/full_ifrs-cor_2019-03-27.xsd#ifrs-full_OtherComprehensiveIncomeNetOfTaxGainsLossesOnRevaluation" xlink:label="Loc_ifrs-full_OtherComprehensiveIncomeNetOfTaxGainsLossesOnRevaluation" xlink:type="locator" />
    <link:label xlink:type="resource" xlink:role="http://dart.fss.or.kr/role/2019-10-01/ifrs/dart_label" xlink:label="Label_dart_label_ifrs-full_OtherComprehensiveIncomeNetOfTaxGainsLossesOnRevaluation_ko" xml:lang="ko" id="Label_dart_label_ifrs-full_OtherComprehensiveIncomeNetOfTaxGainsLossesOnRevaluation_ko">토지의 재평가이익(세후기타포괄손익)</link:label>
    <link:labelArc xlink:arcrole="http://www.xbrl.org/2003/arcrole/concept-label" xlink:from="Loc_ifrs-full_OtherComprehensiveIncomeNetOfTaxGainsLossesOnRevaluation" xlink:to="Label_dart_label_ifrs-full_OtherComprehensiveIncomeNetOfTaxGainsLossesOnRevaluation_ko" xlink:type="arc" priority="1" />
    <link:loc xlink:href="http://dart.fss.or.kr/Resource/Taxonomy/ifrs/2019-10-01/dart_2019-10-01.xsd#dart_OtherComprehensiveIncomeNetOfTaxGainsLossesOnRemeasurementsOfDefinedBenefitPlans" xlink:label="Loc_dart_OtherComprehensiveIncomeNetOfTaxGainsLossesOnRemeasurementsOfDefinedBenefitPlans" xlink:type="locator" />
    <link:label xlink:type="resource" xlink:role="http://dart.fss.or.kr/role/2019-10-01/ifrs/dart_label" xlink:label="Label_dart_label_dart_OtherComprehensiveIncomeNetOfTaxGainsLossesOnRemeasurementsOfDefinedBenefitPlans_ko" xml:lang="ko" id="Label_dart_label_dart_OtherComprehensiveIncomeNetOfTaxGainsLossesOnRemeasurementsOfDefinedBenefitPlans_ko">확정급여제도의 재측정요소</link:label>
    <link:labelArc xlink:arcrole="http://www.xbrl.org/2003/arcrole/concept-label" xlink:from="Loc_dart_OtherComprehensiveIncomeNetOfTaxGainsLossesOnRemeasurementsOfDefinedBenefitPlans" xlink:to="Label_dart_label_dart_OtherComprehensiveIncomeNetOfTaxGainsLossesOnRemeasurementsOfDefinedBenefitPlans_ko" xlink:type="arc" priority="1" />
    <link:loc xlink:href="http://dart.fss.or.kr/Resource/Taxonomy/ifrs/2019-10-01/dart_2019-10-01.xsd#dart_ShareOfOtherComprehensiveIncomeOfAssociatesAndJointVenturesAccountedForUsingEquityMethodThatWillNotBeReclassifiedToProfitOrLossNetOfTax" xlink:label="Loc_dart_ShareOfOtherComprehensiveIncomeOfAssociatesAndJointVenturesAccountedForUsingEquityMethodThatWillNotBeReclassifiedToProfitOrLossNetOfTax" xlink:type="locator" />
    <link:label xlink:type="resource" xlink:role="http://dart.fss.or.kr/role/2019-10-01/ifrs/dart_label" xlink:label="Label_dart_label_dart_ShareOfOtherComprehensiveIncomeOfAssociatesAndJointVenturesAccountedForUsingEquityMethodThatWillNotBeReclassifiedToProfitOrLossNetOfTax_ko" xml:lang="ko" id="Label_dart_label_dart_ShareOfOtherComprehensiveIncomeOfAssociatesAndJointVenturesAccountedForUsingEquityMethodThatWillNotBeReclassifiedToProfitOrLossNetOfTax_ko">지분법평가</link:label>
    <link:labelArc xlink:arcrole="http://www.xbrl.org/2003/arcrole/concept-label" xlink:from="Loc_dart_ShareOfOtherComprehensiveIncomeOfAssociatesAndJointVenturesAccountedForUsingEquityMethodThatWillNotBeReclassifiedToProfitOrLossNetOfTax" xlink:to="Label_dart_label_dart_ShareOfOtherComprehensiveIncomeOfAssociatesAndJointVenturesAccountedForUsingEquityMethodThatWillNotBeReclassifiedToProfitOrLossNetOfTax_ko" xlink:type="arc" priority="1" />
    <link:loc xlink:href="http://dart.fss.or.kr/Resource/Taxonomy/ifrs/2019-10-01/full_ifrs-cor_2019-03-27.xsd#ifrs-full_OtherComprehensiveIncomeNetOfTaxGainsLossesFromInvestmentsInEquityInstruments" xlink:label="Loc_ifrs-full_OtherComprehensiveIncomeNetOfTaxGainsLossesFromInvestmentsInEquityInstruments" xlink:type="locator" />
    <link:label xlink:type="resource" xlink:role="http://dart.fss.or.kr/role/2019-10-01/ifrs/dart_label" xlink:label="Label_dart_label_ifrs-full_OtherComprehensiveIncomeNetOfTaxGainsLossesFromInvestmentsInEquityInstruments_ko" xml:lang="ko" id="Label_dart_label_ifrs-full_OtherComprehensiveIncomeNetOfTaxGainsLossesFromInvestmentsInEquityInstruments_ko">공정가치 금융자산 평가</link:label>
    <link:labelArc xlink:arcrole="http://www.xbrl.org/2003/arcrole/concept-label" xlink:from="Loc_ifrs-full_OtherComprehensiveIncomeNetOfTaxGainsLossesFromInvestmentsInEquityInstruments" xlink:to="Label_dart_label_ifrs-full_OtherComprehensiveIncomeNetOfTaxGainsLossesFromInvestmentsInEquityInstruments_ko" xlink:type="arc" priority="1" />
    <link:loc xlink:href="http://dart.fss.or.kr/Resource/Taxonomy/ifrs/2019-10-01/full_ifrs-cor_2019-03-27.xsd#ifrs-full_GainsLossesOnExchangeDifferencesOnTranslationNetOfTax" xlink:label="Loc_ifrs-full_GainsLossesOnExchangeDifferencesOnTranslationNetOfTax" xlink:type="locator" />
    <link:label xlink:type="resource" xlink:role="http://dart.fss.or.kr/role/2019-10-01/ifrs/dart_label" xlink:label="Label_dart_label_ifrs-full_GainsLossesOnExchangeDifferencesOnTranslationNetOfTax_ko" xml:lang="ko" id="Label_dart_label_ifrs-full_GainsLossesOnExchangeDifferencesOnTranslationNetOfTax_ko">해외사업장환산손익</link:label>
    <link:labelArc xlink:arcrole="http://www.xbrl.org/2003/arcrole/concept-label" xlink:from="Loc_ifrs-full_GainsLossesOnExchangeDifferencesOnTranslationNetOfTax" xlink:to="Label_dart_label_ifrs-full_GainsLossesOnExchangeDifferencesOnTranslationNetOfTax_ko" xlink:type="arc" priority="1" />
    <link:loc xlink:href="http://dart.fss.or.kr/Resource/Taxonomy/ifrs/2019-10-01/full_ifrs-cor_2019-03-27.xsd#ifrs-full_EarningsPerShareAbstract" xlink:label="Loc_ifrs-full_EarningsPerShareAbstract" xlink:type="locator" />
    <link:label xlink:type="resource" xlink:role="http://www.xbrl.org/2003/role/label" xlink:label="Label_label_ifrs-full_EarningsPerShareAbstract_ko" xml:lang="ko" id="Label_label_ifrs-full_EarningsPerShareAbstract_ko">주당손익</link:label>
    <link:labelArc xlink:arcrole="http://www.xbrl.org/2003/arcrole/concept-label" xlink:from="Loc_ifrs-full_EarningsPerShareAbstract" xlink:to="Label_label_ifrs-full_EarningsPerShareAbstract_ko" xlink:type="arc" priority="1" />
    <link:loc xlink:href="http://dart.fss.or.kr/Resource/Taxonomy/ifrs/2019-10-01/full_ifrs-cor_2019-03-27.xsd#ifrs-full_BasicEarningsLossPerShare" xlink:label="Loc_ifrs-full_BasicEarningsLossPerShare" xlink:type="locator" />
    <link:label xlink:type="resource" xlink:role="http://www.xbrl.org/2003/role/label" xlink:label="Label_label_ifrs-full_BasicEarningsLossPerShare_ko" xml:lang="ko" id="Label_label_ifrs-full_BasicEarningsLossPerShare_ko">기본 및 희석 주당이익(손실)</link:label>
    <link:labelArc xlink:arcrole="http://www.xbrl.org/2003/arcrole/concept-label" xlink:from="Loc_ifrs-full_BasicEarningsLossPerShare" xlink:to="Label_label_ifrs-full_BasicEarningsLossPerShare_ko" xlink:type="arc" priority="1" />
    <link:loc xlink:href="../00302926_entry_point_2019-11-14.xsd#entity00302926_udf_IS_201911684041329_StatementOfComprehensiveIncomeAbstract" xlink:label="Loc_entity00302926_udf_IS_201911684041329_StatementOfComprehensiveIncomeAbstract" xlink:type="locator" />
    <link:label xlink:type="resource" xlink:role="http://www.xbrl.org/2003/role/label" xlink:label="Label_label_entity00302926_udf_IS_201911684041329_StatementOfComprehensiveIncomeAbstract_ko" xml:lang="ko" id="Label_label_entity00302926_udf_IS_201911684041329_StatementOfComprehensiveIncomeAbstract_ko">지분법이익</link:label>
    <link:labelArc xlink:arcrole="http://www.xbrl.org/2003/arcrole/concept-label" xlink:from="Loc_entity00302926_udf_IS_201911684041329_StatementOfComprehensiveIncomeAbstract" xlink:to="Label_label_entity00302926_udf_IS_201911684041329_StatementOfComprehensiveIncomeAbstract_ko" xlink:type="arc" />
    <link:label xlink:type="resource" xlink:role="http://www.xbrl.org/2003/role/documentation" xlink:label="Label_entity00302926_udf_IS_201911684041329_StatementOfComprehensiveIncomeAbstract_ko_doc" xml:lang="ko">
    </link:label>
    <link:labelArc xlink:arcrole="http://www.xbrl.org/2003/arcrole/concept-label" xlink:from="Loc_entity00302926_udf_IS_201911684041329_StatementOfComprehensiveIncomeAbstract" xlink:to="Label_entity00302926_udf_IS_201911684041329_StatementOfComprehensiveIncomeAbstract_ko_doc" xlink:type="arc" />
    <link:loc xlink:href="http://dart.fss.or.kr/Resource/Taxonomy/ifrs/2019-10-01/full_ifrs-cor_2019-03-27.xsd#ifrs-full_ProfitLossAttributableToOwnersOfParent" xlink:label="Loc_ifrs-full_ProfitLossAttributableToOwnersOfParent" xlink:type="locator" />
    <link:label xlink:type="resource" xlink:role="http://www.xbrl.org/2003/role/label" xlink:label="Label_label_ifrs-full_ProfitLossAttributableToOwnersOfParent_ko" xml:lang="ko" id="Label_label_ifrs-full_ProfitLossAttributableToOwnersOfParent_ko">지배기업소유주지분</link:label>
    <link:labelArc xlink:arcrole="http://www.xbrl.org/2003/arcrole/concept-label" xlink:from="Loc_ifrs-full_ProfitLossAttributableToOwnersOfParent" xlink:to="Label_label_ifrs-full_ProfitLossAttributableToOwnersOfParent_ko" xlink:type="arc" priority="1" />
    <link:loc xlink:href="http://dart.fss.or.kr/Resource/Taxonomy/ifrs/2019-10-01/full_ifrs-cor_2019-03-27.xsd#ifrs-full_ProfitLossAttributableToNoncontrollingInterests" xlink:label="Loc_ifrs-full_ProfitLossAttributableToNoncontrollingInterests" xlink:type="locator" />
    <link:label xlink:type="resource" xlink:role="http://www.xbrl.org/2003/role/label" xlink:label="Label_label_ifrs-full_ProfitLossAttributableToNoncontrollingInterests_ko" xml:lang="ko" id="Label_label_ifrs-full_ProfitLossAttributableToNoncontrollingInterests_ko">비지배주주지분</link:label>
    <link:labelArc xlink:arcrole="http://www.xbrl.org/2003/arcrole/concept-label" xlink:from="Loc_ifrs-full_ProfitLossAttributableToNoncontrollingInterests" xlink:to="Label_label_ifrs-full_ProfitLossAttributableToNoncontrollingInterests_ko" xlink:type="arc" priority="1" />
    <link:loc xlink:href="http://dart.fss.or.kr/Resource/Taxonomy/ifrs/2019-10-01/full_ifrs-cor_2019-03-27.xsd#ifrs-full_ComprehensiveIncomeAttributableToOwnersOfParent" xlink:label="Loc_ifrs-full_ComprehensiveIncomeAttributableToOwnersOfParent" xlink:type="locator" />
    <link:label xlink:type="resource" xlink:role="http://www.xbrl.org/2003/role/label" xlink:label="Label_label_ifrs-full_ComprehensiveIncomeAttributableToOwnersOfParent_ko" xml:lang="ko" id="Label_label_ifrs-full_ComprehensiveIncomeAttributableToOwnersOfParent_ko">지배기업소유주지분</link:label>
    <link:labelArc xlink:arcrole="http://www.xbrl.org/2003/arcrole/concept-label" xlink:from="Loc_ifrs-full_ComprehensiveIncomeAttributableToOwnersOfParent" xlink:to="Label_label_ifrs-full_ComprehensiveIncomeAttributableToOwnersOfParent_ko" xlink:type="arc" priority="1" />
    <link:loc xlink:href="http://dart.fss.or.kr/Resource/Taxonomy/ifrs/2019-10-01/full_ifrs-cor_2019-03-27.xsd#ifrs-full_ComprehensiveIncomeAttributableToNoncontrollingInterests" xlink:label="Loc_ifrs-full_ComprehensiveIncomeAttributableToNoncontrollingInterests" xlink:type="locator" />
    <link:label xlink:type="resource" xlink:role="http://www.xbrl.org/2003/role/label" xlink:label="Label_label_ifrs-full_ComprehensiveIncomeAttributableToNoncontrollingInterests_ko" xml:lang="ko" id="Label_label_ifrs-full_ComprehensiveIncomeAttributableToNoncontrollingInterests_ko">비지배주주지분</link:label>
    <link:labelArc xlink:arcrole="http://www.xbrl.org/2003/arcrole/concept-label" xlink:from="Loc_ifrs-full_ComprehensiveIncomeAttributableToNoncontrollingInterests" xlink:to="Label_label_ifrs-full_ComprehensiveIncomeAttributableToNoncontrollingInterests_ko" xlink:type="arc" priority="1" />
    <link:loc xlink:href="http://dart.fss.or.kr/Resource/Taxonomy/ifrs/2019-10-01/dart_2019-10-01.xsd#dart_CapitalSurplusMember" xlink:label="Loc_dart_CapitalSurplusMember" xlink:type="locator" />
    <link:label xlink:type="resource" xlink:role="http://www.xbrl.org/2003/role/label" xlink:label="Label_label_dart_CapitalSurplusMember_ko" xml:lang="ko" id="Label_label_dart_CapitalSurplusMember_ko">기타불입자본</link:label>
    <link:labelArc xlink:arcrole="http://www.xbrl.org/2003/arcrole/concept-label" xlink:from="Loc_dart_CapitalSurplusMember" xlink:to="Label_label_dart_CapitalSurplusMember_ko" xlink:type="arc" priority="1" />
    <link:loc xlink:href="http://dart.fss.or.kr/Resource/Taxonomy/ifrs/2019-10-01/dart_2019-10-01.xsd#dart_AppropriationTransferReservationOfRetainedEarnings" xlink:label="Loc_dart_AppropriationTransferReservationOfRetainedEarnings" xlink:type="locator" />
    <link:label xlink:type="resource" xlink:role="http://www.xbrl.org/2003/role/label" xlink:label="Label_label_dart_AppropriationTransferReservationOfRetainedEarnings_ko" xml:lang="ko" id="Label_label_dart_AppropriationTransferReservationOfRetainedEarnings_ko">지분법이익잉여금</link:label>
    <link:labelArc xlink:arcrole="http://www.xbrl.org/2003/arcrole/concept-label" xlink:from="Loc_dart_AppropriationTransferReservationOfRetainedEarnings" xlink:to="Label_label_dart_AppropriationTransferReservationOfRetainedEarnings_ko" xlink:type="arc" priority="1" />
    <link:loc xlink:href="http://dart.fss.or.kr/Resource/Taxonomy/ifrs/2019-10-01/dart_2019-10-01.xsd#dart_PurchaseDispostionOfAssociatesOrJointVenture" xlink:label="Loc_dart_PurchaseDispostionOfAssociatesOrJointVenture" xlink:type="locator" />
    <link:label xlink:type="resource" xlink:role="http://www.xbrl.org/2003/role/label" xlink:label="Label_label_dart_PurchaseDispostionOfAssociatesOrJointVenture_ko" xml:lang="ko" id="Label_label_dart_PurchaseDispostionOfAssociatesOrJointVenture_ko">종속기업의 취득</link:label>
    <link:labelArc xlink:arcrole="http://www.xbrl.org/2003/arcrole/concept-label" xlink:from="Loc_dart_PurchaseDispostionOfAssociatesOrJointVenture" xlink:to="Label_label_dart_PurchaseDispostionOfAssociatesOrJointVenture_ko" xlink:type="arc" priority="1" />
    <link:loc xlink:href="http://dart.fss.or.kr/Resource/Taxonomy/ifrs/2019-10-01/dart_2019-10-01.xsd#dart_ShareBasedPaymentTransactions" xlink:label="Loc_dart_ShareBasedPaymentTransactions" xlink:type="locator" />
    <link:label xlink:type="resource" xlink:role="http://www.xbrl.org/2003/role/label" xlink:label="Label_label_dart_ShareBasedPaymentTransactions_ko" xml:lang="ko" id="Label_label_dart_ShareBasedPaymentTransactions_ko">종속법인주식발행비용</link:label>
    <link:labelArc xlink:arcrole="http://www.xbrl.org/2003/arcrole/concept-label" xlink:from="Loc_dart_ShareBasedPaymentTransactions" xlink:to="Label_label_dart_ShareBasedPaymentTransactions_ko" xlink:type="arc" priority="1" />
    <link:loc xlink:href="http://dart.fss.or.kr/Resource/Taxonomy/ifrs/2019-10-01/dart_2019-10-01.xsd#dart_ChangesInForeignExchangeRates" xlink:label="Loc_dart_ChangesInForeignExchangeRates" xlink:type="locator" />
    <link:label xlink:type="resource" xlink:role="http://www.xbrl.org/2003/role/label" xlink:label="Label_label_dart_ChangesInForeignExchangeRates_ko" xml:lang="ko" id="Label_label_dart_ChangesInForeignExchangeRates_ko">해외사업환산이익</link:label>
    <link:labelArc xlink:arcrole="http://www.xbrl.org/2003/arcrole/concept-label" xlink:from="Loc_dart_ChangesInForeignExchangeRates" xlink:to="Label_label_dart_ChangesInForeignExchangeRates_ko" xlink:type="arc" priority="1" />
    <link:loc xlink:href="http://dart.fss.or.kr/Resource/Taxonomy/ifrs/2019-10-01/dart_2019-10-01.xsd#dart_OtherTransactions" xlink:label="Loc_dart_OtherTransactions" xlink:type="locator" />
    <link:label xlink:type="resource" xlink:role="http://www.xbrl.org/2003/role/label" xlink:label="Label_label_dart_OtherTransactions_ko" xml:lang="ko" id="Label_label_dart_OtherTransactions_ko">확정급여제도의 재측정요소</link:label>
    <link:labelArc xlink:arcrole="http://www.xbrl.org/2003/arcrole/concept-label" xlink:from="Loc_dart_OtherTransactions" xlink:to="Label_label_dart_OtherTransactions_ko" xlink:type="arc" priority="1" />
    <link:loc xlink:href="http://dart.fss.or.kr/Resource/Taxonomy/ifrs/2019-10-01/dart_2019-10-01.xsd#dart_ChangesInReserveOfGainsAndLossesOnFinancialAssetsMeasuredAtFairValueThroughOtherComprehensiveIncome" xlink:label="Loc_dart_ChangesInReserveOfGainsAndLossesOnFinancialAssetsMeasuredAtFairValueThroughOtherComprehensiveIncome" xlink:type="locator" />
    <link:label xlink:type="resource" xlink:role="http://www.xbrl.org/2003/role/label" xlink:label="Label_label_dart_ChangesInReserveOfGainsAndLossesOnFinancialAssetsMeasuredAtFairValueThroughOtherComprehensiveIncome_ko" xml:lang="ko" id="Label_label_dart_ChangesInReserveOfGainsAndLossesOnFinancialAssetsMeasuredAtFairValueThroughOtherComprehensiveIncome_ko">기타포괄손익-공정가치 측정 금융자산 평가손익</link:label>
    <link:labelArc xlink:arcrole="http://www.xbrl.org/2003/arcrole/concept-label" xlink:from="Loc_dart_ChangesInReserveOfGainsAndLossesOnFinancialAssetsMeasuredAtFairValueThroughOtherComprehensiveIncome" xlink:to="Label_label_dart_ChangesInReserveOfGainsAndLossesOnFinancialAssetsMeasuredAtFairValueThroughOtherComprehensiveIncome_ko" xlink:type="arc" priority="1" />
    <link:loc xlink:href="http://dart.fss.or.kr/Resource/Taxonomy/ifrs/2019-10-01/full_ifrs-cor_2019-03-27.xsd#ifrs-full_IncreaseDecreaseThroughTransfersAndOtherChangesEquity" xlink:label="Loc_ifrs-full_IncreaseDecreaseThroughTransfersAndOtherChangesEquity" xlink:type="locator" />
    <link:label xlink:type="resource" xlink:role="http://www.xbrl.org/2003/role/label" xlink:label="Label_label_ifrs-full_IncreaseDecreaseThroughTransfersAndOtherChangesEquity_ko" xml:lang="ko" id="Label_label_ifrs-full_IncreaseDecreaseThroughTransfersAndOtherChangesEquity_ko">자산재평가 이익</link:label>
    <link:labelArc xlink:arcrole="http://www.xbrl.org/2003/arcrole/concept-label" xlink:from="Loc_ifrs-full_IncreaseDecreaseThroughTransfersAndOtherChangesEquity" xlink:to="Label_label_ifrs-full_IncreaseDecreaseThroughTransfersAndOtherChangesEquity_ko" xlink:type="arc" priority="1" />
    <link:loc xlink:href="http://dart.fss.or.kr/Resource/Taxonomy/ifrs/2019-10-01/full_ifrs-cor_2019-03-27.xsd#ifrs-full_IssueOfEquity" xlink:label="Loc_ifrs-full_IssueOfEquity" xlink:type="locator" />
    <link:label xlink:type="resource" xlink:role="http://www.xbrl.org/2003/role/label" xlink:label="Label_label_ifrs-full_IssueOfEquity_ko" xml:lang="ko" id="Label_label_ifrs-full_IssueOfEquity_ko">전환사채 전환</link:label>
    <link:labelArc xlink:arcrole="http://www.xbrl.org/2003/arcrole/concept-label" xlink:from="Loc_ifrs-full_IssueOfEquity" xlink:to="Label_label_ifrs-full_IssueOfEquity_ko" xlink:type="arc" priority="1" />
    <link:loc xlink:href="http://dart.fss.or.kr/Resource/Taxonomy/ifrs/2019-10-01/dart_2019-10-01.xsd#dart_ChangesInReserveOfGainsAndLossesOnHedgingInstrumentsThatHedgeInvestmentsInEquityInstruments" xlink:label="Loc_dart_ChangesInReserveOfGainsAndLossesOnHedgingInstrumentsThatHedgeInvestmentsInEquityInstruments" xlink:type="locator" />
    <link:label xlink:type="resource" xlink:role="http://www.xbrl.org/2003/role/label" xlink:label="Label_label_dart_ChangesInReserveOfGainsAndLossesOnHedgingInstrumentsThatHedgeInvestmentsInEquityInstruments_ko" xml:lang="ko" id="Label_label_dart_ChangesInReserveOfGainsAndLossesOnHedgingInstrumentsThatHedgeInvestmentsInEquityInstruments_ko">파생상품평가손익</link:label>
    <link:labelArc xlink:arcrole="http://www.xbrl.org/2003/arcrole/concept-label" xlink:from="Loc_dart_ChangesInReserveOfGainsAndLossesOnHedgingInstrumentsThatHedgeInvestmentsInEquityInstruments" xlink:to="Label_label_dart_ChangesInReserveOfGainsAndLossesOnHedgingInstrumentsThatHedgeInvestmentsInEquityInstruments_ko" xlink:type="arc" priority="1" />
    <link:loc xlink:href="http://dart.fss.or.kr/Resource/Taxonomy/ifrs/2019-10-01/dart_2019-10-01.xsd#dart_CompoundFinancialInstrumentRedemption" xlink:label="Loc_dart_CompoundFinancialInstrumentRedemption" xlink:type="locator" />
    <link:label xlink:type="resource" xlink:role="http://www.xbrl.org/2003/role/label" xlink:label="Label_label_dart_CompoundFinancialInstrumentRedemption_ko" xml:lang="ko" id="Label_label_dart_CompoundFinancialInstrumentRedemption_ko">신종자본증권 상환</link:label>
    <link:labelArc xlink:arcrole="http://www.xbrl.org/2003/arcrole/concept-label" xlink:from="Loc_dart_CompoundFinancialInstrumentRedemption" xlink:to="Label_label_dart_CompoundFinancialInstrumentRedemption_ko" xlink:type="arc" priority="1" />
    <link:loc xlink:href="http://dart.fss.or.kr/Resource/Taxonomy/ifrs/2019-10-01/full_ifrs-cor_2019-03-27.xsd#ifrs-full_EquityAttributableToOwnersOfParentMember" xlink:label="Loc_ifrs-full_EquityAttributableToOwnersOfParentMember" xlink:type="locator" />
    <link:label xlink:type="resource" xlink:role="http://dart.fss.or.kr/role/2019-10-01/ifrs/dart_label" xlink:label="Label_dart_label_ifrs-full_EquityAttributableToOwnersOfParentMember_ko" xml:lang="ko" id="Label_dart_label_ifrs-full_EquityAttributableToOwnersOfParentMember_ko">지배기업 소유주 지분</link:label>
    <link:labelArc xlink:arcrole="http://www.xbrl.org/2003/arcrole/concept-label" xlink:from="Loc_ifrs-full_EquityAttributableToOwnersOfParentMember" xlink:to="Label_dart_label_ifrs-full_EquityAttributableToOwnersOfParentMember_ko" xlink:type="arc" priority="1" />
    <link:loc xlink:href="http://dart.fss.or.kr/Resource/Taxonomy/ifrs/2019-10-01/full_ifrs-cor_2019-03-27.xsd#ifrs-full_CashFlowsFromUsedInOperatingActivities" xlink:label="Loc_ifrs-full_CashFlowsFromUsedInOperatingActivities" xlink:type="locator" />
    <link:label xlink:type="resource" xlink:role="http://www.xbrl.org/2003/role/label" xlink:label="Label_label_ifrs-full_CashFlowsFromUsedInOperatingActivities_ko" xml:lang="ko" id="Label_label_ifrs-full_CashFlowsFromUsedInOperatingActivities_ko">영업활동으로 인한 현금흐름</link:label>
    <link:labelArc xlink:arcrole="http://www.xbrl.org/2003/arcrole/concept-label" xlink:from="Loc_ifrs-full_CashFlowsFromUsedInOperatingActivities" xlink:to="Label_label_ifrs-full_CashFlowsFromUsedInOperatingActivities_ko" xlink:type="arc" priority="1" />
    <link:loc xlink:href="http://dart.fss.or.kr/Resource/Taxonomy/ifrs/2019-10-01/full_ifrs-cor_2019-03-27.xsd#ifrs-full_AdjustmentsForReconcileProfitLoss" xlink:label="Loc_ifrs-full_AdjustmentsForReconcileProfitLoss" xlink:type="locator" />
    <link:label xlink:type="resource" xlink:role="http://www.xbrl.org/2003/role/label" xlink:label="Label_label_ifrs-full_AdjustmentsForReconcileProfitLoss_ko" xml:lang="ko" id="Label_label_ifrs-full_AdjustmentsForReconcileProfitLoss_ko">조정</link:label>
    <link:labelArc xlink:arcrole="http://www.xbrl.org/2003/arcrole/concept-label" xlink:from="Loc_ifrs-full_AdjustmentsForReconcileProfitLoss" xlink:to="Label_label_ifrs-full_AdjustmentsForReconcileProfitLoss_ko" xlink:type="arc" priority="1" />
    <link:loc xlink:href="http://dart.fss.or.kr/Resource/Taxonomy/ifrs/2019-10-01/full_ifrs-cor_2019-03-27.xsd#ifrs-full_InterestReceivedClassifiedAsOperatingActivities" xlink:label="Loc_ifrs-full_InterestReceivedClassifiedAsOperatingActivities" xlink:type="locator" />
    <link:label xlink:type="resource" xlink:role="http://www.xbrl.org/2003/role/terseLabel" xlink:label="Label_terseLabel_ifrs-full_InterestReceivedClassifiedAsOperatingActivities_ko" xml:lang="ko" id="Label_terseLabel_ifrs-full_InterestReceivedClassifiedAsOperatingActivities_ko">이자의 수취</link:label>
    <link:labelArc xlink:arcrole="http://www.xbrl.org/2003/arcrole/concept-label" xlink:from="Loc_ifrs-full_InterestReceivedClassifiedAsOperatingActivities" xlink:to="Label_terseLabel_ifrs-full_InterestReceivedClassifiedAsOperatingActivities_ko" xlink:type="arc" priority="1" />
    <link:loc xlink:href="http://dart.fss.or.kr/Resource/Taxonomy/ifrs/2019-10-01/full_ifrs-cor_2019-03-27.xsd#ifrs-full_InterestPaidClassifiedAsOperatingActivities" xlink:label="Loc_ifrs-full_InterestPaidClassifiedAsOperatingActivities" xlink:type="locator" />
    <link:label xlink:type="resource" xlink:role="http://www.xbrl.org/2009/role/negatedTerseLabel" xlink:label="Label_negatedTerseLabel_ifrs-full_InterestPaidClassifiedAsOperatingActivities_ko" xml:lang="ko" id="Label_negatedTerseLabel_ifrs-full_InterestPaidClassifiedAsOperatingActivities_ko">이자의 지급</link:label>
    <link:labelArc xlink:arcrole="http://www.xbrl.org/2003/arcrole/concept-label" xlink:from="Loc_ifrs-full_InterestPaidClassifiedAsOperatingActivities" xlink:to="Label_negatedTerseLabel_ifrs-full_InterestPaidClassifiedAsOperatingActivities_ko" xlink:type="arc" priority="1" />
    <link:loc xlink:href="http://dart.fss.or.kr/Resource/Taxonomy/ifrs/2019-10-01/full_ifrs-cor_2019-03-27.xsd#ifrs-full_DividendsReceivedClassifiedAsOperatingActivities" xlink:label="Loc_ifrs-full_DividendsReceivedClassifiedAsOperatingActivities" xlink:type="locator" />
    <link:label xlink:type="resource" xlink:role="http://www.xbrl.org/2003/role/terseLabel" xlink:label="Label_terseLabel_ifrs-full_DividendsReceivedClassifiedAsOperatingActivities_ko" xml:lang="ko" id="Label_terseLabel_ifrs-full_DividendsReceivedClassifiedAsOperatingActivities_ko">배당금의 수취</link:label>
    <link:labelArc xlink:arcrole="http://www.xbrl.org/2003/arcrole/concept-label" xlink:from="Loc_ifrs-full_DividendsReceivedClassifiedAsOperatingActivities" xlink:to="Label_terseLabel_ifrs-full_DividendsReceivedClassifiedAsOperatingActivities_ko" xlink:type="arc" priority="1" />
    <link:loc xlink:href="http://dart.fss.or.kr/Resource/Taxonomy/ifrs/2019-10-01/full_ifrs-cor_2019-03-27.xsd#ifrs-full_IncomeTaxesPaidRefundClassifiedAsOperatingActivities" xlink:label="Loc_ifrs-full_IncomeTaxesPaidRefundClassifiedAsOperatingActivities" xlink:type="locator" />
    <link:label xlink:type="resource" xlink:role="http://www.xbrl.org/2009/role/negatedTerseLabel" xlink:label="Label_negatedTerseLabel_ifrs-full_IncomeTaxesPaidRefundClassifiedAsOperatingActivities_ko" xml:lang="ko" id="Label_negatedTerseLabel_ifrs-full_IncomeTaxesPaidRefundClassifiedAsOperatingActivities_ko">법인세의 지급</link:label>
    <link:labelArc xlink:arcrole="http://www.xbrl.org/2003/arcrole/concept-label" xlink:from="Loc_ifrs-full_IncomeTaxesPaidRefundClassifiedAsOperatingActivities" xlink:to="Label_negatedTerseLabel_ifrs-full_IncomeTaxesPaidRefundClassifiedAsOperatingActivities_ko" xlink:type="arc" priority="1" />
    <link:loc xlink:href="http://dart.fss.or.kr/Resource/Taxonomy/ifrs/2019-10-01/full_ifrs-cor_2019-03-27.xsd#ifrs-full_CashFlowsFromUsedInInvestingActivities" xlink:label="Loc_ifrs-full_CashFlowsFromUsedInInvestingActivities" xlink:type="locator" />
    <link:label xlink:type="resource" xlink:role="http://www.xbrl.org/2003/role/label" xlink:label="Label_label_ifrs-full_CashFlowsFromUsedInInvestingActivities_ko" xml:lang="ko" id="Label_label_ifrs-full_CashFlowsFromUsedInInvestingActivities_ko">투자활동으로 인한 현금흐름</link:label>
    <link:labelArc xlink:arcrole="http://www.xbrl.org/2003/arcrole/concept-label" xlink:from="Loc_ifrs-full_CashFlowsFromUsedInInvestingActivities" xlink:to="Label_label_ifrs-full_CashFlowsFromUsedInInvestingActivities_ko" xlink:type="arc" priority="1" />
    <link:loc xlink:href="http://dart.fss.or.kr/Resource/Taxonomy/ifrs/2019-10-01/full_ifrs-cor_2019-03-27.xsd#ifrs-full_ProceedsFromGovernmentGrantsClassifiedAsInvestingActivities" xlink:label="Loc_ifrs-full_ProceedsFromGovernmentGrantsClassifiedAsInvestingActivities" xlink:type="locator" />
    <link:label xlink:type="resource" xlink:role="http://www.xbrl.org/2003/role/terseLabel" xlink:label="Label_terseLabel_ifrs-full_ProceedsFromGovernmentGrantsClassifiedAsInvestingActivities_ko" xml:lang="ko" id="Label_terseLabel_ifrs-full_ProceedsFromGovernmentGrantsClassifiedAsInvestingActivities_ko">자산관련정부보조금의 증가</link:label>
    <link:labelArc xlink:arcrole="http://www.xbrl.org/2003/arcrole/concept-label" xlink:from="Loc_ifrs-full_ProceedsFromGovernmentGrantsClassifiedAsInvestingActivities" xlink:to="Label_terseLabel_ifrs-full_ProceedsFromGovernmentGrantsClassifiedAsInvestingActivities_ko" xlink:type="arc" priority="1" />
    <link:loc xlink:href="http://dart.fss.or.kr/Resource/Taxonomy/ifrs/2019-10-01/dart_2019-10-01.xsd#dart_ProceedsFromSalesOfShortTermFinancialInstruments" xlink:label="Loc_dart_ProceedsFromSalesOfShortTermFinancialInstruments" xlink:type="locator" />
    <link:label xlink:type="resource" xlink:role="http://www.xbrl.org/2003/role/label" xlink:label="Label_label_dart_ProceedsFromSalesOfShortTermFinancialInstruments_ko" xml:lang="ko" id="Label_label_dart_ProceedsFromSalesOfShortTermFinancialInstruments_ko">단기금융상품의 감소</link:label>
    <link:labelArc xlink:arcrole="http://www.xbrl.org/2003/arcrole/concept-label" xlink:from="Loc_dart_ProceedsFromSalesOfShortTermFinancialInstruments" xlink:to="Label_label_dart_ProceedsFromSalesOfShortTermFinancialInstruments_ko" xlink:type="arc" priority="1" />
    <link:loc xlink:href="http://dart.fss.or.kr/Resource/Taxonomy/ifrs/2019-10-01/dart_2019-10-01.xsd#dart_ProceedsFromSalesOfShortTermLoansAndReceivables" xlink:label="Loc_dart_ProceedsFromSalesOfShortTermLoansAndReceivables" xlink:type="locator" />
    <link:label xlink:type="resource" xlink:role="http://www.xbrl.org/2003/role/label" xlink:label="Label_label_dart_ProceedsFromSalesOfShortTermLoansAndReceivables_ko" xml:lang="ko" id="Label_label_dart_ProceedsFromSalesOfShortTermLoansAndReceivables_ko">단기대여금의 감소</link:label>
    <link:labelArc xlink:arcrole="http://www.xbrl.org/2003/arcrole/concept-label" xlink:from="Loc_dart_ProceedsFromSalesOfShortTermLoansAndReceivables" xlink:to="Label_label_dart_ProceedsFromSalesOfShortTermLoansAndReceivables_ko" xlink:type="arc" priority="1" />
    <link:loc xlink:href="http://dart.fss.or.kr/Resource/Taxonomy/ifrs/2019-10-01/dart_2019-10-01.xsd#dart_ProceedsFromSalesOfLongTermLoansAndReceivables" xlink:label="Loc_dart_ProceedsFromSalesOfLongTermLoansAndReceivables" xlink:type="locator" />
    <link:label xlink:type="resource" xlink:role="http://www.xbrl.org/2003/role/label" xlink:label="Label_label_dart_ProceedsFromSalesOfLongTermLoansAndReceivables_ko" xml:lang="ko" id="Label_label_dart_ProceedsFromSalesOfLongTermLoansAndReceivables_ko">장기대여금의 감소</link:label>
    <link:labelArc xlink:arcrole="http://www.xbrl.org/2003/arcrole/concept-label" xlink:from="Loc_dart_ProceedsFromSalesOfLongTermLoansAndReceivables" xlink:to="Label_label_dart_ProceedsFromSalesOfLongTermLoansAndReceivables_ko" xlink:type="arc" priority="1" />
    <link:loc xlink:href="http://dart.fss.or.kr/Resource/Taxonomy/ifrs/2019-10-01/dart_2019-10-01.xsd#dart_ProceedsFromSalesOfCurrentFairValueFinancialAsset" xlink:label="Loc_dart_ProceedsFromSalesOfCurrentFairValueFinancialAsset" xlink:type="locator" />
    <link:label xlink:type="resource" xlink:role="http://www.xbrl.org/2003/role/label" xlink:label="Label_label_dart_ProceedsFromSalesOfCurrentFairValueFinancialAsset_ko" xml:lang="ko" id="Label_label_dart_ProceedsFromSalesOfCurrentFairValueFinancialAsset_ko">당기손익-공정가치 금융자산의 처분</link:label>
    <link:labelArc xlink:arcrole="http://www.xbrl.org/2003/arcrole/concept-label" xlink:from="Loc_dart_ProceedsFromSalesOfCurrentFairValueFinancialAsset" xlink:to="Label_label_dart_ProceedsFromSalesOfCurrentFairValueFinancialAsset_ko" xlink:type="arc" priority="1" />
    <link:loc xlink:href="http://dart.fss.or.kr/Resource/Taxonomy/ifrs/2019-10-01/full_ifrs-cor_2019-03-27.xsd#ifrs-full_CashFlowsFromLosingControlOfSubsidiariesOrOtherBusinessesClassifiedAsInvestingActivities" xlink:label="Loc_ifrs-full_CashFlowsFromLosingControlOfSubsidiariesOrOtherBusinessesClassifiedAsInvestingActivities" xlink:type="locator" />
    <link:label xlink:type="resource" xlink:role="http://www.xbrl.org/2003/role/terseLabel" xlink:label="Label_terseLabel_ifrs-full_CashFlowsFromLosingControlOfSubsidiariesOrOtherBusinessesClassifiedAsInvestingActivities_ko" xml:lang="ko" id="Label_terseLabel_ifrs-full_CashFlowsFromLosingControlOfSubsidiariesOrOtherBusinessesClassifiedAsInvestingActivities_ko">종속기업투자 주식의 처분</link:label>
    <link:labelArc xlink:arcrole="http://www.xbrl.org/2003/arcrole/concept-label" xlink:from="Loc_ifrs-full_CashFlowsFromLosingControlOfSubsidiariesOrOtherBusinessesClassifiedAsInvestingActivities" xlink:to="Label_terseLabel_ifrs-full_CashFlowsFromLosingControlOfSubsidiariesOrOtherBusinessesClassifiedAsInvestingActivities_ko" xlink:type="arc" priority="1" />
    <link:loc xlink:href="http://dart.fss.or.kr/Resource/Taxonomy/ifrs/2019-10-01/dart_2019-10-01.xsd#dart_ProceedsFromSalesOfFinancialAssetsHeldToMaturity" xlink:label="Loc_dart_ProceedsFromSalesOfFinancialAssetsHeldToMaturity" xlink:type="locator" />
    <link:label xlink:type="resource" xlink:role="http://www.xbrl.org/2003/role/label" xlink:label="Label_label_dart_ProceedsFromSalesOfFinancialAssetsHeldToMaturity_ko" xml:lang="ko" id="Label_label_dart_ProceedsFromSalesOfFinancialAssetsHeldToMaturity_ko">장기보증금의 감소</link:label>
    <link:labelArc xlink:arcrole="http://www.xbrl.org/2003/arcrole/concept-label" xlink:from="Loc_dart_ProceedsFromSalesOfFinancialAssetsHeldToMaturity" xlink:to="Label_label_dart_ProceedsFromSalesOfFinancialAssetsHeldToMaturity_ko" xlink:type="arc" priority="1" />
    <link:loc xlink:href="http://dart.fss.or.kr/Resource/Taxonomy/ifrs/2019-10-01/dart_2019-10-01.xsd#dart_ProceedsFromSalesOfNonCurrentAssetsOrDisposalGroupsClassifiedAsHeldForSale" xlink:label="Loc_dart_ProceedsFromSalesOfNonCurrentAssetsOrDisposalGroupsClassifiedAsHeldForSale" xlink:type="locator" />
    <link:label xlink:type="resource" xlink:role="http://www.xbrl.org/2003/role/label" xlink:label="Label_label_dart_ProceedsFromSalesOfNonCurrentAssetsOrDisposalGroupsClassifiedAsHeldForSale_ko" xml:lang="ko" id="Label_label_dart_ProceedsFromSalesOfNonCurrentAssetsOrDisposalGroupsClassifiedAsHeldForSale_ko">매각예정자산의 처분</link:label>
    <link:labelArc xlink:arcrole="http://www.xbrl.org/2003/arcrole/concept-label" xlink:from="Loc_dart_ProceedsFromSalesOfNonCurrentAssetsOrDisposalGroupsClassifiedAsHeldForSale" xlink:to="Label_label_dart_ProceedsFromSalesOfNonCurrentAssetsOrDisposalGroupsClassifiedAsHeldForSale_ko" xlink:type="arc" priority="1" />
    <link:loc xlink:href="http://dart.fss.or.kr/Resource/Taxonomy/ifrs/2019-10-01/dart_2019-10-01.xsd#dart_DecreaseInGuaranteeDeposits" xlink:label="Loc_dart_DecreaseInGuaranteeDeposits" xlink:type="locator" />
    <link:label xlink:type="resource" xlink:role="http://www.xbrl.org/2003/role/label" xlink:label="Label_label_dart_DecreaseInGuaranteeDeposits_ko" xml:lang="ko" id="Label_label_dart_DecreaseInGuaranteeDeposits_ko">장기보증예치금의 감소</link:label>
    <link:labelArc xlink:arcrole="http://www.xbrl.org/2003/arcrole/concept-label" xlink:from="Loc_dart_DecreaseInGuaranteeDeposits" xlink:to="Label_label_dart_DecreaseInGuaranteeDeposits_ko" xlink:type="arc" priority="1" />
    <link:loc xlink:href="http://dart.fss.or.kr/Resource/Taxonomy/ifrs/2019-10-01/full_ifrs-cor_2019-03-27.xsd#ifrs-full_OtherInflowsOutflowsOfCashClassifiedAsInvestingActivities" xlink:label="Loc_ifrs-full_OtherInflowsOutflowsOfCashClassifiedAsInvestingActivities" xlink:type="locator" />
    <link:label xlink:type="resource" xlink:role="http://www.xbrl.org/2003/role/terseLabel" xlink:label="Label_terseLabel_ifrs-full_OtherInflowsOutflowsOfCashClassifiedAsInvestingActivities_ko" xml:lang="ko" id="Label_terseLabel_ifrs-full_OtherInflowsOutflowsOfCashClassifiedAsInvestingActivities_ko">기타투자활동으로 인한 현금유입액</link:label>
    <link:labelArc xlink:arcrole="http://www.xbrl.org/2003/arcrole/concept-label" xlink:from="Loc_ifrs-full_OtherInflowsOutflowsOfCashClassifiedAsInvestingActivities" xlink:to="Label_terseLabel_ifrs-full_OtherInflowsOutflowsOfCashClassifiedAsInvestingActivities_ko" xlink:type="arc" priority="1" />
    <link:loc xlink:href="http://dart.fss.or.kr/Resource/Taxonomy/ifrs/2019-10-01/full_ifrs-cor_2019-03-27.xsd#ifrs-full_OtherCashReceiptsFromSalesOfEquityOrDebtInstrumentsOfOtherEntitiesClassifiedAsInvestingActivities" xlink:label="Loc_ifrs-full_OtherCashReceiptsFromSalesOfEquityOrDebtInstrumentsOfOtherEntitiesClassifiedAsInvestingActivities" xlink:type="locator" />
    <link:label xlink:type="resource" xlink:role="http://www.xbrl.org/2003/role/terseLabel" xlink:label="Label_terseLabel_ifrs-full_OtherCashReceiptsFromSalesOfEquityOrDebtInstrumentsOfOtherEntitiesClassifiedAsInvestingActivities_ko" xml:lang="ko" id="Label_terseLabel_ifrs-full_OtherCashReceiptsFromSalesOfEquityOrDebtInstrumentsOfOtherEntitiesClassifiedAsInvestingActivities_ko">기타투자활동으로인한현금유입액</link:label>
    <link:labelArc xlink:arcrole="http://www.xbrl.org/2003/arcrole/concept-label" xlink:from="Loc_ifrs-full_OtherCashReceiptsFromSalesOfEquityOrDebtInstrumentsOfOtherEntitiesClassifiedAsInvestingActivities" xlink:to="Label_terseLabel_ifrs-full_OtherCashReceiptsFromSalesOfEquityOrDebtInstrumentsOfOtherEntitiesClassifiedAsInvestingActivities_ko" xlink:type="arc" priority="1" />
    <link:loc xlink:href="http://dart.fss.or.kr/Resource/Taxonomy/ifrs/2019-10-01/dart_2019-10-01.xsd#dart_RepaymentOfGovernmentGrantsClassifiedAsInvestingActivities" xlink:label="Loc_dart_RepaymentOfGovernmentGrantsClassifiedAsInvestingActivities" xlink:type="locator" />
    <link:label xlink:type="resource" xlink:role="http://www.xbrl.org/2003/role/label" xlink:label="Label_label_dart_RepaymentOfGovernmentGrantsClassifiedAsInvestingActivities_ko" xml:lang="ko" id="Label_label_dart_RepaymentOfGovernmentGrantsClassifiedAsInvestingActivities_ko">자산관련 정부보조금의 감소</link:label>
    <link:labelArc xlink:arcrole="http://www.xbrl.org/2003/arcrole/concept-label" xlink:from="Loc_dart_RepaymentOfGovernmentGrantsClassifiedAsInvestingActivities" xlink:to="Label_label_dart_RepaymentOfGovernmentGrantsClassifiedAsInvestingActivities_ko" xlink:type="arc" priority="1" />
    <link:loc xlink:href="http://dart.fss.or.kr/Resource/Taxonomy/ifrs/2019-10-01/dart_2019-10-01.xsd#dart_PurchaseOfShortTermFinancialInstruments" xlink:label="Loc_dart_PurchaseOfShortTermFinancialInstruments" xlink:type="locator" />
    <link:label xlink:type="resource" xlink:role="http://www.xbrl.org/2003/role/label" xlink:label="Label_label_dart_PurchaseOfShortTermFinancialInstruments_ko" xml:lang="ko" id="Label_label_dart_PurchaseOfShortTermFinancialInstruments_ko">단기금융상품의 증가</link:label>
    <link:labelArc xlink:arcrole="http://www.xbrl.org/2003/arcrole/concept-label" xlink:from="Loc_dart_PurchaseOfShortTermFinancialInstruments" xlink:to="Label_label_dart_PurchaseOfShortTermFinancialInstruments_ko" xlink:type="arc" priority="1" />
    <link:loc xlink:href="http://dart.fss.or.kr/Resource/Taxonomy/ifrs/2019-10-01/dart_2019-10-01.xsd#dart_IncreaseInLoans" xlink:label="Loc_dart_IncreaseInLoans" xlink:type="locator" />
    <link:label xlink:type="resource" xlink:role="http://www.xbrl.org/2003/role/label" xlink:label="Label_label_dart_IncreaseInLoans_ko" xml:lang="ko" id="Label_label_dart_IncreaseInLoans_ko">단기대여금의 증가</link:label>
    <link:labelArc xlink:arcrole="http://www.xbrl.org/2003/arcrole/concept-label" xlink:from="Loc_dart_IncreaseInLoans" xlink:to="Label_label_dart_IncreaseInLoans_ko" xlink:type="arc" priority="1" />
    <link:loc xlink:href="http://dart.fss.or.kr/Resource/Taxonomy/ifrs/2019-10-01/dart_2019-10-01.xsd#dart_PurchaseOfFairValueFinancialAsset" xlink:label="Loc_dart_PurchaseOfFairValueFinancialAsset" xlink:type="locator" />
    <link:label xlink:type="resource" xlink:role="http://www.xbrl.org/2003/role/label" xlink:label="Label_label_dart_PurchaseOfFairValueFinancialAsset_ko" xml:lang="ko" id="Label_label_dart_PurchaseOfFairValueFinancialAsset_ko">당기손익-공정가치 금융자산의 취득</link:label>
    <link:labelArc xlink:arcrole="http://www.xbrl.org/2003/arcrole/concept-label" xlink:from="Loc_dart_PurchaseOfFairValueFinancialAsset" xlink:to="Label_label_dart_PurchaseOfFairValueFinancialAsset_ko" xlink:type="arc" priority="1" />
    <link:loc xlink:href="http://dart.fss.or.kr/Resource/Taxonomy/ifrs/2019-10-01/dart_2019-10-01.xsd#dart_PurchaseOfInvestmentsInSubsidiaries" xlink:label="Loc_dart_PurchaseOfInvestmentsInSubsidiaries" xlink:type="locator" />
    <link:label xlink:type="resource" xlink:role="http://www.xbrl.org/2003/role/label" xlink:label="Label_label_dart_PurchaseOfInvestmentsInSubsidiaries_ko" xml:lang="ko" id="Label_label_dart_PurchaseOfInvestmentsInSubsidiaries_ko">종속기업투자주식의 취득</link:label>
    <link:labelArc xlink:arcrole="http://www.xbrl.org/2003/arcrole/concept-label" xlink:from="Loc_dart_PurchaseOfInvestmentsInSubsidiaries" xlink:to="Label_label_dart_PurchaseOfInvestmentsInSubsidiaries_ko" xlink:type="arc" priority="1" />
    <link:loc xlink:href="http://dart.fss.or.kr/Resource/Taxonomy/ifrs/2019-10-01/dart_2019-10-01.xsd#dart_PurchaseOfLongTermLoansAndReceivables" xlink:label="Loc_dart_PurchaseOfLongTermLoansAndReceivables" xlink:type="locator" />
    <link:label xlink:type="resource" xlink:role="http://www.xbrl.org/2003/role/label" xlink:label="Label_label_dart_PurchaseOfLongTermLoansAndReceivables_ko" xml:lang="ko" id="Label_label_dart_PurchaseOfLongTermLoansAndReceivables_ko">장기대여금의 증가</link:label>
    <link:labelArc xlink:arcrole="http://www.xbrl.org/2003/arcrole/concept-label" xlink:from="Loc_dart_PurchaseOfLongTermLoansAndReceivables" xlink:to="Label_label_dart_PurchaseOfLongTermLoansAndReceivables_ko" xlink:type="arc" priority="1" />
    <link:loc xlink:href="http://dart.fss.or.kr/Resource/Taxonomy/ifrs/2019-10-01/dart_2019-10-01.xsd#dart_PurchaseOfLongTermFinancialInstruments" xlink:label="Loc_dart_PurchaseOfLongTermFinancialInstruments" xlink:type="locator" />
    <link:label xlink:type="resource" xlink:role="http://www.xbrl.org/2003/role/label" xlink:label="Label_label_dart_PurchaseOfLongTermFinancialInstruments_ko" xml:lang="ko" id="Label_label_dart_PurchaseOfLongTermFinancialInstruments_ko">장기보증금의 증가</link:label>
    <link:labelArc xlink:arcrole="http://www.xbrl.org/2003/arcrole/concept-label" xlink:from="Loc_dart_PurchaseOfLongTermFinancialInstruments" xlink:to="Label_label_dart_PurchaseOfLongTermFinancialInstruments_ko" xlink:type="arc" priority="1" />
    <link:loc xlink:href="http://dart.fss.or.kr/Resource/Taxonomy/ifrs/2019-10-01/dart_2019-10-01.xsd#dart_IncreaseInGuaranteeDeposits" xlink:label="Loc_dart_IncreaseInGuaranteeDeposits" xlink:type="locator" />
    <link:label xlink:type="resource" xlink:role="http://www.xbrl.org/2003/role/label" xlink:label="Label_label_dart_IncreaseInGuaranteeDeposits_ko" xml:lang="ko" id="Label_label_dart_IncreaseInGuaranteeDeposits_ko">장기보증예치금의 증가</link:label>
    <link:labelArc xlink:arcrole="http://www.xbrl.org/2003/arcrole/concept-label" xlink:from="Loc_dart_IncreaseInGuaranteeDeposits" xlink:to="Label_label_dart_IncreaseInGuaranteeDeposits_ko" xlink:type="arc" priority="1" />
    <link:loc xlink:href="http://dart.fss.or.kr/Resource/Taxonomy/ifrs/2019-10-01/dart_2019-10-01.xsd#dart_DecreaseInEquityInvestments" xlink:label="Loc_dart_DecreaseInEquityInvestments" xlink:type="locator" />
    <link:label xlink:type="resource" xlink:role="http://www.xbrl.org/2003/role/label" xlink:label="Label_label_dart_DecreaseInEquityInvestments_ko" xml:lang="ko" id="Label_label_dart_DecreaseInEquityInvestments_ko">장기보증금의 감소</link:label>
    <link:labelArc xlink:arcrole="http://www.xbrl.org/2003/arcrole/concept-label" xlink:from="Loc_dart_DecreaseInEquityInvestments" xlink:to="Label_label_dart_DecreaseInEquityInvestments_ko" xlink:type="arc" priority="1" />
    <link:loc xlink:href="http://dart.fss.or.kr/Resource/Taxonomy/ifrs/2019-10-01/dart_2019-10-01.xsd#dart_ProceedsFromSalesOfOtherPropertyPlantAndEquipment" xlink:label="Loc_dart_ProceedsFromSalesOfOtherPropertyPlantAndEquipment" xlink:type="locator" />
    <link:label xlink:type="resource" xlink:role="http://www.xbrl.org/2003/role/label" xlink:label="Label_label_dart_ProceedsFromSalesOfOtherPropertyPlantAndEquipment_ko" xml:lang="ko" id="Label_label_dart_ProceedsFromSalesOfOtherPropertyPlantAndEquipment_ko">단기보증금의 감소</link:label>
    <link:labelArc xlink:arcrole="http://www.xbrl.org/2003/arcrole/concept-label" xlink:from="Loc_dart_ProceedsFromSalesOfOtherPropertyPlantAndEquipment" xlink:to="Label_label_dart_ProceedsFromSalesOfOtherPropertyPlantAndEquipment_ko" xlink:type="arc" priority="1" />
    <link:loc xlink:href="http://dart.fss.or.kr/Resource/Taxonomy/ifrs/2019-10-01/dart_2019-10-01.xsd#dart_ProceedsFromSalesOfFairValueFinancialAsset" xlink:label="Loc_dart_ProceedsFromSalesOfFairValueFinancialAsset" xlink:type="locator" />
    <link:label xlink:type="resource" xlink:role="http://www.xbrl.org/2003/role/label" xlink:label="Label_label_dart_ProceedsFromSalesOfFairValueFinancialAsset_ko" xml:lang="ko" id="Label_label_dart_ProceedsFromSalesOfFairValueFinancialAsset_ko">당기손익-공정가치 금융자산의 처분</link:label>
    <link:labelArc xlink:arcrole="http://www.xbrl.org/2003/arcrole/concept-label" xlink:from="Loc_dart_ProceedsFromSalesOfFairValueFinancialAsset" xlink:to="Label_label_dart_ProceedsFromSalesOfFairValueFinancialAsset_ko" xlink:type="arc" priority="1" />
    <link:loc xlink:href="http://dart.fss.or.kr/Resource/Taxonomy/ifrs/2019-10-01/dart_2019-10-01.xsd#dart_PurchaseOfStructure" xlink:label="Loc_dart_PurchaseOfStructure" xlink:type="locator" />
    <link:label xlink:type="resource" xlink:role="http://www.xbrl.org/2003/role/label" xlink:label="Label_label_dart_PurchaseOfStructure_ko" xml:lang="ko" id="Label_label_dart_PurchaseOfStructure_ko">단기보증금의 증가</link:label>
    <link:labelArc xlink:arcrole="http://www.xbrl.org/2003/arcrole/concept-label" xlink:from="Loc_dart_PurchaseOfStructure" xlink:to="Label_label_dart_PurchaseOfStructure_ko" xlink:type="arc" priority="1" />
    <link:loc xlink:href="http://dart.fss.or.kr/Resource/Taxonomy/ifrs/2019-10-01/dart_2019-10-01.xsd#dart_PurchaseOfShortTermLoansAndReceivables" xlink:label="Loc_dart_PurchaseOfShortTermLoansAndReceivables" xlink:type="locator" />
    <link:label xlink:type="resource" xlink:role="http://www.xbrl.org/2003/role/label" xlink:label="Label_label_dart_PurchaseOfShortTermLoansAndReceivables_ko" xml:lang="ko" id="Label_label_dart_PurchaseOfShortTermLoansAndReceivables_ko">장기대여금의 증가</link:label>
    <link:labelArc xlink:arcrole="http://www.xbrl.org/2003/arcrole/concept-label" xlink:from="Loc_dart_PurchaseOfShortTermLoansAndReceivables" xlink:to="Label_label_dart_PurchaseOfShortTermLoansAndReceivables_ko" xlink:type="arc" priority="1" />
    <link:loc xlink:href="http://dart.fss.or.kr/Resource/Taxonomy/ifrs/2019-10-01/dart_2019-10-01.xsd#dart_PurchaseOfLoansAndReceivables" xlink:label="Loc_dart_PurchaseOfLoansAndReceivables" xlink:type="locator" />
    <link:label xlink:type="resource" xlink:role="http://www.xbrl.org/2003/role/label" xlink:label="Label_label_dart_PurchaseOfLoansAndReceivables_ko" xml:lang="ko" id="Label_label_dart_PurchaseOfLoansAndReceivables_ko">장기보증금의 증가</link:label>
    <link:labelArc xlink:arcrole="http://www.xbrl.org/2003/arcrole/concept-label" xlink:from="Loc_dart_PurchaseOfLoansAndReceivables" xlink:to="Label_label_dart_PurchaseOfLoansAndReceivables_ko" xlink:type="arc" priority="1" />
    <link:loc xlink:href="http://dart.fss.or.kr/Resource/Taxonomy/ifrs/2019-10-01/dart_2019-10-01.xsd#dart_PurchaseOfFinancialInstruments" xlink:label="Loc_dart_PurchaseOfFinancialInstruments" xlink:type="locator" />
    <link:label xlink:type="resource" xlink:role="http://www.xbrl.org/2003/role/label" xlink:label="Label_label_dart_PurchaseOfFinancialInstruments_ko" xml:lang="ko" id="Label_label_dart_PurchaseOfFinancialInstruments_ko">단기금융상품의 증가</link:label>
    <link:labelArc xlink:arcrole="http://www.xbrl.org/2003/arcrole/concept-label" xlink:from="Loc_dart_PurchaseOfFinancialInstruments" xlink:to="Label_label_dart_PurchaseOfFinancialInstruments_ko" xlink:type="arc" priority="1" />
    <link:loc xlink:href="http://dart.fss.or.kr/Resource/Taxonomy/ifrs/2019-10-01/dart_2019-10-01.xsd#dart_PurchaseOfInvestmentsAccountedForUsingEquityMethod" xlink:label="Loc_dart_PurchaseOfInvestmentsAccountedForUsingEquityMethod" xlink:type="locator" />
    <link:label xlink:type="resource" xlink:role="http://www.xbrl.org/2003/role/label" xlink:label="Label_label_dart_PurchaseOfInvestmentsAccountedForUsingEquityMethod_ko" xml:lang="ko" id="Label_label_dart_PurchaseOfInvestmentsAccountedForUsingEquityMethod_ko">관계기업 투자주식의 취득</link:label>
    <link:labelArc xlink:arcrole="http://www.xbrl.org/2003/arcrole/concept-label" xlink:from="Loc_dart_PurchaseOfInvestmentsAccountedForUsingEquityMethod" xlink:to="Label_label_dart_PurchaseOfInvestmentsAccountedForUsingEquityMethod_ko" xlink:type="arc" priority="1" />
    <link:loc xlink:href="http://dart.fss.or.kr/Resource/Taxonomy/ifrs/2019-10-01/full_ifrs-cor_2019-03-27.xsd#ifrs-full_CashFlowsFromUsedInFinancingActivities" xlink:label="Loc_ifrs-full_CashFlowsFromUsedInFinancingActivities" xlink:type="locator" />
    <link:label xlink:type="resource" xlink:role="http://www.xbrl.org/2003/role/label" xlink:label="Label_label_ifrs-full_CashFlowsFromUsedInFinancingActivities_ko" xml:lang="ko" id="Label_label_ifrs-full_CashFlowsFromUsedInFinancingActivities_ko">재무활동으로 인한 현금흐름</link:label>
    <link:labelArc xlink:arcrole="http://www.xbrl.org/2003/arcrole/concept-label" xlink:from="Loc_ifrs-full_CashFlowsFromUsedInFinancingActivities" xlink:to="Label_label_ifrs-full_CashFlowsFromUsedInFinancingActivities_ko" xlink:type="arc" priority="1" />
    <link:loc xlink:href="http://dart.fss.or.kr/Resource/Taxonomy/ifrs/2019-10-01/dart_2019-10-01.xsd#dart_ProceedsFromBonds" xlink:label="Loc_dart_ProceedsFromBonds" xlink:type="locator" />
    <link:label xlink:type="resource" xlink:role="http://www.xbrl.org/2003/role/label" xlink:label="Label_label_dart_ProceedsFromBonds_ko" xml:lang="ko" id="Label_label_dart_ProceedsFromBonds_ko">사채의 발행</link:label>
    <link:labelArc xlink:arcrole="http://www.xbrl.org/2003/arcrole/concept-label" xlink:from="Loc_dart_ProceedsFromBonds" xlink:to="Label_label_dart_ProceedsFromBonds_ko" xlink:type="arc" priority="1" />
    <link:loc xlink:href="http://dart.fss.or.kr/Resource/Taxonomy/ifrs/2019-10-01/dart_2019-10-01.xsd#dart_ProceedsFromConvertibleBonds" xlink:label="Loc_dart_ProceedsFromConvertibleBonds" xlink:type="locator" />
    <link:label xlink:type="resource" xlink:role="http://www.xbrl.org/2003/role/label" xlink:label="Label_label_dart_ProceedsFromConvertibleBonds_ko" xml:lang="ko" id="Label_label_dart_ProceedsFromConvertibleBonds_ko">전환사채의 발행</link:label>
    <link:labelArc xlink:arcrole="http://www.xbrl.org/2003/arcrole/concept-label" xlink:from="Loc_dart_ProceedsFromConvertibleBonds" xlink:to="Label_label_dart_ProceedsFromConvertibleBonds_ko" xlink:type="arc" priority="1" />
    <link:loc xlink:href="http://dart.fss.or.kr/Resource/Taxonomy/ifrs/2019-10-01/full_ifrs-cor_2019-03-27.xsd#ifrs-full_ProceedsFromIssuingOtherEquityInstruments" xlink:label="Loc_ifrs-full_ProceedsFromIssuingOtherEquityInstruments" xlink:type="locator" />
    <link:label xlink:type="resource" xlink:role="http://www.xbrl.org/2003/role/label" xlink:label="Label_label_ifrs-full_ProceedsFromIssuingOtherEquityInstruments_ko" xml:lang="ko" id="Label_label_ifrs-full_ProceedsFromIssuingOtherEquityInstruments_ko">신종자본증권의 발행</link:label>
    <link:labelArc xlink:arcrole="http://www.xbrl.org/2003/arcrole/concept-label" xlink:from="Loc_ifrs-full_ProceedsFromIssuingOtherEquityInstruments" xlink:to="Label_label_ifrs-full_ProceedsFromIssuingOtherEquityInstruments_ko" xlink:type="arc" priority="1" />
    <link:loc xlink:href="http://dart.fss.or.kr/Resource/Taxonomy/ifrs/2019-10-01/full_ifrs-cor_2019-03-27.xsd#ifrs-full_OtherInflowsOutflowsOfCashClassifiedAsFinancingActivities" xlink:label="Loc_ifrs-full_OtherInflowsOutflowsOfCashClassifiedAsFinancingActivities" xlink:type="locator" />
    <link:label xlink:type="resource" xlink:role="http://www.xbrl.org/2003/role/terseLabel" xlink:label="Label_terseLabel_ifrs-full_OtherInflowsOutflowsOfCashClassifiedAsFinancingActivities_ko" xml:lang="ko" id="Label_terseLabel_ifrs-full_OtherInflowsOutflowsOfCashClassifiedAsFinancingActivities_ko">기타재무활동으로 인한 현금유입액</link:label>
    <link:labelArc xlink:arcrole="http://www.xbrl.org/2003/arcrole/concept-label" xlink:from="Loc_ifrs-full_OtherInflowsOutflowsOfCashClassifiedAsFinancingActivities" xlink:to="Label_terseLabel_ifrs-full_OtherInflowsOutflowsOfCashClassifiedAsFinancingActivities_ko" xlink:type="arc" priority="1" />
    <link:loc xlink:href="http://dart.fss.or.kr/Resource/Taxonomy/ifrs/2019-10-01/dart_2019-10-01.xsd#dart_RepaymentsOfShortTermBorrowings" xlink:label="Loc_dart_RepaymentsOfShortTermBorrowings" xlink:type="locator" />
    <link:label xlink:type="resource" xlink:role="http://www.xbrl.org/2003/role/label" xlink:label="Label_label_dart_RepaymentsOfShortTermBorrowings_ko" xml:lang="ko" id="Label_label_dart_RepaymentsOfShortTermBorrowings_ko">단기차입금의 감소</link:label>
    <link:labelArc xlink:arcrole="http://www.xbrl.org/2003/arcrole/concept-label" xlink:from="Loc_dart_RepaymentsOfShortTermBorrowings" xlink:to="Label_label_dart_RepaymentsOfShortTermBorrowings_ko" xlink:type="arc" priority="1" />
    <link:loc xlink:href="http://dart.fss.or.kr/Resource/Taxonomy/ifrs/2019-10-01/dart_2019-10-01.xsd#dart_RepaymentsOfBonds" xlink:label="Loc_dart_RepaymentsOfBonds" xlink:type="locator" />
    <link:label xlink:type="resource" xlink:role="http://www.xbrl.org/2003/role/label" xlink:label="Label_label_dart_RepaymentsOfBonds_ko" xml:lang="ko" id="Label_label_dart_RepaymentsOfBonds_ko">유동성장기부채의 감소</link:label>
    <link:labelArc xlink:arcrole="http://www.xbrl.org/2003/arcrole/concept-label" xlink:from="Loc_dart_RepaymentsOfBonds" xlink:to="Label_label_dart_RepaymentsOfBonds_ko" xlink:type="arc" priority="1" />
    <link:loc xlink:href="http://dart.fss.or.kr/Resource/Taxonomy/ifrs/2019-10-01/dart_2019-10-01.xsd#dart_RepaymentsOfLongTermBorrowings" xlink:label="Loc_dart_RepaymentsOfLongTermBorrowings" xlink:type="locator" />
    <link:label xlink:type="resource" xlink:role="http://www.xbrl.org/2003/role/label" xlink:label="Label_label_dart_RepaymentsOfLongTermBorrowings_ko" xml:lang="ko" id="Label_label_dart_RepaymentsOfLongTermBorrowings_ko">장기차입금의 감소</link:label>
    <link:labelArc xlink:arcrole="http://www.xbrl.org/2003/arcrole/concept-label" xlink:from="Loc_dart_RepaymentsOfLongTermBorrowings" xlink:to="Label_label_dart_RepaymentsOfLongTermBorrowings_ko" xlink:type="arc" priority="1" />
    <link:loc xlink:href="http://dart.fss.or.kr/Resource/Taxonomy/ifrs/2019-10-01/dart_2019-10-01.xsd#dart_PaymentForBondIssueExpenses" xlink:label="Loc_dart_PaymentForBondIssueExpenses" xlink:type="locator" />
    <link:label xlink:type="resource" xlink:role="http://www.xbrl.org/2003/role/label" xlink:label="Label_label_dart_PaymentForBondIssueExpenses_ko" xml:lang="ko" id="Label_label_dart_PaymentForBondIssueExpenses_ko">주식전환관련비용의 지급</link:label>
    <link:labelArc xlink:arcrole="http://www.xbrl.org/2003/arcrole/concept-label" xlink:from="Loc_dart_PaymentForBondIssueExpenses" xlink:to="Label_label_dart_PaymentForBondIssueExpenses_ko" xlink:type="arc" priority="1" />
    <link:loc xlink:href="http://dart.fss.or.kr/Resource/Taxonomy/ifrs/2019-10-01/full_ifrs-cor_2019-03-27.xsd#ifrs-full_PaymentsOfFinanceLeaseLiabilitiesClassifiedAsFinancingActivities" xlink:label="Loc_ifrs-full_PaymentsOfFinanceLeaseLiabilitiesClassifiedAsFinancingActivities" xlink:type="locator" />
    <link:label xlink:type="resource" xlink:role="http://www.xbrl.org/2009/role/negatedTerseLabel" xlink:label="Label_negatedTerseLabel_ifrs-full_PaymentsOfFinanceLeaseLiabilitiesClassifiedAsFinancingActivities_ko" xml:lang="ko" id="Label_negatedTerseLabel_ifrs-full_PaymentsOfFinanceLeaseLiabilitiesClassifiedAsFinancingActivities_ko">리스부채의 지급</link:label>
    <link:labelArc xlink:arcrole="http://www.xbrl.org/2003/arcrole/concept-label" xlink:from="Loc_ifrs-full_PaymentsOfFinanceLeaseLiabilitiesClassifiedAsFinancingActivities" xlink:to="Label_negatedTerseLabel_ifrs-full_PaymentsOfFinanceLeaseLiabilitiesClassifiedAsFinancingActivities_ko" xlink:type="arc" priority="1" />
    <link:loc xlink:href="http://dart.fss.or.kr/Resource/Taxonomy/ifrs/2019-10-01/dart_2019-10-01.xsd#dart_RepaymentsOfConvertibleBonds" xlink:label="Loc_dart_RepaymentsOfConvertibleBonds" xlink:type="locator" />
    <link:label xlink:type="resource" xlink:role="http://www.xbrl.org/2003/role/label" xlink:label="Label_label_dart_RepaymentsOfConvertibleBonds_ko" xml:lang="ko" id="Label_label_dart_RepaymentsOfConvertibleBonds_ko">전환사채의 상환</link:label>
    <link:labelArc xlink:arcrole="http://www.xbrl.org/2003/arcrole/concept-label" xlink:from="Loc_dart_RepaymentsOfConvertibleBonds" xlink:to="Label_label_dart_RepaymentsOfConvertibleBonds_ko" xlink:type="arc" priority="1" />
    <link:loc xlink:href="http://dart.fss.or.kr/Resource/Taxonomy/ifrs/2019-10-01/dart_2019-10-01.xsd#dart_PaymentForStockIssueCost" xlink:label="Loc_dart_PaymentForStockIssueCost" xlink:type="locator" />
    <link:label xlink:type="resource" xlink:role="http://www.xbrl.org/2003/role/label" xlink:label="Label_label_dart_PaymentForStockIssueCost_ko" xml:lang="ko" id="Label_label_dart_PaymentForStockIssueCost_ko">주식전환관련 비용의 지급</link:label>
    <link:labelArc xlink:arcrole="http://www.xbrl.org/2003/arcrole/concept-label" xlink:from="Loc_dart_PaymentForStockIssueCost" xlink:to="Label_label_dart_PaymentForStockIssueCost_ko" xlink:type="arc" priority="1" />
    <link:loc xlink:href="http://dart.fss.or.kr/Resource/Taxonomy/ifrs/2019-10-01/dart_2019-10-01.xsd#dart_RepaymentOfConvertibleBonds" xlink:label="Loc_dart_RepaymentOfConvertibleBonds" xlink:type="locator" />
    <link:label xlink:type="resource" xlink:role="http://www.xbrl.org/2003/role/label" xlink:label="Label_label_dart_RepaymentOfConvertibleBonds_ko" xml:lang="ko" id="Label_label_dart_RepaymentOfConvertibleBonds_ko">신종자본증권의 상환</link:label>
    <link:labelArc xlink:arcrole="http://www.xbrl.org/2003/arcrole/concept-label" xlink:from="Loc_dart_RepaymentOfConvertibleBonds" xlink:to="Label_label_dart_RepaymentOfConvertibleBonds_ko" xlink:type="arc" priority="1" />
    <link:loc xlink:href="http://dart.fss.or.kr/Resource/Taxonomy/ifrs/2019-10-01/full_ifrs-cor_2019-03-27.xsd#ifrs-full_DividendsPaidClassifiedAsFinancingActivities" xlink:label="Loc_ifrs-full_DividendsPaidClassifiedAsFinancingActivities" xlink:type="locator" />
    <link:label xlink:type="resource" xlink:role="http://www.xbrl.org/2009/role/negatedTerseLabel" xlink:label="Label_negatedTerseLabel_ifrs-full_DividendsPaidClassifiedAsFinancingActivities_ko" xml:lang="ko" id="Label_negatedTerseLabel_ifrs-full_DividendsPaidClassifiedAsFinancingActivities_ko">배당금의 지급</link:label>
    <link:labelArc xlink:arcrole="http://www.xbrl.org/2003/arcrole/concept-label" xlink:from="Loc_ifrs-full_DividendsPaidClassifiedAsFinancingActivities" xlink:to="Label_negatedTerseLabel_ifrs-full_DividendsPaidClassifiedAsFinancingActivities_ko" xlink:type="arc" priority="1" />
    <link:loc xlink:href="http://dart.fss.or.kr/Resource/Taxonomy/ifrs/2019-10-01/full_ifrs-cor_2019-03-27.xsd#ifrs-full_InterestPaidClassifiedAsFinancingActivities" xlink:label="Loc_ifrs-full_InterestPaidClassifiedAsFinancingActivities" xlink:type="locator" />
    <link:label xlink:type="resource" xlink:role="http://www.xbrl.org/2009/role/negatedTerseLabel" xlink:label="Label_negatedTerseLabel_ifrs-full_InterestPaidClassifiedAsFinancingActivities_ko" xml:lang="ko" id="Label_negatedTerseLabel_ifrs-full_InterestPaidClassifiedAsFinancingActivities_ko">신종자본증권의 배당</link:label>
    <link:labelArc xlink:arcrole="http://www.xbrl.org/2003/arcrole/concept-label" xlink:from="Loc_ifrs-full_InterestPaidClassifiedAsFinancingActivities" xlink:to="Label_negatedTerseLabel_ifrs-full_InterestPaidClassifiedAsFinancingActivities_ko" xlink:type="arc" priority="1" />
    <link:loc xlink:href="http://dart.fss.or.kr/Resource/Taxonomy/ifrs/2019-10-01/dart_2019-10-01.xsd#dart_PaymentForConsolidatedCapitalTransactions" xlink:label="Loc_dart_PaymentForConsolidatedCapitalTransactions" xlink:type="locator" />
    <link:label xlink:type="resource" xlink:role="http://www.xbrl.org/2003/role/label" xlink:label="Label_label_dart_PaymentForConsolidatedCapitalTransactions_ko" xml:lang="ko" id="Label_label_dart_PaymentForConsolidatedCapitalTransactions_ko">기타투자활동으로 인한 현금유출액</link:label>
    <link:labelArc xlink:arcrole="http://www.xbrl.org/2003/arcrole/concept-label" xlink:from="Loc_dart_PaymentForConsolidatedCapitalTransactions" xlink:to="Label_label_dart_PaymentForConsolidatedCapitalTransactions_ko" xlink:type="arc" priority="1" />
    <link:loc xlink:href="http://dart.fss.or.kr/Resource/Taxonomy/ifrs/2019-10-01/full_ifrs-cor_2019-03-27.xsd#ifrs-full_IncreaseDecreaseInCashAndCashEquivalentsBeforeEffectOfExchangeRateChanges" xlink:label="Loc_ifrs-full_IncreaseDecreaseInCashAndCashEquivalentsBeforeEffectOfExchangeRateChanges" xlink:type="locator" />
    <link:label xlink:type="resource" xlink:role="http://www.xbrl.org/2009/role/netLabel" xlink:label="Label_netLabel_ifrs-full_IncreaseDecreaseInCashAndCashEquivalentsBeforeEffectOfExchangeRateChanges_ko" xml:lang="ko" id="Label_netLabel_ifrs-full_IncreaseDecreaseInCashAndCashEquivalentsBeforeEffectOfExchangeRateChanges_ko">현금및현금성자산의 증가(감소)</link:label>
    <link:labelArc xlink:arcrole="http://www.xbrl.org/2003/arcrole/concept-label" xlink:from="Loc_ifrs-full_IncreaseDecreaseInCashAndCashEquivalentsBeforeEffectOfExchangeRateChanges" xlink:to="Label_netLabel_ifrs-full_IncreaseDecreaseInCashAndCashEquivalentsBeforeEffectOfExchangeRateChanges_ko" xlink:type="arc" priority="1" />
    <link:loc xlink:href="http://dart.fss.or.kr/Resource/Taxonomy/ifrs/2019-10-01/full_ifrs-cor_2019-03-27.xsd#ifrs-full_EffectOfExchangeRateChangesOnCashAndCashEquivalents" xlink:label="Loc_ifrs-full_EffectOfExchangeRateChangesOnCashAndCashEquivalents" xlink:type="locator" />
    <link:label xlink:type="resource" xlink:role="http://www.xbrl.org/2003/role/label" xlink:label="Label_label_ifrs-full_EffectOfExchangeRateChangesOnCashAndCashEquivalents_ko" xml:lang="ko" id="Label_label_ifrs-full_EffectOfExchangeRateChangesOnCashAndCashEquivalents_ko">현금및현금성자산의 환율변동효과</link:label>
    <link:labelArc xlink:arcrole="http://www.xbrl.org/2003/arcrole/concept-label" xlink:from="Loc_ifrs-full_EffectOfExchangeRateChangesOnCashAndCashEquivalents" xlink:to="Label_label_ifrs-full_EffectOfExchangeRateChangesOnCashAndCashEquivalents_ko" xlink:type="arc" priority="1" />
    <link:loc xlink:href="http://dart.fss.or.kr/Resource/Taxonomy/ifrs/2019-10-01/dart_2019-10-01.xsd#dart_CashAndCashEquivalentsAtBeginningOfPeriodCf" xlink:label="Loc_dart_CashAndCashEquivalentsAtBeginningOfPeriodCf" xlink:type="locator" />
    <link:label xlink:type="resource" xlink:role="http://www.xbrl.org/2003/role/label" xlink:label="Label_label_dart_CashAndCashEquivalentsAtBeginningOfPeriodCf_ko" xml:lang="ko" id="Label_label_dart_CashAndCashEquivalentsAtBeginningOfPeriodCf_ko">기초의 현금및현금성자산</link:label>
    <link:labelArc xlink:arcrole="http://www.xbrl.org/2003/arcrole/concept-label" xlink:from="Loc_dart_CashAndCashEquivalentsAtBeginningOfPeriodCf" xlink:to="Label_label_dart_CashAndCashEquivalentsAtBeginningOfPeriodCf_ko" xlink:type="arc" priority="1" />
    <link:loc xlink:href="http://dart.fss.or.kr/Resource/Taxonomy/ifrs/2019-10-01/dart_2019-10-01.xsd#dart_CashAndCashEquivalentsAtEndOfPeriodCf" xlink:label="Loc_dart_CashAndCashEquivalentsAtEndOfPeriodCf" xlink:type="locator" />
    <link:label xlink:type="resource" xlink:role="http://www.xbrl.org/2003/role/label" xlink:label="Label_label_dart_CashAndCashEquivalentsAtEndOfPeriodCf_ko" xml:lang="ko" id="Label_label_dart_CashAndCashEquivalentsAtEndOfPeriodCf_ko">기말의 현금및현금성자산</link:label>
    <link:labelArc xlink:arcrole="http://www.xbrl.org/2003/arcrole/concept-label" xlink:from="Loc_dart_CashAndCashEquivalentsAtEndOfPeriodCf" xlink:to="Label_label_dart_CashAndCashEquivalentsAtEndOfPeriodCf_ko" xlink:type="arc" priority="1" />
    <link:loc xlink:href="http://dart.fss.or.kr/Resource/Taxonomy/ifrs/2019-10-01/full_ifrs-cor_2019-03-27.xsd#ifrs-full_TradeAndOtherCurrentReceivables" xlink:label="Loc_ifrs-full_TradeAndOtherCurrentReceivables" xlink:type="locator" />
    <link:label xlink:type="resource" xlink:role="http://www.xbrl.org/2003/role/label" xlink:label="Label_label_ifrs-full_TradeAndOtherCurrentReceivables_ko" xml:lang="ko" id="Label_label_ifrs-full_TradeAndOtherCurrentReceivables_ko">기타채권</link:label>
    <link:labelArc xlink:arcrole="http://www.xbrl.org/2003/arcrole/concept-label" xlink:from="Loc_ifrs-full_TradeAndOtherCurrentReceivables" xlink:to="Label_label_ifrs-full_TradeAndOtherCurrentReceivables_ko" xlink:type="arc" priority="1" />
    <link:loc xlink:href="http://dart.fss.or.kr/Resource/Taxonomy/ifrs/2019-10-01/full_ifrs-cor_2019-03-27.xsd#ifrs-full_CurrentContractAssets" xlink:label="Loc_ifrs-full_CurrentContractAssets" xlink:type="locator" />
    <link:label xlink:type="resource" xlink:role="http://www.xbrl.org/2003/role/label" xlink:label="Label_label_ifrs-full_CurrentContractAssets_ko" xml:lang="ko" id="Label_label_ifrs-full_CurrentContractAssets_ko">계약자산</link:label>
    <link:labelArc xlink:arcrole="http://www.xbrl.org/2003/arcrole/concept-label" xlink:from="Loc_ifrs-full_CurrentContractAssets" xlink:to="Label_label_ifrs-full_CurrentContractAssets_ko" xlink:type="arc" priority="1" />
    <link:loc xlink:href="http://dart.fss.or.kr/Resource/Taxonomy/ifrs/2019-10-01/dart_2019-10-01.xsd#dart_ShortTermDepositsNotClassifiedAsCashEquivalents" xlink:label="Loc_dart_ShortTermDepositsNotClassifiedAsCashEquivalents" xlink:type="locator" />
    <link:label xlink:type="resource" xlink:role="http://dart.fss.or.kr/role/2019-10-01/ifrs/dart_label" xlink:label="Label_dart_label_dart_ShortTermDepositsNotClassifiedAsCashEquivalents_ko" xml:lang="ko" id="Label_dart_label_dart_ShortTermDepositsNotClassifiedAsCashEquivalents_ko">기타금융자산</link:label>
    <link:labelArc xlink:arcrole="http://www.xbrl.org/2003/arcrole/concept-label" xlink:from="Loc_dart_ShortTermDepositsNotClassifiedAsCashEquivalents" xlink:to="Label_dart_label_dart_ShortTermDepositsNotClassifiedAsCashEquivalents_ko" xlink:type="arc" priority="1" />
    <link:loc xlink:href="http://dart.fss.or.kr/Resource/Taxonomy/ifrs/2019-10-01/full_ifrs-cor_2019-03-27.xsd#ifrs-full_NoncurrentAssetsOrDisposalGroupsClassifiedAsHeldForSaleOrAsHeldForDistributionToOwners" xlink:label="Loc_ifrs-full_NoncurrentAssetsOrDisposalGroupsClassifiedAsHeldForSaleOrAsHeldForDistributionToOwners" xlink:type="locator" />
    <link:label xlink:type="resource" xlink:role="http://www.xbrl.org/2003/role/label" xlink:label="Label_label_ifrs-full_NoncurrentAssetsOrDisposalGroupsClassifiedAsHeldForSaleOrAsHeldForDistributionToOwners_ko" xml:lang="ko" id="Label_label_ifrs-full_NoncurrentAssetsOrDisposalGroupsClassifiedAsHeldForSaleOrAsHeldForDistributionToOwners_ko">매각예정비유동자산</link:label>
    <link:labelArc xlink:arcrole="http://www.xbrl.org/2003/arcrole/concept-label" xlink:from="Loc_ifrs-full_NoncurrentAssetsOrDisposalGroupsClassifiedAsHeldForSaleOrAsHeldForDistributionToOwners" xlink:to="Label_label_ifrs-full_NoncurrentAssetsOrDisposalGroupsClassifiedAsHeldForSaleOrAsHeldForDistributionToOwners_ko" xlink:type="arc" priority="1" />
    <link:loc xlink:href="http://dart.fss.or.kr/Resource/Taxonomy/ifrs/2019-10-01/dart_2019-10-01.xsd#dart_LongTermDepositsNotClassifiedAsCashEquivalents" xlink:label="Loc_dart_LongTermDepositsNotClassifiedAsCashEquivalents" xlink:type="locator" />
    <link:label xlink:type="resource" xlink:role="http://www.xbrl.org/2003/role/label" xlink:label="Label_label_dart_LongTermDepositsNotClassifiedAsCashEquivalents_ko" xml:lang="ko" id="Label_label_dart_LongTermDepositsNotClassifiedAsCashEquivalents_ko">장기기타채권</link:label>
    <link:labelArc xlink:arcrole="http://www.xbrl.org/2003/arcrole/concept-label" xlink:from="Loc_dart_LongTermDepositsNotClassifiedAsCashEquivalents" xlink:to="Label_label_dart_LongTermDepositsNotClassifiedAsCashEquivalents_ko" xlink:type="arc" priority="1" />
    <link:loc xlink:href="../00302926_entry_point_2019-11-14.xsd#entity00302926_udf_BS_2019115145637976_NoncurrentAssets" xlink:label="Loc_entity00302926_udf_BS_2019115145637976_NoncurrentAssets" xlink:type="locator" />
    <link:label xlink:type="resource" xlink:role="http://www.xbrl.org/2003/role/label" xlink:label="Label_label_entity00302926_udf_BS_2019115145637976_NoncurrentAssets_ko" xml:lang="ko" id="Label_label_entity00302926_udf_BS_2019115145637976_NoncurrentAssets_ko">장기기타채권</link:label>
    <link:labelArc xlink:arcrole="http://www.xbrl.org/2003/arcrole/concept-label" xlink:from="Loc_entity00302926_udf_BS_2019115145637976_NoncurrentAssets" xlink:to="Label_label_entity00302926_udf_BS_2019115145637976_NoncurrentAssets_ko" xlink:type="arc" />
    <link:label xlink:type="resource" xlink:role="http://www.xbrl.org/2003/role/documentation" xlink:label="Label_entity00302926_udf_BS_2019115145637976_NoncurrentAssets_ko_doc" xml:lang="ko">
    </link:label>
    <link:labelArc xlink:arcrole="http://www.xbrl.org/2003/arcrole/concept-label" xlink:from="Loc_entity00302926_udf_BS_2019115145637976_NoncurrentAssets" xlink:to="Label_entity00302926_udf_BS_2019115145637976_NoncurrentAssets_ko_doc" xlink:type="arc" />
    <link:loc xlink:href="http://dart.fss.or.kr/Resource/Taxonomy/ifrs/2019-10-01/dart_2019-10-01.xsd#dart_LongTermTradeAndOtherNonCurrentReceivablesGross" xlink:label="Loc_dart_LongTermTradeAndOtherNonCurrentReceivablesGross" xlink:type="locator" />
    <link:label xlink:type="resource" xlink:role="http://www.xbrl.org/2003/role/label" xlink:label="Label_label_dart_LongTermTradeAndOtherNonCurrentReceivablesGross_ko" xml:lang="ko" id="Label_label_dart_LongTermTradeAndOtherNonCurrentReceivablesGross_ko">장기기타금융자산</link:label>
    <link:labelArc xlink:arcrole="http://www.xbrl.org/2003/arcrole/concept-label" xlink:from="Loc_dart_LongTermTradeAndOtherNonCurrentReceivablesGross" xlink:to="Label_label_dart_LongTermTradeAndOtherNonCurrentReceivablesGross_ko" xlink:type="arc" priority="1" />
    <link:loc xlink:href="http://dart.fss.or.kr/Resource/Taxonomy/ifrs/2019-10-01/full_ifrs-cor_2019-03-27.xsd#ifrs-full_IntangibleAssetsOtherThanGoodwill" xlink:label="Loc_ifrs-full_IntangibleAssetsOtherThanGoodwill" xlink:type="locator" />
    <link:label xlink:type="resource" xlink:role="http://www.xbrl.org/2003/role/label" xlink:label="Label_label_ifrs-full_IntangibleAssetsOtherThanGoodwill_ko" xml:lang="ko" id="Label_label_ifrs-full_IntangibleAssetsOtherThanGoodwill_ko">무형자산</link:label>
    <link:labelArc xlink:arcrole="http://www.xbrl.org/2003/arcrole/concept-label" xlink:from="Loc_ifrs-full_IntangibleAssetsOtherThanGoodwill" xlink:to="Label_label_ifrs-full_IntangibleAssetsOtherThanGoodwill_ko" xlink:type="arc" priority="1" />
    <link:loc xlink:href="../00302926_entry_point_2019-11-14.xsd#entity00302926_udf_BS_201911514580251_NoncurrentAssets" xlink:label="Loc_entity00302926_udf_BS_201911514580251_NoncurrentAssets" xlink:type="locator" />
    <link:label xlink:type="resource" xlink:role="http://www.xbrl.org/2003/role/label" xlink:label="Label_label_entity00302926_udf_BS_201911514580251_NoncurrentAssets_ko" xml:lang="ko" id="Label_label_entity00302926_udf_BS_201911514580251_NoncurrentAssets_ko">종속기업투자주식</link:label>
    <link:labelArc xlink:arcrole="http://www.xbrl.org/2003/arcrole/concept-label" xlink:from="Loc_entity00302926_udf_BS_201911514580251_NoncurrentAssets" xlink:to="Label_label_entity00302926_udf_BS_201911514580251_NoncurrentAssets_ko" xlink:type="arc" />
    <link:label xlink:type="resource" xlink:role="http://www.xbrl.org/2003/role/documentation" xlink:label="Label_entity00302926_udf_BS_201911514580251_NoncurrentAssets_ko_doc" xml:lang="ko">
    </link:label>
    <link:labelArc xlink:arcrole="http://www.xbrl.org/2003/arcrole/concept-label" xlink:from="Loc_entity00302926_udf_BS_201911514580251_NoncurrentAssets" xlink:to="Label_entity00302926_udf_BS_201911514580251_NoncurrentAssets_ko_doc" xlink:type="arc" />
    <link:loc xlink:href="../00302926_entry_point_2019-11-14.xsd#entity00302926_udf_BS_2019115145818760_NoncurrentAssets" xlink:label="Loc_entity00302926_udf_BS_2019115145818760_NoncurrentAssets" xlink:type="locator" />
    <link:label xlink:type="resource" xlink:role="http://www.xbrl.org/2003/role/label" xlink:label="Label_label_entity00302926_udf_BS_2019115145818760_NoncurrentAssets_ko" xml:lang="ko" id="Label_label_entity00302926_udf_BS_2019115145818760_NoncurrentAssets_ko">관계기업투자주식</link:label>
    <link:labelArc xlink:arcrole="http://www.xbrl.org/2003/arcrole/concept-label" xlink:from="Loc_entity00302926_udf_BS_2019115145818760_NoncurrentAssets" xlink:to="Label_label_entity00302926_udf_BS_2019115145818760_NoncurrentAssets_ko" xlink:type="arc" />
    <link:label xlink:type="resource" xlink:role="http://www.xbrl.org/2003/role/documentation" xlink:label="Label_entity00302926_udf_BS_2019115145818760_NoncurrentAssets_ko_doc" xml:lang="ko">
    </link:label>
    <link:labelArc xlink:arcrole="http://www.xbrl.org/2003/arcrole/concept-label" xlink:from="Loc_entity00302926_udf_BS_2019115145818760_NoncurrentAssets" xlink:to="Label_entity00302926_udf_BS_2019115145818760_NoncurrentAssets_ko_doc" xlink:type="arc" />
    <link:loc xlink:href="http://dart.fss.or.kr/Resource/Taxonomy/ifrs/2019-10-01/dart_2019-10-01.xsd#dart_InvestedAssetForPostemploymentBenefit" xlink:label="Loc_dart_InvestedAssetForPostemploymentBenefit" xlink:type="locator" />
    <link:label xlink:type="resource" xlink:role="http://www.xbrl.org/2003/role/label" xlink:label="Label_label_dart_InvestedAssetForPostemploymentBenefit_ko" xml:lang="ko" id="Label_label_dart_InvestedAssetForPostemploymentBenefit_ko">순확정급여자산</link:label>
    <link:labelArc xlink:arcrole="http://www.xbrl.org/2003/arcrole/concept-label" xlink:from="Loc_dart_InvestedAssetForPostemploymentBenefit" xlink:to="Label_label_dart_InvestedAssetForPostemploymentBenefit_ko" xlink:type="arc" priority="1" />
    <link:loc xlink:href="http://dart.fss.or.kr/Resource/Taxonomy/ifrs/2019-10-01/full_ifrs-cor_2019-03-27.xsd#ifrs-full_InvestmentsInAssociates" xlink:label="Loc_ifrs-full_InvestmentsInAssociates" xlink:type="locator" />
    <link:label xlink:type="resource" xlink:role="http://www.xbrl.org/2003/role/label" xlink:label="Label_label_ifrs-full_InvestmentsInAssociates_ko" xml:lang="ko" id="Label_label_ifrs-full_InvestmentsInAssociates_ko">관계기업투자주식</link:label>
    <link:labelArc xlink:arcrole="http://www.xbrl.org/2003/arcrole/concept-label" xlink:from="Loc_ifrs-full_InvestmentsInAssociates" xlink:to="Label_label_ifrs-full_InvestmentsInAssociates_ko" xlink:type="arc" priority="1" />
    <link:loc xlink:href="http://dart.fss.or.kr/Resource/Taxonomy/ifrs/2019-10-01/dart_2019-10-01.xsd#dart_ShortTermTradePayables" xlink:label="Loc_dart_ShortTermTradePayables" xlink:type="locator" />
    <link:label xlink:type="resource" xlink:role="http://www.xbrl.org/2003/role/label" xlink:label="Label_label_dart_ShortTermTradePayables_ko" xml:lang="ko" id="Label_label_dart_ShortTermTradePayables_ko">매입채무</link:label>
    <link:labelArc xlink:arcrole="http://www.xbrl.org/2003/arcrole/concept-label" xlink:from="Loc_dart_ShortTermTradePayables" xlink:to="Label_label_dart_ShortTermTradePayables_ko" xlink:type="arc" priority="1" />
    <link:loc xlink:href="http://dart.fss.or.kr/Resource/Taxonomy/ifrs/2019-10-01/dart_2019-10-01.xsd#dart_ShortTermOtherPayables" xlink:label="Loc_dart_ShortTermOtherPayables" xlink:type="locator" />
    <link:label xlink:type="resource" xlink:role="http://www.xbrl.org/2003/role/label" xlink:label="Label_label_dart_ShortTermOtherPayables_ko" xml:lang="ko" id="Label_label_dart_ShortTermOtherPayables_ko">미지급금</link:label>
    <link:labelArc xlink:arcrole="http://www.xbrl.org/2003/arcrole/concept-label" xlink:from="Loc_dart_ShortTermOtherPayables" xlink:to="Label_label_dart_ShortTermOtherPayables_ko" xlink:type="arc" priority="1" />
    <link:loc xlink:href="http://dart.fss.or.kr/Resource/Taxonomy/ifrs/2019-10-01/full_ifrs-cor_2019-03-27.xsd#ifrs-full_CurrentContractLiabilities" xlink:label="Loc_ifrs-full_CurrentContractLiabilities" xlink:type="locator" />
    <link:label xlink:type="resource" xlink:role="http://www.xbrl.org/2003/role/label" xlink:label="Label_label_ifrs-full_CurrentContractLiabilities_ko" xml:lang="ko" id="Label_label_ifrs-full_CurrentContractLiabilities_ko">계약부채</link:label>
    <link:labelArc xlink:arcrole="http://www.xbrl.org/2003/arcrole/concept-label" xlink:from="Loc_ifrs-full_CurrentContractLiabilities" xlink:to="Label_label_ifrs-full_CurrentContractLiabilities_ko" xlink:type="arc" priority="1" />
    <link:loc xlink:href="http://dart.fss.or.kr/Resource/Taxonomy/ifrs/2019-10-01/full_ifrs-cor_2019-03-27.xsd#ifrs-full_CurrentPortionOfLongtermBorrowings" xlink:label="Loc_ifrs-full_CurrentPortionOfLongtermBorrowings" xlink:type="locator" />
    <link:label xlink:type="resource" xlink:role="http://www.xbrl.org/2003/role/label" xlink:label="Label_label_ifrs-full_CurrentPortionOfLongtermBorrowings_ko" xml:lang="ko" id="Label_label_ifrs-full_CurrentPortionOfLongtermBorrowings_ko">유동성장기부채</link:label>
    <link:labelArc xlink:arcrole="http://www.xbrl.org/2003/arcrole/concept-label" xlink:from="Loc_ifrs-full_CurrentPortionOfLongtermBorrowings" xlink:to="Label_label_ifrs-full_CurrentPortionOfLongtermBorrowings_ko" xlink:type="arc" priority="1" />
    <link:loc xlink:href="http://dart.fss.or.kr/Resource/Taxonomy/ifrs/2019-10-01/full_ifrs-cor_2019-03-27.xsd#ifrs-full_CurrentLeaseLiabilities" xlink:label="Loc_ifrs-full_CurrentLeaseLiabilities" xlink:type="locator" />
    <link:label xlink:type="resource" xlink:role="http://www.xbrl.org/2003/role/label" xlink:label="Label_label_ifrs-full_CurrentLeaseLiabilities_ko" xml:lang="ko" id="Label_label_ifrs-full_CurrentLeaseLiabilities_ko">리스부채</link:label>
    <link:labelArc xlink:arcrole="http://www.xbrl.org/2003/arcrole/concept-label" xlink:from="Loc_ifrs-full_CurrentLeaseLiabilities" xlink:to="Label_label_ifrs-full_CurrentLeaseLiabilities_ko" xlink:type="arc" priority="1" />
    <link:loc xlink:href="http://dart.fss.or.kr/Resource/Taxonomy/ifrs/2019-10-01/dart_2019-10-01.xsd#dart_CurrentProvisionForConstructionLosses" xlink:label="Loc_dart_CurrentProvisionForConstructionLosses" xlink:type="locator" />
    <link:label xlink:type="resource" xlink:role="http://www.xbrl.org/2003/role/label" xlink:label="Label_label_dart_CurrentProvisionForConstructionLosses_ko" xml:lang="ko" id="Label_label_dart_CurrentProvisionForConstructionLosses_ko">공사손실충당부채</link:label>
    <link:labelArc xlink:arcrole="http://www.xbrl.org/2003/arcrole/concept-label" xlink:from="Loc_dart_CurrentProvisionForConstructionLosses" xlink:to="Label_label_dart_CurrentProvisionForConstructionLosses_ko" xlink:type="arc" priority="1" />
    <link:loc xlink:href="http://dart.fss.or.kr/Resource/Taxonomy/ifrs/2019-10-01/full_ifrs-cor_2019-03-27.xsd#ifrs-full_NoncurrentLeaseLiabilities" xlink:label="Loc_ifrs-full_NoncurrentLeaseLiabilities" xlink:type="locator" />
    <link:label xlink:type="resource" xlink:role="http://www.xbrl.org/2003/role/label" xlink:label="Label_label_ifrs-full_NoncurrentLeaseLiabilities_ko" xml:lang="ko" id="Label_label_ifrs-full_NoncurrentLeaseLiabilities_ko">리스부채</link:label>
    <link:labelArc xlink:arcrole="http://www.xbrl.org/2003/arcrole/concept-label" xlink:from="Loc_ifrs-full_NoncurrentLeaseLiabilities" xlink:to="Label_label_ifrs-full_NoncurrentLeaseLiabilities_ko" xlink:type="arc" priority="1" />
    <link:loc xlink:href="http://dart.fss.or.kr/Resource/Taxonomy/ifrs/2019-10-01/dart_2019-10-01.xsd#dart_NonCurrentFinanceLeaseLiabilities" xlink:label="Loc_dart_NonCurrentFinanceLeaseLiabilities" xlink:type="locator" />
    <link:label xlink:type="resource" xlink:role="http://www.xbrl.org/2003/role/label" xlink:label="Label_label_dart_NonCurrentFinanceLeaseLiabilities_ko" xml:lang="ko" id="Label_label_dart_NonCurrentFinanceLeaseLiabilities_ko">리스부채</link:label>
    <link:labelArc xlink:arcrole="http://www.xbrl.org/2003/arcrole/concept-label" xlink:from="Loc_dart_NonCurrentFinanceLeaseLiabilities" xlink:to="Label_label_dart_NonCurrentFinanceLeaseLiabilities_ko" xlink:type="arc" priority="1" />
    <link:loc xlink:href="../00302926_entry_point_2019-11-14.xsd#entity00302926_udf_BS_2019115151428536_NoncurrentLiabilities" xlink:label="Loc_entity00302926_udf_BS_2019115151428536_NoncurrentLiabilities" xlink:type="locator" />
    <link:label xlink:type="resource" xlink:role="http://www.xbrl.org/2003/role/label" xlink:label="Label_label_entity00302926_udf_BS_2019115151428536_NoncurrentLiabilities_ko" xml:lang="ko" id="Label_label_entity00302926_udf_BS_2019115151428536_NoncurrentLiabilities_ko">순확정급여부채</link:label>
    <link:labelArc xlink:arcrole="http://www.xbrl.org/2003/arcrole/concept-label" xlink:from="Loc_entity00302926_udf_BS_2019115151428536_NoncurrentLiabilities" xlink:to="Label_label_entity00302926_udf_BS_2019115151428536_NoncurrentLiabilities_ko" xlink:type="arc" />
    <link:label xlink:type="resource" xlink:role="http://www.xbrl.org/2003/role/documentation" xlink:label="Label_entity00302926_udf_BS_2019115151428536_NoncurrentLiabilities_ko_doc" xml:lang="ko">
    </link:label>
    <link:labelArc xlink:arcrole="http://www.xbrl.org/2003/arcrole/concept-label" xlink:from="Loc_entity00302926_udf_BS_2019115151428536_NoncurrentLiabilities" xlink:to="Label_entity00302926_udf_BS_2019115151428536_NoncurrentLiabilities_ko_doc" xlink:type="arc" />
    <link:loc xlink:href="http://dart.fss.or.kr/Resource/Taxonomy/ifrs/2019-10-01/full_ifrs-cor_2019-03-27.xsd#ifrs-full_NoncurrentProvisions" xlink:label="Loc_ifrs-full_NoncurrentProvisions" xlink:type="locator" />
    <link:label xlink:type="resource" xlink:role="http://dart.fss.or.kr/role/2019-10-01/ifrs/dart_label" xlink:label="Label_dart_label_ifrs-full_NoncurrentProvisions_ko" xml:lang="ko" id="Label_dart_label_ifrs-full_NoncurrentProvisions_ko">충당부채</link:label>
    <link:labelArc xlink:arcrole="http://www.xbrl.org/2003/arcrole/concept-label" xlink:from="Loc_ifrs-full_NoncurrentProvisions" xlink:to="Label_dart_label_ifrs-full_NoncurrentProvisions_ko" xlink:type="arc" priority="1" />
    <link:loc xlink:href="http://dart.fss.or.kr/Resource/Taxonomy/ifrs/2019-10-01/dart_2019-10-01.xsd#dart_CapitalSurplus" xlink:label="Loc_dart_CapitalSurplus" xlink:type="locator" />
    <link:label xlink:type="resource" xlink:role="http://www.xbrl.org/2003/role/label" xlink:label="Label_label_dart_CapitalSurplus_ko" xml:lang="ko" id="Label_label_dart_CapitalSurplus_ko">기타불입자본</link:label>
    <link:labelArc xlink:arcrole="http://www.xbrl.org/2003/arcrole/concept-label" xlink:from="Loc_dart_CapitalSurplus" xlink:to="Label_label_dart_CapitalSurplus_ko" xlink:type="arc" priority="1" />
    <link:loc xlink:href="http://dart.fss.or.kr/Resource/Taxonomy/ifrs/2019-10-01/full_ifrs-cor_2019-03-27.xsd#ifrs-full_RetainedEarnings" xlink:label="Loc_ifrs-full_RetainedEarnings" xlink:type="locator" />
    <link:label xlink:type="resource" xlink:role="http://dart.fss.or.kr/role/2019-10-01/ifrs/dart_label" xlink:label="Label_dart_label_ifrs-full_RetainedEarnings_ko" xml:lang="ko" id="Label_dart_label_ifrs-full_RetainedEarnings_ko">이익잉여금</link:label>
    <link:labelArc xlink:arcrole="http://www.xbrl.org/2003/arcrole/concept-label" xlink:from="Loc_ifrs-full_RetainedEarnings" xlink:to="Label_dart_label_ifrs-full_RetainedEarnings_ko" xlink:type="arc" priority="1" />
    <link:loc xlink:href="http://dart.fss.or.kr/Resource/Taxonomy/ifrs/2019-10-01/full_ifrs-cor_2019-03-27.xsd#ifrs-full_EquityAndLiabilities" xlink:label="Loc_ifrs-full_EquityAndLiabilities" xlink:type="locator" />
    <link:label xlink:type="resource" xlink:role="http://www.xbrl.org/2003/role/totalLabel" xlink:label="Label_totalLabel_ifrs-full_EquityAndLiabilities_ko" xml:lang="ko" id="Label_totalLabel_ifrs-full_EquityAndLiabilities_ko">부채와자본총계</link:label>
    <link:labelArc xlink:arcrole="http://www.xbrl.org/2003/arcrole/concept-label" xlink:from="Loc_ifrs-full_EquityAndLiabilities" xlink:to="Label_totalLabel_ifrs-full_EquityAndLiabilities_ko" xlink:type="arc" priority="1" />
    <link:loc xlink:href="../00302926_entry_point_2019-11-14.xsd#entity00302926_udf_BS_2019115102741629_NoncurrentLiabilities" xlink:label="Loc_entity00302926_udf_BS_2019115102741629_NoncurrentLiabilities" xlink:type="locator" />
    <link:label xlink:type="resource" xlink:role="http://www.xbrl.org/2003/role/label" xlink:label="Label_label_entity00302926_udf_BS_2019115102741629_NoncurrentLiabilities_ko" xml:lang="ko" id="Label_label_entity00302926_udf_BS_2019115102741629_NoncurrentLiabilities_ko">순확정급여부채</link:label>
    <link:labelArc xlink:arcrole="http://www.xbrl.org/2003/arcrole/concept-label" xlink:from="Loc_entity00302926_udf_BS_2019115102741629_NoncurrentLiabilities" xlink:to="Label_label_entity00302926_udf_BS_2019115102741629_NoncurrentLiabilities_ko" xlink:type="arc" />
    <link:label xlink:type="resource" xlink:role="http://www.xbrl.org/2003/role/documentation" xlink:label="Label_entity00302926_udf_BS_2019115102741629_NoncurrentLiabilities_ko_doc" xml:lang="ko">
    </link:label>
    <link:labelArc xlink:arcrole="http://www.xbrl.org/2003/arcrole/concept-label" xlink:from="Loc_entity00302926_udf_BS_2019115102741629_NoncurrentLiabilities" xlink:to="Label_entity00302926_udf_BS_2019115102741629_NoncurrentLiabilities_ko_doc" xlink:type="arc" />
    <link:loc xlink:href="http://dart.fss.or.kr/Resource/Taxonomy/ifrs/2019-10-01/full_ifrs-cor_2019-03-27.xsd#ifrs-full_EquityAttributableToOwnersOfParent" xlink:label="Loc_ifrs-full_EquityAttributableToOwnersOfParent" xlink:type="locator" />
    <link:label xlink:type="resource" xlink:role="http://dart.fss.or.kr/role/2019-10-01/ifrs/dart_label" xlink:label="Label_dart_label_ifrs-full_EquityAttributableToOwnersOfParent_ko" xml:lang="ko" id="Label_dart_label_ifrs-full_EquityAttributableToOwnersOfParent_ko">지배기업소유주지분</link:label>
    <link:labelArc xlink:arcrole="http://www.xbrl.org/2003/arcrole/concept-label" xlink:from="Loc_ifrs-full_EquityAttributableToOwnersOfParent" xlink:to="Label_dart_label_ifrs-full_EquityAttributableToOwnersOfParent_ko" xlink:type="arc" priority="1" />
  </link:labelLink>
</link:linkbase>