<?xml version="1.0" encoding="UTF-8"?>
<!-- Generated by DART -->
<link:linkbase xmlns:link="http://www.xbrl.org/2003/linkbase" xmlns:xlink="http://www.w3.org/1999/xlink" xmlns:xsi="http://www.w3.org/2001/XMLSchema-instance" xmlns:xbrli="http://www.xbrl.org/2003/instance" xsi:schemaLocation="http://www.xbrl.org/2003/linkbase http://www.xbrl.org/2003/xbrl-linkbase-2003-12-31.xsd">
  <link:roleRef roleURI="http://www.xbrl.org/2009/role/negatedLabel" xlink:type="simple" xlink:href="http://www.xbrl.org/lrr/role/negated-2009-12-16.xsd#negatedLabel" />
  <link:roleRef roleURI="http://www.xbrl.org/2009/role/negatedTerseLabel" xlink:type="simple" xlink:href="http://www.xbrl.org/lrr/role/negated-2009-12-16.xsd#negatedTerseLabel" />
  <link:roleRef roleURI="http://www.xbrl.org/2009/role/negatedTotalLabel" xlink:type="simple" xlink:href="http://www.xbrl.org/lrr/role/negated-2009-12-16.xsd#negatedTotalLabel" />
  <link:roleRef roleURI="http://www.xbrl.org/2009/role/negatedPeriodStartLabel" xlink:type="simple" xlink:href="http://www.xbrl.org/lrr/role/negated-2009-12-16.xsd#negatedPeriodStartLabel" />
  <link:roleRef roleURI="http://www.xbrl.org/2009/role/negatedPeriodEndLabel" xlink:type="simple" xlink:href="http://www.xbrl.org/lrr/role/negated-2009-12-16.xsd#negatedPeriodEndLabel" />
  <link:roleRef roleURI="http://www.xbrl.org/2009/role/netLabel" xlink:type="simple" xlink:href="http://www.xbrl.org/lrr/role/net-2009-12-16.xsd#netLabel" />
  <link:roleRef roleURI="http://dart.fss.or.kr/role/2019-10-01/ifrs/dart_label" xlink:type="simple" xlink:href="http://dart.fss.or.kr/Resource/Taxonomy/ifrs/2019-10-01/ifrs_for_dart/rol_dart-label_2019-10-01.xsd#dartLabel" />
  <link:labelLink xlink:type="extended" xlink:role="http://www.xbrl.org/2003/role/link">
    <link:loc xlink:href="../00126566_entry_point_2011-08-18.xsd#entity00126566_udf_IS_2017119145019382_StatementOfComprehensiveIncomeAbstract" xlink:label="Loc_entity00126566_udf_IS_2017119145019382_StatementOfComprehensiveIncomeAbstract" xlink:type="locator" />
    <link:label xlink:type="resource" xlink:role="http://www.xbrl.org/2003/role/label" xlink:label="Label_label_entity00126566_udf_IS_2017119145019382_StatementOfComprehensiveIncomeAbstract_en" xml:lang="en" id="Label_label_entity00126566_udf_IS_2017119145019382_StatementOfComprehensiveIncomeAbstract_en">Research and Development expenses</link:label>
    <link:labelArc xlink:arcrole="http://www.xbrl.org/2003/arcrole/concept-label" xlink:from="Loc_entity00126566_udf_IS_2017119145019382_StatementOfComprehensiveIncomeAbstract" xlink:to="Label_label_entity00126566_udf_IS_2017119145019382_StatementOfComprehensiveIncomeAbstract_en" xlink:type="arc" />
    <link:label xlink:type="resource" xlink:role="http://www.xbrl.org/2003/role/documentation" xlink:label="Label_entity00126566_udf_IS_2017119145019382_StatementOfComprehensiveIncomeAbstract_en_doc" xml:lang="en">
    </link:label>
    <link:labelArc xlink:arcrole="http://www.xbrl.org/2003/arcrole/concept-label" xlink:from="Loc_entity00126566_udf_IS_2017119145019382_StatementOfComprehensiveIncomeAbstract" xlink:to="Label_entity00126566_udf_IS_2017119145019382_StatementOfComprehensiveIncomeAbstract_en_doc" xlink:type="arc" />
    <link:loc xlink:href="http://dart.fss.or.kr/Resource/Taxonomy/ifrs/2019-10-01/dart_2019-10-01.xsd#dart_OtherLosses" xlink:label="Loc_dart_OtherLosses" xlink:type="locator" />
    <link:label xlink:type="resource" xlink:role="http://www.xbrl.org/2003/role/label" xlink:label="Label_label_dart_OtherLosses_en" xml:lang="en" id="Label_label_dart_OtherLosses_en">Other costs</link:label>
    <link:labelArc xlink:arcrole="http://www.xbrl.org/2003/arcrole/concept-label" xlink:from="Loc_dart_OtherLosses" xlink:to="Label_label_dart_OtherLosses_en" xlink:type="arc" priority="1" />
    <link:loc xlink:href="../00126566_entry_point_2011-08-18.xsd#entity00126566_udf_IS_2017119181125474_StatementOfComprehensiveIncomeAbstract" xlink:label="Loc_entity00126566_udf_IS_2017119181125474_StatementOfComprehensiveIncomeAbstract" xlink:type="locator" />
    <link:label xlink:type="resource" xlink:role="http://www.xbrl.org/2003/role/label" xlink:label="Label_label_entity00126566_udf_IS_2017119181125474_StatementOfComprehensiveIncomeAbstract_en" xml:lang="en" id="Label_label_entity00126566_udf_IS_2017119181125474_StatementOfComprehensiveIncomeAbstract_en">Research and development expenses</link:label>
    <link:labelArc xlink:arcrole="http://www.xbrl.org/2003/arcrole/concept-label" xlink:from="Loc_entity00126566_udf_IS_2017119181125474_StatementOfComprehensiveIncomeAbstract" xlink:to="Label_label_entity00126566_udf_IS_2017119181125474_StatementOfComprehensiveIncomeAbstract_en" xlink:type="arc" />
    <link:label xlink:type="resource" xlink:role="http://www.xbrl.org/2003/role/documentation" xlink:label="Label_entity00126566_udf_IS_2017119181125474_StatementOfComprehensiveIncomeAbstract_en_doc" xml:lang="en">
    </link:label>
    <link:labelArc xlink:arcrole="http://www.xbrl.org/2003/arcrole/concept-label" xlink:from="Loc_entity00126566_udf_IS_2017119181125474_StatementOfComprehensiveIncomeAbstract" xlink:to="Label_entity00126566_udf_IS_2017119181125474_StatementOfComprehensiveIncomeAbstract_en_doc" xlink:type="arc" />
    <link:loc xlink:href="../00126566_entry_point_2011-08-18.xsd#entity00126566_udf_IS_2017111011026950_StatementOfComprehensiveIncomeAbstract" xlink:label="Loc_entity00126566_udf_IS_2017111011026950_StatementOfComprehensiveIncomeAbstract" xlink:type="locator" />
    <link:label xlink:type="resource" xlink:role="http://www.xbrl.org/2003/role/label" xlink:label="Label_label_entity00126566_udf_IS_2017111011026950_StatementOfComprehensiveIncomeAbstract_en" xml:lang="en" id="Label_label_entity00126566_udf_IS_2017111011026950_StatementOfComprehensiveIncomeAbstract_en">Share of profit of associates</link:label>
    <link:labelArc xlink:arcrole="http://www.xbrl.org/2003/arcrole/concept-label" xlink:from="Loc_entity00126566_udf_IS_2017111011026950_StatementOfComprehensiveIncomeAbstract" xlink:to="Label_label_entity00126566_udf_IS_2017111011026950_StatementOfComprehensiveIncomeAbstract_en" xlink:type="arc" />
    <link:label xlink:type="resource" xlink:role="http://www.xbrl.org/2003/role/documentation" xlink:label="Label_entity00126566_udf_IS_2017111011026950_StatementOfComprehensiveIncomeAbstract_en_doc" xml:lang="en">
    </link:label>
    <link:labelArc xlink:arcrole="http://www.xbrl.org/2003/arcrole/concept-label" xlink:from="Loc_entity00126566_udf_IS_2017111011026950_StatementOfComprehensiveIncomeAbstract" xlink:to="Label_entity00126566_udf_IS_2017111011026950_StatementOfComprehensiveIncomeAbstract_en_doc" xlink:type="arc" />
    <link:loc xlink:href="../00126566_entry_point_2011-08-18.xsd#entity00126566_udf_IS_20221111141745570_StatementOfComprehensiveIncomeAbstract" xlink:label="Loc_entity00126566_udf_IS_20221111141745570_StatementOfComprehensiveIncomeAbstract" xlink:type="locator" />
    <link:label xlink:type="resource" xlink:role="http://www.xbrl.org/2003/role/label" xlink:label="Label_label_entity00126566_udf_IS_20221111141745570_StatementOfComprehensiveIncomeAbstract_en" xml:lang="en" id="Label_label_entity00126566_udf_IS_20221111141745570_StatementOfComprehensiveIncomeAbstract_en">Profit and loss from Continuing Operations attributable to</link:label>
    <link:labelArc xlink:arcrole="http://www.xbrl.org/2003/arcrole/concept-label" xlink:from="Loc_entity00126566_udf_IS_20221111141745570_StatementOfComprehensiveIncomeAbstract" xlink:to="Label_label_entity00126566_udf_IS_20221111141745570_StatementOfComprehensiveIncomeAbstract_en" xlink:type="arc" />
    <link:label xlink:type="resource" xlink:role="http://www.xbrl.org/2003/role/documentation" xlink:label="Label_entity00126566_udf_IS_20221111141745570_StatementOfComprehensiveIncomeAbstract_en_doc" xml:lang="en">
    </link:label>
    <link:labelArc xlink:arcrole="http://www.xbrl.org/2003/arcrole/concept-label" xlink:from="Loc_entity00126566_udf_IS_20221111141745570_StatementOfComprehensiveIncomeAbstract" xlink:to="Label_entity00126566_udf_IS_20221111141745570_StatementOfComprehensiveIncomeAbstract_en_doc" xlink:type="arc" />
    <link:loc xlink:href="../00126566_entry_point_2011-08-18.xsd#entity00126566_udf_IS_2022111114209543_udf_IS_20221111141745570_StatementOfComprehensiveIncomeAbstract" xlink:label="Loc_entity00126566_udf_IS_2022111114209543_udf_IS_20221111141745570_StatementOfComprehensiveIncomeAbstract" xlink:type="locator" />
    <link:label xlink:type="resource" xlink:role="http://www.xbrl.org/2003/role/label" xlink:label="Label_label_entity00126566_udf_IS_2022111114209543_udf_IS_20221111141745570_StatementOfComprehensiveIncomeAbstract_en" xml:lang="en" id="Label_label_entity00126566_udf_IS_2022111114209543_udf_IS_20221111141745570_StatementOfComprehensiveIncomeAbstract_en">Profit and loss from Continuing Operations attributable to owners of parent</link:label>
    <link:labelArc xlink:arcrole="http://www.xbrl.org/2003/arcrole/concept-label" xlink:from="Loc_entity00126566_udf_IS_2022111114209543_udf_IS_20221111141745570_StatementOfComprehensiveIncomeAbstract" xlink:to="Label_label_entity00126566_udf_IS_2022111114209543_udf_IS_20221111141745570_StatementOfComprehensiveIncomeAbstract_en" xlink:type="arc" />
    <link:label xlink:type="resource" xlink:role="http://www.xbrl.org/2003/role/documentation" xlink:label="Label_entity00126566_udf_IS_2022111114209543_udf_IS_20221111141745570_StatementOfComprehensiveIncomeAbstract_en_doc" xml:lang="en">
    </link:label>
    <link:labelArc xlink:arcrole="http://www.xbrl.org/2003/arcrole/concept-label" xlink:from="Loc_entity00126566_udf_IS_2022111114209543_udf_IS_20221111141745570_StatementOfComprehensiveIncomeAbstract" xlink:to="Label_entity00126566_udf_IS_2022111114209543_udf_IS_20221111141745570_StatementOfComprehensiveIncomeAbstract_en_doc" xlink:type="arc" />
    <link:loc xlink:href="../00126566_entry_point_2011-08-18.xsd#entity00126566_udf_IS_20221111142023509_udf_IS_20221111141745570_StatementOfComprehensiveIncomeAbstract" xlink:label="Loc_entity00126566_udf_IS_20221111142023509_udf_IS_20221111141745570_StatementOfComprehensiveIncomeAbstract" xlink:type="locator" />
    <link:label xlink:type="resource" xlink:role="http://www.xbrl.org/2003/role/label" xlink:label="Label_label_entity00126566_udf_IS_20221111142023509_udf_IS_20221111141745570_StatementOfComprehensiveIncomeAbstract_en" xml:lang="en" id="Label_label_entity00126566_udf_IS_20221111142023509_udf_IS_20221111141745570_StatementOfComprehensiveIncomeAbstract_en">Profit and loss from Continuing Operations attributable to non-controlling interests</link:label>
    <link:labelArc xlink:arcrole="http://www.xbrl.org/2003/arcrole/concept-label" xlink:from="Loc_entity00126566_udf_IS_20221111142023509_udf_IS_20221111141745570_StatementOfComprehensiveIncomeAbstract" xlink:to="Label_label_entity00126566_udf_IS_20221111142023509_udf_IS_20221111141745570_StatementOfComprehensiveIncomeAbstract_en" xlink:type="arc" />
    <link:label xlink:type="resource" xlink:role="http://www.xbrl.org/2003/role/documentation" xlink:label="Label_entity00126566_udf_IS_20221111142023509_udf_IS_20221111141745570_StatementOfComprehensiveIncomeAbstract_en_doc" xml:lang="en">
    </link:label>
    <link:labelArc xlink:arcrole="http://www.xbrl.org/2003/arcrole/concept-label" xlink:from="Loc_entity00126566_udf_IS_20221111142023509_udf_IS_20221111141745570_StatementOfComprehensiveIncomeAbstract" xlink:to="Label_entity00126566_udf_IS_20221111142023509_udf_IS_20221111141745570_StatementOfComprehensiveIncomeAbstract_en_doc" xlink:type="arc" />
    <link:loc xlink:href="../00126566_entry_point_2011-08-18.xsd#entity00126566_udf_IS_202331619246943_StatementOfComprehensiveIncomeAbstract" xlink:label="Loc_entity00126566_udf_IS_202331619246943_StatementOfComprehensiveIncomeAbstract" xlink:type="locator" />
    <link:label xlink:type="resource" xlink:role="http://www.xbrl.org/2003/role/label" xlink:label="Label_label_entity00126566_udf_IS_202331619246943_StatementOfComprehensiveIncomeAbstract_en" xml:lang="en" id="Label_label_entity00126566_udf_IS_202331619246943_StatementOfComprehensiveIncomeAbstract_en">Profit and loss from Discontinued Operations attributable to</link:label>
    <link:labelArc xlink:arcrole="http://www.xbrl.org/2003/arcrole/concept-label" xlink:from="Loc_entity00126566_udf_IS_202331619246943_StatementOfComprehensiveIncomeAbstract" xlink:to="Label_label_entity00126566_udf_IS_202331619246943_StatementOfComprehensiveIncomeAbstract_en" xlink:type="arc" />
    <link:label xlink:type="resource" xlink:role="http://www.xbrl.org/2003/role/documentation" xlink:label="Label_entity00126566_udf_IS_202331619246943_StatementOfComprehensiveIncomeAbstract_en_doc" xml:lang="en">
    </link:label>
    <link:labelArc xlink:arcrole="http://www.xbrl.org/2003/arcrole/concept-label" xlink:from="Loc_entity00126566_udf_IS_202331619246943_StatementOfComprehensiveIncomeAbstract" xlink:to="Label_entity00126566_udf_IS_202331619246943_StatementOfComprehensiveIncomeAbstract_en_doc" xlink:type="arc" />
    <link:loc xlink:href="../00126566_entry_point_2011-08-18.xsd#entity00126566_udf_IS_2023316192414630_udf_IS_202331619246943_StatementOfComprehensiveIncomeAbstract" xlink:label="Loc_entity00126566_udf_IS_2023316192414630_udf_IS_202331619246943_StatementOfComprehensiveIncomeAbstract" xlink:type="locator" />
    <link:label xlink:type="resource" xlink:role="http://www.xbrl.org/2003/role/label" xlink:label="Label_label_entity00126566_udf_IS_2023316192414630_udf_IS_202331619246943_StatementOfComprehensiveIncomeAbstract_en" xml:lang="en" id="Label_label_entity00126566_udf_IS_2023316192414630_udf_IS_202331619246943_StatementOfComprehensiveIncomeAbstract_en">Profit and loss from Discontinued Operations attributable to owners of parent</link:label>
    <link:labelArc xlink:arcrole="http://www.xbrl.org/2003/arcrole/concept-label" xlink:from="Loc_entity00126566_udf_IS_2023316192414630_udf_IS_202331619246943_StatementOfComprehensiveIncomeAbstract" xlink:to="Label_label_entity00126566_udf_IS_2023316192414630_udf_IS_202331619246943_StatementOfComprehensiveIncomeAbstract_en" xlink:type="arc" />
    <link:label xlink:type="resource" xlink:role="http://www.xbrl.org/2003/role/documentation" xlink:label="Label_entity00126566_udf_IS_2023316192414630_udf_IS_202331619246943_StatementOfComprehensiveIncomeAbstract_en_doc" xml:lang="en">
    </link:label>
    <link:labelArc xlink:arcrole="http://www.xbrl.org/2003/arcrole/concept-label" xlink:from="Loc_entity00126566_udf_IS_2023316192414630_udf_IS_202331619246943_StatementOfComprehensiveIncomeAbstract" xlink:to="Label_entity00126566_udf_IS_2023316192414630_udf_IS_202331619246943_StatementOfComprehensiveIncomeAbstract_en_doc" xlink:type="arc" />
    <link:loc xlink:href="../00126566_entry_point_2011-08-18.xsd#entity00126566_udf_IS_2023316192422782_udf_IS_202331619246943_StatementOfComprehensiveIncomeAbstract" xlink:label="Loc_entity00126566_udf_IS_2023316192422782_udf_IS_202331619246943_StatementOfComprehensiveIncomeAbstract" xlink:type="locator" />
    <link:label xlink:type="resource" xlink:role="http://www.xbrl.org/2003/role/label" xlink:label="Label_label_entity00126566_udf_IS_2023316192422782_udf_IS_202331619246943_StatementOfComprehensiveIncomeAbstract_en" xml:lang="en" id="Label_label_entity00126566_udf_IS_2023316192422782_udf_IS_202331619246943_StatementOfComprehensiveIncomeAbstract_en">Profit and loss from Discontinued Operations attributable to non-controlling interests</link:label>
    <link:labelArc xlink:arcrole="http://www.xbrl.org/2003/arcrole/concept-label" xlink:from="Loc_entity00126566_udf_IS_2023316192422782_udf_IS_202331619246943_StatementOfComprehensiveIncomeAbstract" xlink:to="Label_label_entity00126566_udf_IS_2023316192422782_udf_IS_202331619246943_StatementOfComprehensiveIncomeAbstract_en" xlink:type="arc" />
    <link:label xlink:type="resource" xlink:role="http://www.xbrl.org/2003/role/documentation" xlink:label="Label_entity00126566_udf_IS_2023316192422782_udf_IS_202331619246943_StatementOfComprehensiveIncomeAbstract_en_doc" xml:lang="en">
    </link:label>
    <link:labelArc xlink:arcrole="http://www.xbrl.org/2003/arcrole/concept-label" xlink:from="Loc_entity00126566_udf_IS_2023316192422782_udf_IS_202331619246943_StatementOfComprehensiveIncomeAbstract" xlink:to="Label_entity00126566_udf_IS_2023316192422782_udf_IS_202331619246943_StatementOfComprehensiveIncomeAbstract_en_doc" xlink:type="arc" />
    <link:loc xlink:href="http://dart.fss.or.kr/Resource/Taxonomy/ifrs/2019-10-01/dart_2019-10-01.xsd#dart_OtherComprehensiveIncomeForStatementOfChangesInEquity" xlink:label="Loc_dart_OtherComprehensiveIncomeForStatementOfChangesInEquity" xlink:type="locator" />
    <link:label xlink:type="resource" xlink:role="http://www.xbrl.org/2003/role/label" xlink:label="Label_label_dart_OtherComprehensiveIncomeForStatementOfChangesInEquity_en" xml:lang="en" id="Label_label_dart_OtherComprehensiveIncomeForStatementOfChangesInEquity_en">Total comprehensive income</link:label>
    <link:labelArc xlink:arcrole="http://www.xbrl.org/2003/arcrole/concept-label" xlink:from="Loc_dart_OtherComprehensiveIncomeForStatementOfChangesInEquity" xlink:to="Label_label_dart_OtherComprehensiveIncomeForStatementOfChangesInEquity_en" xlink:type="arc" priority="1" />
    <link:loc xlink:href="../00126566_entry_point_2011-08-18.xsd#entity00126566_udf_CE_2019879217416_OtherComprehensiveIncomeForStatementOfChangesInEquity" xlink:label="Loc_entity00126566_udf_CE_2019879217416_OtherComprehensiveIncomeForStatementOfChangesInEquity" xlink:type="locator" />
    <link:label xlink:type="resource" xlink:role="http://www.xbrl.org/2003/role/label" xlink:label="Label_label_entity00126566_udf_CE_2019879217416_OtherComprehensiveIncomeForStatementOfChangesInEquity_en" xml:lang="en" id="Label_label_entity00126566_udf_CE_2019879217416_OtherComprehensiveIncomeForStatementOfChangesInEquity_en">Profit (loss)</link:label>
    <link:labelArc xlink:arcrole="http://www.xbrl.org/2003/arcrole/concept-label" xlink:from="Loc_entity00126566_udf_CE_2019879217416_OtherComprehensiveIncomeForStatementOfChangesInEquity" xlink:to="Label_label_entity00126566_udf_CE_2019879217416_OtherComprehensiveIncomeForStatementOfChangesInEquity_en" xlink:type="arc" />
    <link:label xlink:type="resource" xlink:role="http://www.xbrl.org/2003/role/documentation" xlink:label="Label_entity00126566_udf_CE_2019879217416_OtherComprehensiveIncomeForStatementOfChangesInEquity_en_doc" xml:lang="en">
    </link:label>
    <link:labelArc xlink:arcrole="http://www.xbrl.org/2003/arcrole/concept-label" xlink:from="Loc_entity00126566_udf_CE_2019879217416_OtherComprehensiveIncomeForStatementOfChangesInEquity" xlink:to="Label_entity00126566_udf_CE_2019879217416_OtherComprehensiveIncomeForStatementOfChangesInEquity_en_doc" xlink:type="arc" />
    <link:loc xlink:href="../00126566_entry_point_2011-08-18.xsd#entity00126566_udf_CE_20198792318211_OtherComprehensiveIncomeForStatementOfChangesInEquity" xlink:label="Loc_entity00126566_udf_CE_20198792318211_OtherComprehensiveIncomeForStatementOfChangesInEquity" xlink:type="locator" />
    <link:label xlink:type="resource" xlink:role="http://www.xbrl.org/2003/role/label" xlink:label="Label_label_entity00126566_udf_CE_20198792318211_OtherComprehensiveIncomeForStatementOfChangesInEquity_en" xml:lang="en" id="Label_label_entity00126566_udf_CE_20198792318211_OtherComprehensiveIncomeForStatementOfChangesInEquity_en">Cash flow hedges</link:label>
    <link:labelArc xlink:arcrole="http://www.xbrl.org/2003/arcrole/concept-label" xlink:from="Loc_entity00126566_udf_CE_20198792318211_OtherComprehensiveIncomeForStatementOfChangesInEquity" xlink:to="Label_label_entity00126566_udf_CE_20198792318211_OtherComprehensiveIncomeForStatementOfChangesInEquity_en" xlink:type="arc" />
    <link:label xlink:type="resource" xlink:role="http://www.xbrl.org/2003/role/documentation" xlink:label="Label_entity00126566_udf_CE_20198792318211_OtherComprehensiveIncomeForStatementOfChangesInEquity_en_doc" xml:lang="en">
    </link:label>
    <link:labelArc xlink:arcrole="http://www.xbrl.org/2003/arcrole/concept-label" xlink:from="Loc_entity00126566_udf_CE_20198792318211_OtherComprehensiveIncomeForStatementOfChangesInEquity" xlink:to="Label_entity00126566_udf_CE_20198792318211_OtherComprehensiveIncomeForStatementOfChangesInEquity_en_doc" xlink:type="arc" />
    <link:loc xlink:href="../00126566_entry_point_2011-08-18.xsd#entity00126566_udf_CE_2023316214143186_OtherComprehensiveIncomeForStatementOfChangesInEquity" xlink:label="Loc_entity00126566_udf_CE_2023316214143186_OtherComprehensiveIncomeForStatementOfChangesInEquity" xlink:type="locator" />
    <link:label xlink:type="resource" xlink:role="http://www.xbrl.org/2003/role/label" xlink:label="Label_label_entity00126566_udf_CE_2023316214143186_OtherComprehensiveIncomeForStatementOfChangesInEquity_en" xml:lang="en" id="Label_label_entity00126566_udf_CE_2023316214143186_OtherComprehensiveIncomeForStatementOfChangesInEquity_en">Other comprehensive reserve on asset revaluation</link:label>
    <link:labelArc xlink:arcrole="http://www.xbrl.org/2003/arcrole/concept-label" xlink:from="Loc_entity00126566_udf_CE_2023316214143186_OtherComprehensiveIncomeForStatementOfChangesInEquity" xlink:to="Label_label_entity00126566_udf_CE_2023316214143186_OtherComprehensiveIncomeForStatementOfChangesInEquity_en" xlink:type="arc" />
    <link:label xlink:type="resource" xlink:role="http://www.xbrl.org/2003/role/documentation" xlink:label="Label_entity00126566_udf_CE_2023316214143186_OtherComprehensiveIncomeForStatementOfChangesInEquity_en_doc" xml:lang="en">
    </link:label>
    <link:labelArc xlink:arcrole="http://www.xbrl.org/2003/arcrole/concept-label" xlink:from="Loc_entity00126566_udf_CE_2023316214143186_OtherComprehensiveIncomeForStatementOfChangesInEquity" xlink:to="Label_entity00126566_udf_CE_2023316214143186_OtherComprehensiveIncomeForStatementOfChangesInEquity_en_doc" xlink:type="arc" />
    <link:loc xlink:href="../00126566_entry_point_2011-08-18.xsd#entity00126566_udf_CE_2023316214255722_OtherComprehensiveIncomeForStatementOfChangesInEquity" xlink:label="Loc_entity00126566_udf_CE_2023316214255722_OtherComprehensiveIncomeForStatementOfChangesInEquity" xlink:type="locator" />
    <link:label xlink:type="resource" xlink:role="http://www.xbrl.org/2003/role/label" xlink:label="Label_label_entity00126566_udf_CE_2023316214255722_OtherComprehensiveIncomeForStatementOfChangesInEquity_en" xml:lang="en" id="Label_label_entity00126566_udf_CE_2023316214255722_OtherComprehensiveIncomeForStatementOfChangesInEquity_en">Other comprehensive income, net of tax, gains (losses) on remeasurements of defined benefit plans</link:label>
    <link:labelArc xlink:arcrole="http://www.xbrl.org/2003/arcrole/concept-label" xlink:from="Loc_entity00126566_udf_CE_2023316214255722_OtherComprehensiveIncomeForStatementOfChangesInEquity" xlink:to="Label_label_entity00126566_udf_CE_2023316214255722_OtherComprehensiveIncomeForStatementOfChangesInEquity_en" xlink:type="arc" />
    <link:label xlink:type="resource" xlink:role="http://www.xbrl.org/2003/role/documentation" xlink:label="Label_entity00126566_udf_CE_2023316214255722_OtherComprehensiveIncomeForStatementOfChangesInEquity_en_doc" xml:lang="en">
    </link:label>
    <link:labelArc xlink:arcrole="http://www.xbrl.org/2003/arcrole/concept-label" xlink:from="Loc_entity00126566_udf_CE_2023316214255722_OtherComprehensiveIncomeForStatementOfChangesInEquity" xlink:to="Label_entity00126566_udf_CE_2023316214255722_OtherComprehensiveIncomeForStatementOfChangesInEquity_en_doc" xlink:type="arc" />
    <link:loc xlink:href="http://dart.fss.or.kr/Resource/Taxonomy/ifrs/2019-10-01/dart_2019-10-01.xsd#dart_TreasuryShareTransactions" xlink:label="Loc_dart_TreasuryShareTransactions" xlink:type="locator" />
    <link:label xlink:type="resource" xlink:role="http://www.xbrl.org/2003/role/label" xlink:label="Label_label_dart_TreasuryShareTransactions_en" xml:lang="en" id="Label_label_dart_TreasuryShareTransactions_en">Gain of Treasury share</link:label>
    <link:labelArc xlink:arcrole="http://www.xbrl.org/2003/arcrole/concept-label" xlink:from="Loc_dart_TreasuryShareTransactions" xlink:to="Label_label_dart_TreasuryShareTransactions_en" xlink:type="arc" priority="1" />
    <link:loc xlink:href="../00126566_entry_point_2011-08-18.xsd#entity00126566_udf_CE_202331621452874_StatementOfChangesInEquityLineItems" xlink:label="Loc_entity00126566_udf_CE_202331621452874_StatementOfChangesInEquityLineItems" xlink:type="locator" />
    <link:label xlink:type="resource" xlink:role="http://www.xbrl.org/2003/role/label" xlink:label="Label_label_entity00126566_udf_CE_202331621452874_StatementOfChangesInEquityLineItems_en" xml:lang="en" id="Label_label_entity00126566_udf_CE_202331621452874_StatementOfChangesInEquityLineItems_en">Loss of Treasury share</link:label>
    <link:labelArc xlink:arcrole="http://www.xbrl.org/2003/arcrole/concept-label" xlink:from="Loc_entity00126566_udf_CE_202331621452874_StatementOfChangesInEquityLineItems" xlink:to="Label_label_entity00126566_udf_CE_202331621452874_StatementOfChangesInEquityLineItems_en" xlink:type="arc" />
    <link:label xlink:type="resource" xlink:role="http://www.xbrl.org/2003/role/documentation" xlink:label="Label_entity00126566_udf_CE_202331621452874_StatementOfChangesInEquityLineItems_en_doc" xml:lang="en">
    </link:label>
    <link:labelArc xlink:arcrole="http://www.xbrl.org/2003/arcrole/concept-label" xlink:from="Loc_entity00126566_udf_CE_202331621452874_StatementOfChangesInEquityLineItems" xlink:to="Label_entity00126566_udf_CE_202331621452874_StatementOfChangesInEquityLineItems_en_doc" xlink:type="arc" />
    <link:loc xlink:href="../00126566_entry_point_2011-08-18.xsd#entity00126566_udf_CE_20212232148591_StatementOfChangesInEquityLineItems" xlink:label="Loc_entity00126566_udf_CE_20212232148591_StatementOfChangesInEquityLineItems" xlink:type="locator" />
    <link:label xlink:type="resource" xlink:role="http://www.xbrl.org/2003/role/label" xlink:label="Label_label_entity00126566_udf_CE_20212232148591_StatementOfChangesInEquityLineItems_en" xml:lang="en" id="Label_label_entity00126566_udf_CE_20212232148591_StatementOfChangesInEquityLineItems_en">Grant stock option</link:label>
    <link:labelArc xlink:arcrole="http://www.xbrl.org/2003/arcrole/concept-label" xlink:from="Loc_entity00126566_udf_CE_20212232148591_StatementOfChangesInEquityLineItems" xlink:to="Label_label_entity00126566_udf_CE_20212232148591_StatementOfChangesInEquityLineItems_en" xlink:type="arc" />
    <link:label xlink:type="resource" xlink:role="http://www.xbrl.org/2003/role/documentation" xlink:label="Label_entity00126566_udf_CE_20212232148591_StatementOfChangesInEquityLineItems_en_doc" xml:lang="en">
    </link:label>
    <link:labelArc xlink:arcrole="http://www.xbrl.org/2003/arcrole/concept-label" xlink:from="Loc_entity00126566_udf_CE_20212232148591_StatementOfChangesInEquityLineItems" xlink:to="Label_entity00126566_udf_CE_20212232148591_StatementOfChangesInEquityLineItems_en_doc" xlink:type="arc" />
    <link:loc xlink:href="../00126566_entry_point_2011-08-18.xsd#entity00126566_udf_CE_201881213256469_EquityAttributableToOwnersOfParentMember" xlink:label="Loc_entity00126566_udf_CE_201881213256469_EquityAttributableToOwnersOfParentMember" xlink:type="locator" />
    <link:label xlink:type="resource" xlink:role="http://www.xbrl.org/2003/role/label" xlink:label="Label_label_entity00126566_udf_CE_201881213256469_EquityAttributableToOwnersOfParentMember_en" xml:lang="en" id="Label_label_entity00126566_udf_CE_201881213256469_EquityAttributableToOwnersOfParentMember_en">Other Components of Equity</link:label>
    <link:labelArc xlink:arcrole="http://www.xbrl.org/2003/arcrole/concept-label" xlink:from="Loc_entity00126566_udf_CE_201881213256469_EquityAttributableToOwnersOfParentMember" xlink:to="Label_label_entity00126566_udf_CE_201881213256469_EquityAttributableToOwnersOfParentMember_en" xlink:type="arc" />
    <link:label xlink:type="resource" xlink:role="http://www.xbrl.org/2003/role/documentation" xlink:label="Label_entity00126566_udf_CE_201881213256469_EquityAttributableToOwnersOfParentMember_en_doc" xml:lang="en">
    </link:label>
    <link:labelArc xlink:arcrole="http://www.xbrl.org/2003/arcrole/concept-label" xlink:from="Loc_entity00126566_udf_CE_201881213256469_EquityAttributableToOwnersOfParentMember" xlink:to="Label_entity00126566_udf_CE_201881213256469_EquityAttributableToOwnersOfParentMember_en_doc" xlink:type="arc" />
    <link:loc xlink:href="../00126566_entry_point_2011-08-18.xsd#entity00126566_udf_CE_20198793513349_StatementOfChangesInEquityLineItems" xlink:label="Loc_entity00126566_udf_CE_20198793513349_StatementOfChangesInEquityLineItems" xlink:type="locator" />
    <link:label xlink:type="resource" xlink:role="http://www.xbrl.org/2003/role/label" xlink:label="Label_label_entity00126566_udf_CE_20198793513349_StatementOfChangesInEquityLineItems_en" xml:lang="en" id="Label_label_entity00126566_udf_CE_20198793513349_StatementOfChangesInEquityLineItems_en">Total comprehensive income</link:label>
    <link:labelArc xlink:arcrole="http://www.xbrl.org/2003/arcrole/concept-label" xlink:from="Loc_entity00126566_udf_CE_20198793513349_StatementOfChangesInEquityLineItems" xlink:to="Label_label_entity00126566_udf_CE_20198793513349_StatementOfChangesInEquityLineItems_en" xlink:type="arc" />
    <link:label xlink:type="resource" xlink:role="http://www.xbrl.org/2003/role/documentation" xlink:label="Label_entity00126566_udf_CE_20198793513349_StatementOfChangesInEquityLineItems_en_doc" xml:lang="en">
    </link:label>
    <link:labelArc xlink:arcrole="http://www.xbrl.org/2003/arcrole/concept-label" xlink:from="Loc_entity00126566_udf_CE_20198793513349_StatementOfChangesInEquityLineItems" xlink:to="Label_entity00126566_udf_CE_20198793513349_StatementOfChangesInEquityLineItems_en_doc" xlink:type="arc" />
    <link:loc xlink:href="../00126566_entry_point_2011-08-18.xsd#entity00126566_udf_CE_2019879477533_udf_CE_20198793513349_StatementOfChangesInEquityLineItems" xlink:label="Loc_entity00126566_udf_CE_2019879477533_udf_CE_20198793513349_StatementOfChangesInEquityLineItems" xlink:type="locator" />
    <link:label xlink:type="resource" xlink:role="http://www.xbrl.org/2003/role/label" xlink:label="Label_label_entity00126566_udf_CE_2019879477533_udf_CE_20198793513349_StatementOfChangesInEquityLineItems_en" xml:lang="en" id="Label_label_entity00126566_udf_CE_2019879477533_udf_CE_20198793513349_StatementOfChangesInEquityLineItems_en">Profit (loss)</link:label>
    <link:labelArc xlink:arcrole="http://www.xbrl.org/2003/arcrole/concept-label" xlink:from="Loc_entity00126566_udf_CE_2019879477533_udf_CE_20198793513349_StatementOfChangesInEquityLineItems" xlink:to="Label_label_entity00126566_udf_CE_2019879477533_udf_CE_20198793513349_StatementOfChangesInEquityLineItems_en" xlink:type="arc" />
    <link:label xlink:type="resource" xlink:role="http://www.xbrl.org/2003/role/documentation" xlink:label="Label_entity00126566_udf_CE_2019879477533_udf_CE_20198793513349_StatementOfChangesInEquityLineItems_en_doc" xml:lang="en">
    </link:label>
    <link:labelArc xlink:arcrole="http://www.xbrl.org/2003/arcrole/concept-label" xlink:from="Loc_entity00126566_udf_CE_2019879477533_udf_CE_20198793513349_StatementOfChangesInEquityLineItems" xlink:to="Label_entity00126566_udf_CE_2019879477533_udf_CE_20198793513349_StatementOfChangesInEquityLineItems_en_doc" xlink:type="arc" />
    <link:loc xlink:href="../00126566_entry_point_2011-08-18.xsd#entity00126566_udf_CE_2022114161338177_udf_CE_20198793513349_StatementOfChangesInEquityLineItems" xlink:label="Loc_entity00126566_udf_CE_2022114161338177_udf_CE_20198793513349_StatementOfChangesInEquityLineItems" xlink:type="locator" />
    <link:label xlink:type="resource" xlink:role="http://www.xbrl.org/2003/role/label" xlink:label="Label_label_entity00126566_udf_CE_2022114161338177_udf_CE_20198793513349_StatementOfChangesInEquityLineItems_en" xml:lang="en" id="Label_label_entity00126566_udf_CE_2022114161338177_udf_CE_20198793513349_StatementOfChangesInEquityLineItems_en">Gains and Losses on Financial Assets measured at Fair Value through Other Comprehensive Income</link:label>
    <link:labelArc xlink:arcrole="http://www.xbrl.org/2003/arcrole/concept-label" xlink:from="Loc_entity00126566_udf_CE_2022114161338177_udf_CE_20198793513349_StatementOfChangesInEquityLineItems" xlink:to="Label_label_entity00126566_udf_CE_2022114161338177_udf_CE_20198793513349_StatementOfChangesInEquityLineItems_en" xlink:type="arc" />
    <link:label xlink:type="resource" xlink:role="http://www.xbrl.org/2003/role/documentation" xlink:label="Label_entity00126566_udf_CE_2022114161338177_udf_CE_20198793513349_StatementOfChangesInEquityLineItems_en_doc" xml:lang="en">
    </link:label>
    <link:labelArc xlink:arcrole="http://www.xbrl.org/2003/arcrole/concept-label" xlink:from="Loc_entity00126566_udf_CE_2022114161338177_udf_CE_20198793513349_StatementOfChangesInEquityLineItems" xlink:to="Label_entity00126566_udf_CE_2022114161338177_udf_CE_20198793513349_StatementOfChangesInEquityLineItems_en_doc" xlink:type="arc" />
    <link:loc xlink:href="../00126566_entry_point_2011-08-18.xsd#entity00126566_udf_CE_2019879362849_udf_CE_20198793513349_StatementOfChangesInEquityLineItems" xlink:label="Loc_entity00126566_udf_CE_2019879362849_udf_CE_20198793513349_StatementOfChangesInEquityLineItems" xlink:type="locator" />
    <link:label xlink:type="resource" xlink:role="http://www.xbrl.org/2003/role/label" xlink:label="Label_label_entity00126566_udf_CE_2019879362849_udf_CE_20198793513349_StatementOfChangesInEquityLineItems_en" xml:lang="en" id="Label_label_entity00126566_udf_CE_2019879362849_udf_CE_20198793513349_StatementOfChangesInEquityLineItems_en">Cash flow hedges</link:label>
    <link:labelArc xlink:arcrole="http://www.xbrl.org/2003/arcrole/concept-label" xlink:from="Loc_entity00126566_udf_CE_2019879362849_udf_CE_20198793513349_StatementOfChangesInEquityLineItems" xlink:to="Label_label_entity00126566_udf_CE_2019879362849_udf_CE_20198793513349_StatementOfChangesInEquityLineItems_en" xlink:type="arc" />
    <link:label xlink:type="resource" xlink:role="http://www.xbrl.org/2003/role/documentation" xlink:label="Label_entity00126566_udf_CE_2019879362849_udf_CE_20198793513349_StatementOfChangesInEquityLineItems_en_doc" xml:lang="en">
    </link:label>
    <link:labelArc xlink:arcrole="http://www.xbrl.org/2003/arcrole/concept-label" xlink:from="Loc_entity00126566_udf_CE_2019879362849_udf_CE_20198793513349_StatementOfChangesInEquityLineItems" xlink:to="Label_entity00126566_udf_CE_2019879362849_udf_CE_20198793513349_StatementOfChangesInEquityLineItems_en_doc" xlink:type="arc" />
    <link:loc xlink:href="../00126566_entry_point_2011-08-18.xsd#entity00126566_udf_CE_2022114161420840_udf_CE_20198793513349_StatementOfChangesInEquityLineItems" xlink:label="Loc_entity00126566_udf_CE_2022114161420840_udf_CE_20198793513349_StatementOfChangesInEquityLineItems" xlink:type="locator" />
    <link:label xlink:type="resource" xlink:role="http://www.xbrl.org/2003/role/label" xlink:label="Label_label_entity00126566_udf_CE_2022114161420840_udf_CE_20198793513349_StatementOfChangesInEquityLineItems_en" xml:lang="en" id="Label_label_entity00126566_udf_CE_2022114161420840_udf_CE_20198793513349_StatementOfChangesInEquityLineItems_en">Other comprehensive income, net of tax, gains (losses) on remeasurements of defined benefit plans</link:label>
    <link:labelArc xlink:arcrole="http://www.xbrl.org/2003/arcrole/concept-label" xlink:from="Loc_entity00126566_udf_CE_2022114161420840_udf_CE_20198793513349_StatementOfChangesInEquityLineItems" xlink:to="Label_label_entity00126566_udf_CE_2022114161420840_udf_CE_20198793513349_StatementOfChangesInEquityLineItems_en" xlink:type="arc" />
    <link:label xlink:type="resource" xlink:role="http://www.xbrl.org/2003/role/documentation" xlink:label="Label_entity00126566_udf_CE_2022114161420840_udf_CE_20198793513349_StatementOfChangesInEquityLineItems_en_doc" xml:lang="en">
    </link:label>
    <link:labelArc xlink:arcrole="http://www.xbrl.org/2003/arcrole/concept-label" xlink:from="Loc_entity00126566_udf_CE_2022114161420840_udf_CE_20198793513349_StatementOfChangesInEquityLineItems" xlink:to="Label_entity00126566_udf_CE_2022114161420840_udf_CE_20198793513349_StatementOfChangesInEquityLineItems_en_doc" xlink:type="arc" />
    <link:loc xlink:href="../00126566_entry_point_2011-08-18.xsd#entity00126566_udf_CE_20198793714509_udf_CE_20198793513349_StatementOfChangesInEquityLineItems" xlink:label="Loc_entity00126566_udf_CE_20198793714509_udf_CE_20198793513349_StatementOfChangesInEquityLineItems" xlink:type="locator" />
    <link:label xlink:type="resource" xlink:role="http://www.xbrl.org/2003/role/label" xlink:label="Label_label_entity00126566_udf_CE_20198793714509_udf_CE_20198793513349_StatementOfChangesInEquityLineItems_en" xml:lang="en" id="Label_label_entity00126566_udf_CE_20198793714509_udf_CE_20198793513349_StatementOfChangesInEquityLineItems_en">Gains or losses on overseas operations translation</link:label>
    <link:labelArc xlink:arcrole="http://www.xbrl.org/2003/arcrole/concept-label" xlink:from="Loc_entity00126566_udf_CE_20198793714509_udf_CE_20198793513349_StatementOfChangesInEquityLineItems" xlink:to="Label_label_entity00126566_udf_CE_20198793714509_udf_CE_20198793513349_StatementOfChangesInEquityLineItems_en" xlink:type="arc" />
    <link:label xlink:type="resource" xlink:role="http://www.xbrl.org/2003/role/documentation" xlink:label="Label_entity00126566_udf_CE_20198793714509_udf_CE_20198793513349_StatementOfChangesInEquityLineItems_en_doc" xml:lang="en">
    </link:label>
    <link:labelArc xlink:arcrole="http://www.xbrl.org/2003/arcrole/concept-label" xlink:from="Loc_entity00126566_udf_CE_20198793714509_udf_CE_20198793513349_StatementOfChangesInEquityLineItems" xlink:to="Label_entity00126566_udf_CE_20198793714509_udf_CE_20198793513349_StatementOfChangesInEquityLineItems_en_doc" xlink:type="arc" />
    <link:loc xlink:href="../00126566_entry_point_2011-08-18.xsd#entity00126566_udf_CE_20198794148365_udf_CE_20198793513349_StatementOfChangesInEquityLineItems" xlink:label="Loc_entity00126566_udf_CE_20198794148365_udf_CE_20198793513349_StatementOfChangesInEquityLineItems" xlink:type="locator" />
    <link:label xlink:type="resource" xlink:role="http://www.xbrl.org/2003/role/label" xlink:label="Label_label_entity00126566_udf_CE_20198794148365_udf_CE_20198793513349_StatementOfChangesInEquityLineItems_en" xml:lang="en" id="Label_label_entity00126566_udf_CE_20198794148365_udf_CE_20198793513349_StatementOfChangesInEquityLineItems_en">Capital changes of equity method</link:label>
    <link:labelArc xlink:arcrole="http://www.xbrl.org/2003/arcrole/concept-label" xlink:from="Loc_entity00126566_udf_CE_20198794148365_udf_CE_20198793513349_StatementOfChangesInEquityLineItems" xlink:to="Label_label_entity00126566_udf_CE_20198794148365_udf_CE_20198793513349_StatementOfChangesInEquityLineItems_en" xlink:type="arc" />
    <link:label xlink:type="resource" xlink:role="http://www.xbrl.org/2003/role/documentation" xlink:label="Label_entity00126566_udf_CE_20198794148365_udf_CE_20198793513349_StatementOfChangesInEquityLineItems_en_doc" xml:lang="en">
    </link:label>
    <link:labelArc xlink:arcrole="http://www.xbrl.org/2003/arcrole/concept-label" xlink:from="Loc_entity00126566_udf_CE_20198794148365_udf_CE_20198793513349_StatementOfChangesInEquityLineItems" xlink:to="Label_entity00126566_udf_CE_20198794148365_udf_CE_20198793513349_StatementOfChangesInEquityLineItems_en_doc" xlink:type="arc" />
    <link:loc xlink:href="../00126566_entry_point_2011-08-18.xsd#entity00126566_udf_CE_202331620617766_udf_CE_20198793513349_StatementOfChangesInEquityLineItems" xlink:label="Loc_entity00126566_udf_CE_202331620617766_udf_CE_20198793513349_StatementOfChangesInEquityLineItems" xlink:type="locator" />
    <link:label xlink:type="resource" xlink:role="http://www.xbrl.org/2003/role/label" xlink:label="Label_label_entity00126566_udf_CE_202331620617766_udf_CE_20198793513349_StatementOfChangesInEquityLineItems_en" xml:lang="en" id="Label_label_entity00126566_udf_CE_202331620617766_udf_CE_20198793513349_StatementOfChangesInEquityLineItems_en">Other comprehensive income, gains (losses) on revaluation</link:label>
    <link:labelArc xlink:arcrole="http://www.xbrl.org/2003/arcrole/concept-label" xlink:from="Loc_entity00126566_udf_CE_202331620617766_udf_CE_20198793513349_StatementOfChangesInEquityLineItems" xlink:to="Label_label_entity00126566_udf_CE_202331620617766_udf_CE_20198793513349_StatementOfChangesInEquityLineItems_en" xlink:type="arc" />
    <link:label xlink:type="resource" xlink:role="http://www.xbrl.org/2003/role/documentation" xlink:label="Label_entity00126566_udf_CE_202331620617766_udf_CE_20198793513349_StatementOfChangesInEquityLineItems_en_doc" xml:lang="en">
    </link:label>
    <link:labelArc xlink:arcrole="http://www.xbrl.org/2003/arcrole/concept-label" xlink:from="Loc_entity00126566_udf_CE_202331620617766_udf_CE_20198793513349_StatementOfChangesInEquityLineItems" xlink:to="Label_entity00126566_udf_CE_202331620617766_udf_CE_20198793513349_StatementOfChangesInEquityLineItems_en_doc" xlink:type="arc" />
    <link:loc xlink:href="../00126566_entry_point_2011-08-18.xsd#entity00126566_udf_CE_2023316202527734_StatementOfChangesInEquityLineItems" xlink:label="Loc_entity00126566_udf_CE_2023316202527734_StatementOfChangesInEquityLineItems" xlink:type="locator" />
    <link:label xlink:type="resource" xlink:role="http://www.xbrl.org/2003/role/label" xlink:label="Label_label_entity00126566_udf_CE_2023316202527734_StatementOfChangesInEquityLineItems_en" xml:lang="en" id="Label_label_entity00126566_udf_CE_2023316202527734_StatementOfChangesInEquityLineItems_en">Loss of Treasury share</link:label>
    <link:labelArc xlink:arcrole="http://www.xbrl.org/2003/arcrole/concept-label" xlink:from="Loc_entity00126566_udf_CE_2023316202527734_StatementOfChangesInEquityLineItems" xlink:to="Label_label_entity00126566_udf_CE_2023316202527734_StatementOfChangesInEquityLineItems_en" xlink:type="arc" />
    <link:label xlink:type="resource" xlink:role="http://www.xbrl.org/2003/role/documentation" xlink:label="Label_entity00126566_udf_CE_2023316202527734_StatementOfChangesInEquityLineItems_en_doc" xml:lang="en">
    </link:label>
    <link:labelArc xlink:arcrole="http://www.xbrl.org/2003/arcrole/concept-label" xlink:from="Loc_entity00126566_udf_CE_2023316202527734_StatementOfChangesInEquityLineItems" xlink:to="Label_entity00126566_udf_CE_2023316202527734_StatementOfChangesInEquityLineItems_en_doc" xlink:type="arc" />
    <link:loc xlink:href="../00126566_entry_point_2011-08-18.xsd#entity00126566_udf_CE_2021223202530285_StatementOfChangesInEquityLineItems" xlink:label="Loc_entity00126566_udf_CE_2021223202530285_StatementOfChangesInEquityLineItems" xlink:type="locator" />
    <link:label xlink:type="resource" xlink:role="http://www.xbrl.org/2003/role/label" xlink:label="Label_label_entity00126566_udf_CE_2021223202530285_StatementOfChangesInEquityLineItems_en" xml:lang="en" id="Label_label_entity00126566_udf_CE_2021223202530285_StatementOfChangesInEquityLineItems_en">Grant stock option</link:label>
    <link:labelArc xlink:arcrole="http://www.xbrl.org/2003/arcrole/concept-label" xlink:from="Loc_entity00126566_udf_CE_2021223202530285_StatementOfChangesInEquityLineItems" xlink:to="Label_label_entity00126566_udf_CE_2021223202530285_StatementOfChangesInEquityLineItems_en" xlink:type="arc" />
    <link:label xlink:type="resource" xlink:role="http://www.xbrl.org/2003/role/documentation" xlink:label="Label_entity00126566_udf_CE_2021223202530285_StatementOfChangesInEquityLineItems_en_doc" xml:lang="en">
    </link:label>
    <link:labelArc xlink:arcrole="http://www.xbrl.org/2003/arcrole/concept-label" xlink:from="Loc_entity00126566_udf_CE_2021223202530285_StatementOfChangesInEquityLineItems" xlink:to="Label_entity00126566_udf_CE_2021223202530285_StatementOfChangesInEquityLineItems_en_doc" xlink:type="arc" />
    <link:loc xlink:href="../00126566_entry_point_2011-08-18.xsd#entity00126566_udf_CE_2023316202621622_StatementOfChangesInEquityLineItems" xlink:label="Loc_entity00126566_udf_CE_2023316202621622_StatementOfChangesInEquityLineItems" xlink:type="locator" />
    <link:label xlink:type="resource" xlink:role="http://www.xbrl.org/2003/role/label" xlink:label="Label_label_entity00126566_udf_CE_2023316202621622_StatementOfChangesInEquityLineItems_en" xml:lang="en" id="Label_label_entity00126566_udf_CE_2023316202621622_StatementOfChangesInEquityLineItems_en">M&amp;A (Mergers and Acquisitions) / Other changes in equity</link:label>
    <link:labelArc xlink:arcrole="http://www.xbrl.org/2003/arcrole/concept-label" xlink:from="Loc_entity00126566_udf_CE_2023316202621622_StatementOfChangesInEquityLineItems" xlink:to="Label_label_entity00126566_udf_CE_2023316202621622_StatementOfChangesInEquityLineItems_en" xlink:type="arc" />
    <link:label xlink:type="resource" xlink:role="http://www.xbrl.org/2003/role/documentation" xlink:label="Label_entity00126566_udf_CE_2023316202621622_StatementOfChangesInEquityLineItems_en_doc" xml:lang="en">
    </link:label>
    <link:labelArc xlink:arcrole="http://www.xbrl.org/2003/arcrole/concept-label" xlink:from="Loc_entity00126566_udf_CE_2023316202621622_StatementOfChangesInEquityLineItems" xlink:to="Label_entity00126566_udf_CE_2023316202621622_StatementOfChangesInEquityLineItems_en_doc" xlink:type="arc" />
    <link:loc xlink:href="../00126566_entry_point_2011-08-18.xsd#entity00126566_udf_CE_2018811164519630_StatementOfChangesInEquityLineItems" xlink:label="Loc_entity00126566_udf_CE_2018811164519630_StatementOfChangesInEquityLineItems" xlink:type="locator" />
    <link:label xlink:type="resource" xlink:role="http://www.xbrl.org/2003/role/label" xlink:label="Label_label_entity00126566_udf_CE_2018811164519630_StatementOfChangesInEquityLineItems_en" xml:lang="en" id="Label_label_entity00126566_udf_CE_2018811164519630_StatementOfChangesInEquityLineItems_en">Other changes in equity</link:label>
    <link:labelArc xlink:arcrole="http://www.xbrl.org/2003/arcrole/concept-label" xlink:from="Loc_entity00126566_udf_CE_2018811164519630_StatementOfChangesInEquityLineItems" xlink:to="Label_label_entity00126566_udf_CE_2018811164519630_StatementOfChangesInEquityLineItems_en" xlink:type="arc" />
    <link:label xlink:type="resource" xlink:role="http://www.xbrl.org/2003/role/documentation" xlink:label="Label_entity00126566_udf_CE_2018811164519630_StatementOfChangesInEquityLineItems_en_doc" xml:lang="en">
    </link:label>
    <link:labelArc xlink:arcrole="http://www.xbrl.org/2003/arcrole/concept-label" xlink:from="Loc_entity00126566_udf_CE_2018811164519630_StatementOfChangesInEquityLineItems" xlink:to="Label_entity00126566_udf_CE_2018811164519630_StatementOfChangesInEquityLineItems_en_doc" xlink:type="arc" />
    <link:loc xlink:href="../00126566_entry_point_2011-08-18.xsd#entity00126566_udf_CE_2023316202726135_StatementOfChangesInEquityLineItems" xlink:label="Loc_entity00126566_udf_CE_2023316202726135_StatementOfChangesInEquityLineItems" xlink:type="locator" />
    <link:label xlink:type="resource" xlink:role="http://www.xbrl.org/2003/role/label" xlink:label="Label_label_entity00126566_udf_CE_2023316202726135_StatementOfChangesInEquityLineItems_en" xml:lang="en" id="Label_label_entity00126566_udf_CE_2023316202726135_StatementOfChangesInEquityLineItems_en">equity transactions within a consolidated entity</link:label>
    <link:labelArc xlink:arcrole="http://www.xbrl.org/2003/arcrole/concept-label" xlink:from="Loc_entity00126566_udf_CE_2023316202726135_StatementOfChangesInEquityLineItems" xlink:to="Label_label_entity00126566_udf_CE_2023316202726135_StatementOfChangesInEquityLineItems_en" xlink:type="arc" />
    <link:label xlink:type="resource" xlink:role="http://www.xbrl.org/2003/role/documentation" xlink:label="Label_entity00126566_udf_CE_2023316202726135_StatementOfChangesInEquityLineItems_en_doc" xml:lang="en">
    </link:label>
    <link:labelArc xlink:arcrole="http://www.xbrl.org/2003/arcrole/concept-label" xlink:from="Loc_entity00126566_udf_CE_2023316202726135_StatementOfChangesInEquityLineItems" xlink:to="Label_entity00126566_udf_CE_2023316202726135_StatementOfChangesInEquityLineItems_en_doc" xlink:type="arc" />
    <link:loc xlink:href="../00126566_entry_point_2011-08-18.xsd#entity00126566_udf_CE_202331620294656_StatementOfChangesInEquityLineItems" xlink:label="Loc_entity00126566_udf_CE_202331620294656_StatementOfChangesInEquityLineItems" xlink:type="locator" />
    <link:label xlink:type="resource" xlink:role="http://www.xbrl.org/2003/role/label" xlink:label="Label_label_entity00126566_udf_CE_202331620294656_StatementOfChangesInEquityLineItems_en" xml:lang="en" id="Label_label_entity00126566_udf_CE_202331620294656_StatementOfChangesInEquityLineItems_en">Transactions with non-controlling interests</link:label>
    <link:labelArc xlink:arcrole="http://www.xbrl.org/2003/arcrole/concept-label" xlink:from="Loc_entity00126566_udf_CE_202331620294656_StatementOfChangesInEquityLineItems" xlink:to="Label_label_entity00126566_udf_CE_202331620294656_StatementOfChangesInEquityLineItems_en" xlink:type="arc" />
    <link:label xlink:type="resource" xlink:role="http://www.xbrl.org/2003/role/documentation" xlink:label="Label_entity00126566_udf_CE_202331620294656_StatementOfChangesInEquityLineItems_en_doc" xml:lang="en">
    </link:label>
    <link:labelArc xlink:arcrole="http://www.xbrl.org/2003/arcrole/concept-label" xlink:from="Loc_entity00126566_udf_CE_202331620294656_StatementOfChangesInEquityLineItems" xlink:to="Label_entity00126566_udf_CE_202331620294656_StatementOfChangesInEquityLineItems_en_doc" xlink:type="arc" />
    <link:loc xlink:href="http://dart.fss.or.kr/Resource/Taxonomy/ifrs/2019-10-01/dart_2019-10-01.xsd#dart_DecreaseInGuaranteeDeposits" xlink:label="Loc_dart_DecreaseInGuaranteeDeposits" xlink:type="locator" />
    <link:label xlink:type="resource" xlink:role="http://www.xbrl.org/2003/role/label" xlink:label="Label_label_dart_DecreaseInGuaranteeDeposits_en" xml:lang="en" id="Label_label_dart_DecreaseInGuaranteeDeposits_en">Decrease in deposits</link:label>
    <link:labelArc xlink:arcrole="http://www.xbrl.org/2003/arcrole/concept-label" xlink:from="Loc_dart_DecreaseInGuaranteeDeposits" xlink:to="Label_label_dart_DecreaseInGuaranteeDeposits_en" xlink:type="arc" priority="1" />
    <link:loc xlink:href="http://dart.fss.or.kr/Resource/Taxonomy/ifrs/2019-10-01/dart_2019-10-01.xsd#dart_ProceedsFromSalesOfFairValueFinancialAsset" xlink:label="Loc_dart_ProceedsFromSalesOfFairValueFinancialAsset" xlink:type="locator" />
    <link:label xlink:type="resource" xlink:role="http://www.xbrl.org/2003/role/label" xlink:label="Label_label_dart_ProceedsFromSalesOfFairValueFinancialAsset_en" xml:lang="en" id="Label_label_dart_ProceedsFromSalesOfFairValueFinancialAsset_en">Proceeds from financial assets at fair value through profit or loss, mesaured at fair value</link:label>
    <link:labelArc xlink:arcrole="http://www.xbrl.org/2003/arcrole/concept-label" xlink:from="Loc_dart_ProceedsFromSalesOfFairValueFinancialAsset" xlink:to="Label_label_dart_ProceedsFromSalesOfFairValueFinancialAsset_en" xlink:type="arc" priority="1" />
    <link:loc xlink:href="../00126566_entry_point_2011-08-18.xsd#entity00126566_udf_CF_202331622047790_CashFlowsFromUsedInInvestingActivities" xlink:label="Loc_entity00126566_udf_CF_202331622047790_CashFlowsFromUsedInInvestingActivities" xlink:type="locator" />
    <link:label xlink:type="resource" xlink:role="http://www.xbrl.org/2003/role/label" xlink:label="Label_label_entity00126566_udf_CF_202331622047790_CashFlowsFromUsedInInvestingActivities_en" xml:lang="en" id="Label_label_entity00126566_udf_CF_202331622047790_CashFlowsFromUsedInInvestingActivities_en">Proceeds from sales of business sector assets</link:label>
    <link:labelArc xlink:arcrole="http://www.xbrl.org/2003/arcrole/concept-label" xlink:from="Loc_entity00126566_udf_CF_202331622047790_CashFlowsFromUsedInInvestingActivities" xlink:to="Label_label_entity00126566_udf_CF_202331622047790_CashFlowsFromUsedInInvestingActivities_en" xlink:type="arc" />
    <link:label xlink:type="resource" xlink:role="http://www.xbrl.org/2003/role/documentation" xlink:label="Label_entity00126566_udf_CF_202331622047790_CashFlowsFromUsedInInvestingActivities_en_doc" xml:lang="en">
    </link:label>
    <link:labelArc xlink:arcrole="http://www.xbrl.org/2003/arcrole/concept-label" xlink:from="Loc_entity00126566_udf_CF_202331622047790_CashFlowsFromUsedInInvestingActivities" xlink:to="Label_entity00126566_udf_CF_202331622047790_CashFlowsFromUsedInInvestingActivities_en_doc" xlink:type="arc" />
    <link:loc xlink:href="../00126566_entry_point_2011-08-18.xsd#entity00126566_udf_CF_202331622051125_CashFlowsFromUsedInInvestingActivities" xlink:label="Loc_entity00126566_udf_CF_202331622051125_CashFlowsFromUsedInInvestingActivities" xlink:type="locator" />
    <link:label xlink:type="resource" xlink:role="http://www.xbrl.org/2003/role/label" xlink:label="Label_label_entity00126566_udf_CF_202331622051125_CashFlowsFromUsedInInvestingActivities_en" xml:lang="en" id="Label_label_entity00126566_udf_CF_202331622051125_CashFlowsFromUsedInInvestingActivities_en">Net increase (decrease) in Merger</link:label>
    <link:labelArc xlink:arcrole="http://www.xbrl.org/2003/arcrole/concept-label" xlink:from="Loc_entity00126566_udf_CF_202331622051125_CashFlowsFromUsedInInvestingActivities" xlink:to="Label_label_entity00126566_udf_CF_202331622051125_CashFlowsFromUsedInInvestingActivities_en" xlink:type="arc" />
    <link:label xlink:type="resource" xlink:role="http://www.xbrl.org/2003/role/documentation" xlink:label="Label_entity00126566_udf_CF_202331622051125_CashFlowsFromUsedInInvestingActivities_en_doc" xml:lang="en">
    </link:label>
    <link:labelArc xlink:arcrole="http://www.xbrl.org/2003/arcrole/concept-label" xlink:from="Loc_entity00126566_udf_CF_202331622051125_CashFlowsFromUsedInInvestingActivities" xlink:to="Label_entity00126566_udf_CF_202331622051125_CashFlowsFromUsedInInvestingActivities_en_doc" xlink:type="arc" />
    <link:loc xlink:href="http://dart.fss.or.kr/Resource/Taxonomy/ifrs/2019-10-01/dart_2019-10-01.xsd#dart_PurchaseOfFairValueFinancialAsset" xlink:label="Loc_dart_PurchaseOfFairValueFinancialAsset" xlink:type="locator" />
    <link:label xlink:type="resource" xlink:role="http://www.xbrl.org/2003/role/label" xlink:label="Label_label_dart_PurchaseOfFairValueFinancialAsset_en" xml:lang="en" id="Label_label_dart_PurchaseOfFairValueFinancialAsset_en">Purchase of financial assets at fair value through profit or loss, mesaured at fair value</link:label>
    <link:labelArc xlink:arcrole="http://www.xbrl.org/2003/arcrole/concept-label" xlink:from="Loc_dart_PurchaseOfFairValueFinancialAsset" xlink:to="Label_label_dart_PurchaseOfFairValueFinancialAsset_en" xlink:type="arc" priority="1" />
    <link:loc xlink:href="http://dart.fss.or.kr/Resource/Taxonomy/ifrs/2019-10-01/dart_2019-10-01.xsd#dart_IncreaseInGuaranteeDeposits" xlink:label="Loc_dart_IncreaseInGuaranteeDeposits" xlink:type="locator" />
    <link:label xlink:type="resource" xlink:role="http://www.xbrl.org/2003/role/label" xlink:label="Label_label_dart_IncreaseInGuaranteeDeposits_en" xml:lang="en" id="Label_label_dart_IncreaseInGuaranteeDeposits_en">Increase in deposits</link:label>
    <link:labelArc xlink:arcrole="http://www.xbrl.org/2003/arcrole/concept-label" xlink:from="Loc_dart_IncreaseInGuaranteeDeposits" xlink:to="Label_label_dart_IncreaseInGuaranteeDeposits_en" xlink:type="arc" priority="1" />
    <link:loc xlink:href="../00126566_entry_point_2011-08-18.xsd#entity00126566_udf_CF_202211817813274_CashFlowsFromUsedInInvestingActivities" xlink:label="Loc_entity00126566_udf_CF_202211817813274_CashFlowsFromUsedInInvestingActivities" xlink:type="locator" />
    <link:label xlink:type="resource" xlink:role="http://www.xbrl.org/2003/role/label" xlink:label="Label_label_entity00126566_udf_CF_202211817813274_CashFlowsFromUsedInInvestingActivities_en" xml:lang="en" id="Label_label_entity00126566_udf_CF_202211817813274_CashFlowsFromUsedInInvestingActivities_en">Decrease in Derivatives</link:label>
    <link:labelArc xlink:arcrole="http://www.xbrl.org/2003/arcrole/concept-label" xlink:from="Loc_entity00126566_udf_CF_202211817813274_CashFlowsFromUsedInInvestingActivities" xlink:to="Label_label_entity00126566_udf_CF_202211817813274_CashFlowsFromUsedInInvestingActivities_en" xlink:type="arc" />
    <link:label xlink:type="resource" xlink:role="http://www.xbrl.org/2003/role/documentation" xlink:label="Label_entity00126566_udf_CF_202211817813274_CashFlowsFromUsedInInvestingActivities_en_doc" xml:lang="en">
    </link:label>
    <link:labelArc xlink:arcrole="http://www.xbrl.org/2003/arcrole/concept-label" xlink:from="Loc_entity00126566_udf_CF_202211817813274_CashFlowsFromUsedInInvestingActivities" xlink:to="Label_entity00126566_udf_CF_202211817813274_CashFlowsFromUsedInInvestingActivities_en_doc" xlink:type="arc" />
    <link:loc xlink:href="http://dart.fss.or.kr/Resource/Taxonomy/ifrs/2019-10-01/dart_2019-10-01.xsd#dart_PurchaseOfInvestmentsInAssociates" xlink:label="Loc_dart_PurchaseOfInvestmentsInAssociates" xlink:type="locator" />
    <link:label xlink:type="resource" xlink:role="http://www.xbrl.org/2003/role/label" xlink:label="Label_label_dart_PurchaseOfInvestmentsInAssociates_en" xml:lang="en" id="Label_label_dart_PurchaseOfInvestmentsInAssociates_en">Sales of investments in associates</link:label>
    <link:labelArc xlink:arcrole="http://www.xbrl.org/2003/arcrole/concept-label" xlink:from="Loc_dart_PurchaseOfInvestmentsInAssociates" xlink:to="Label_label_dart_PurchaseOfInvestmentsInAssociates_en" xlink:type="arc" priority="1" />
    <link:loc xlink:href="../00126566_entry_point_2011-08-18.xsd#entity00126566_udf_CF_202331622521382_CashFlowsFromUsedInFinancingActivities" xlink:label="Loc_entity00126566_udf_CF_202331622521382_CashFlowsFromUsedInFinancingActivities" xlink:type="locator" />
    <link:label xlink:type="resource" xlink:role="http://www.xbrl.org/2003/role/label" xlink:label="Label_label_entity00126566_udf_CF_202331622521382_CashFlowsFromUsedInFinancingActivities_en" xml:lang="en" id="Label_label_entity00126566_udf_CF_202331622521382_CashFlowsFromUsedInFinancingActivities_en">Net increase in short-term borrowings (Nego)</link:label>
    <link:labelArc xlink:arcrole="http://www.xbrl.org/2003/arcrole/concept-label" xlink:from="Loc_entity00126566_udf_CF_202331622521382_CashFlowsFromUsedInFinancingActivities" xlink:to="Label_label_entity00126566_udf_CF_202331622521382_CashFlowsFromUsedInFinancingActivities_en" xlink:type="arc" />
    <link:label xlink:type="resource" xlink:role="http://www.xbrl.org/2003/role/documentation" xlink:label="Label_entity00126566_udf_CF_202331622521382_CashFlowsFromUsedInFinancingActivities_en_doc" xml:lang="en">
    </link:label>
    <link:labelArc xlink:arcrole="http://www.xbrl.org/2003/arcrole/concept-label" xlink:from="Loc_entity00126566_udf_CF_202331622521382_CashFlowsFromUsedInFinancingActivities" xlink:to="Label_entity00126566_udf_CF_202331622521382_CashFlowsFromUsedInFinancingActivities_en_doc" xlink:type="arc" />
    <link:loc xlink:href="../00126566_entry_point_2011-08-18.xsd#entity00126566_udf_CF_201711916404551_CashFlowsFromUsedInFinancingActivities" xlink:label="Loc_entity00126566_udf_CF_201711916404551_CashFlowsFromUsedInFinancingActivities" xlink:type="locator" />
    <link:label xlink:type="resource" xlink:role="http://www.xbrl.org/2003/role/label" xlink:label="Label_label_entity00126566_udf_CF_201711916404551_CashFlowsFromUsedInFinancingActivities_en" xml:lang="en" id="Label_label_entity00126566_udf_CF_201711916404551_CashFlowsFromUsedInFinancingActivities_en">Repayments of current borrowings</link:label>
    <link:labelArc xlink:arcrole="http://www.xbrl.org/2003/arcrole/concept-label" xlink:from="Loc_entity00126566_udf_CF_201711916404551_CashFlowsFromUsedInFinancingActivities" xlink:to="Label_label_entity00126566_udf_CF_201711916404551_CashFlowsFromUsedInFinancingActivities_en" xlink:type="arc" />
    <link:label xlink:type="resource" xlink:role="http://www.xbrl.org/2003/role/documentation" xlink:label="Label_entity00126566_udf_CF_201711916404551_CashFlowsFromUsedInFinancingActivities_en_doc" xml:lang="en">
    </link:label>
    <link:labelArc xlink:arcrole="http://www.xbrl.org/2003/arcrole/concept-label" xlink:from="Loc_entity00126566_udf_CF_201711916404551_CashFlowsFromUsedInFinancingActivities" xlink:to="Label_entity00126566_udf_CF_201711916404551_CashFlowsFromUsedInFinancingActivities_en_doc" xlink:type="arc" />
    <link:loc xlink:href="http://dart.fss.or.kr/Resource/Taxonomy/ifrs/2019-10-01/full_ifrs-cor_2019-03-27.xsd#ifrs-full_PaymentsOfFinanceLeaseLiabilitiesClassifiedAsFinancingActivities" xlink:label="Loc_ifrs-full_PaymentsOfFinanceLeaseLiabilitiesClassifiedAsFinancingActivities" xlink:type="locator" />
    <link:label xlink:type="resource" xlink:role="http://www.xbrl.org/2009/role/negatedTerseLabel" xlink:label="Label_negatedTerseLabel_ifrs-full_PaymentsOfFinanceLeaseLiabilitiesClassifiedAsFinancingActivities_en" xml:lang="en" id="Label_negatedTerseLabel_ifrs-full_PaymentsOfFinanceLeaseLiabilitiesClassifiedAsFinancingActivities_en">Repayments of lease liabilities</link:label>
    <link:labelArc xlink:arcrole="http://www.xbrl.org/2003/arcrole/concept-label" xlink:from="Loc_ifrs-full_PaymentsOfFinanceLeaseLiabilitiesClassifiedAsFinancingActivities" xlink:to="Label_negatedTerseLabel_ifrs-full_PaymentsOfFinanceLeaseLiabilitiesClassifiedAsFinancingActivities_en" xlink:type="arc" priority="1" />
    <link:loc xlink:href="../00126566_entry_point_2011-08-18.xsd#entity00126566_udf_CF_2023316205452774_CashFlowsFromUsedInInvestingActivities" xlink:label="Loc_entity00126566_udf_CF_2023316205452774_CashFlowsFromUsedInInvestingActivities" xlink:type="locator" />
    <link:label xlink:type="resource" xlink:role="http://www.xbrl.org/2003/role/label" xlink:label="Label_label_entity00126566_udf_CF_2023316205452774_CashFlowsFromUsedInInvestingActivities_en" xml:lang="en" id="Label_label_entity00126566_udf_CF_2023316205452774_CashFlowsFromUsedInInvestingActivities_en">Proceeds from sales of business sector assets</link:label>
    <link:labelArc xlink:arcrole="http://www.xbrl.org/2003/arcrole/concept-label" xlink:from="Loc_entity00126566_udf_CF_2023316205452774_CashFlowsFromUsedInInvestingActivities" xlink:to="Label_label_entity00126566_udf_CF_2023316205452774_CashFlowsFromUsedInInvestingActivities_en" xlink:type="arc" />
    <link:label xlink:type="resource" xlink:role="http://www.xbrl.org/2003/role/documentation" xlink:label="Label_entity00126566_udf_CF_2023316205452774_CashFlowsFromUsedInInvestingActivities_en_doc" xml:lang="en">
    </link:label>
    <link:labelArc xlink:arcrole="http://www.xbrl.org/2003/arcrole/concept-label" xlink:from="Loc_entity00126566_udf_CF_2023316205452774_CashFlowsFromUsedInInvestingActivities" xlink:to="Label_entity00126566_udf_CF_2023316205452774_CashFlowsFromUsedInInvestingActivities_en_doc" xlink:type="arc" />
    <link:loc xlink:href="../00126566_entry_point_2011-08-18.xsd#entity00126566_udf_CF_2022118163156602_CashFlowsFromUsedInInvestingActivities" xlink:label="Loc_entity00126566_udf_CF_2022118163156602_CashFlowsFromUsedInInvestingActivities" xlink:type="locator" />
    <link:label xlink:type="resource" xlink:role="http://www.xbrl.org/2003/role/label" xlink:label="Label_label_entity00126566_udf_CF_2022118163156602_CashFlowsFromUsedInInvestingActivities_en" xml:lang="en" id="Label_label_entity00126566_udf_CF_2022118163156602_CashFlowsFromUsedInInvestingActivities_en">Decrease in Derivatives</link:label>
    <link:labelArc xlink:arcrole="http://www.xbrl.org/2003/arcrole/concept-label" xlink:from="Loc_entity00126566_udf_CF_2022118163156602_CashFlowsFromUsedInInvestingActivities" xlink:to="Label_label_entity00126566_udf_CF_2022118163156602_CashFlowsFromUsedInInvestingActivities_en" xlink:type="arc" />
    <link:label xlink:type="resource" xlink:role="http://www.xbrl.org/2003/role/documentation" xlink:label="Label_entity00126566_udf_CF_2022118163156602_CashFlowsFromUsedInInvestingActivities_en_doc" xml:lang="en">
    </link:label>
    <link:labelArc xlink:arcrole="http://www.xbrl.org/2003/arcrole/concept-label" xlink:from="Loc_entity00126566_udf_CF_2022118163156602_CashFlowsFromUsedInInvestingActivities" xlink:to="Label_entity00126566_udf_CF_2022118163156602_CashFlowsFromUsedInInvestingActivities_en_doc" xlink:type="arc" />
    <link:loc xlink:href="../00126566_entry_point_2011-08-18.xsd#entity00126566_udf_CF_2019117142033407_CashFlowsFromUsedInInvestingActivities" xlink:label="Loc_entity00126566_udf_CF_2019117142033407_CashFlowsFromUsedInInvestingActivities" xlink:type="locator" />
    <link:label xlink:type="resource" xlink:role="http://www.xbrl.org/2003/role/label" xlink:label="Label_label_entity00126566_udf_CF_2019117142033407_CashFlowsFromUsedInInvestingActivities_en" xml:lang="en" id="Label_label_entity00126566_udf_CF_2019117142033407_CashFlowsFromUsedInInvestingActivities_en">Purchase of gains or losses on financial assets measured at fair value through other comprehensive income.</link:label>
    <link:labelArc xlink:arcrole="http://www.xbrl.org/2003/arcrole/concept-label" xlink:from="Loc_entity00126566_udf_CF_2019117142033407_CashFlowsFromUsedInInvestingActivities" xlink:to="Label_label_entity00126566_udf_CF_2019117142033407_CashFlowsFromUsedInInvestingActivities_en" xlink:type="arc" />
    <link:label xlink:type="resource" xlink:role="http://www.xbrl.org/2003/role/documentation" xlink:label="Label_entity00126566_udf_CF_2019117142033407_CashFlowsFromUsedInInvestingActivities_en_doc" xml:lang="en">
    </link:label>
    <link:labelArc xlink:arcrole="http://www.xbrl.org/2003/arcrole/concept-label" xlink:from="Loc_entity00126566_udf_CF_2019117142033407_CashFlowsFromUsedInInvestingActivities" xlink:to="Label_entity00126566_udf_CF_2019117142033407_CashFlowsFromUsedInInvestingActivities_en_doc" xlink:type="arc" />
    <link:loc xlink:href="../00126566_entry_point_2011-08-18.xsd#entity00126566_udf_CF_20193219456606_CashFlowsFromUsedInInvestingActivities" xlink:label="Loc_entity00126566_udf_CF_20193219456606_CashFlowsFromUsedInInvestingActivities" xlink:type="locator" />
    <link:label xlink:type="resource" xlink:role="http://www.xbrl.org/2003/role/label" xlink:label="Label_label_entity00126566_udf_CF_20193219456606_CashFlowsFromUsedInInvestingActivities_en" xml:lang="en" id="Label_label_entity00126566_udf_CF_20193219456606_CashFlowsFromUsedInInvestingActivities_en">Increase in other non-current assets</link:label>
    <link:labelArc xlink:arcrole="http://www.xbrl.org/2003/arcrole/concept-label" xlink:from="Loc_entity00126566_udf_CF_20193219456606_CashFlowsFromUsedInInvestingActivities" xlink:to="Label_label_entity00126566_udf_CF_20193219456606_CashFlowsFromUsedInInvestingActivities_en" xlink:type="arc" />
    <link:label xlink:type="resource" xlink:role="http://www.xbrl.org/2003/role/documentation" xlink:label="Label_entity00126566_udf_CF_20193219456606_CashFlowsFromUsedInInvestingActivities_en_doc" xml:lang="en">
    </link:label>
    <link:labelArc xlink:arcrole="http://www.xbrl.org/2003/arcrole/concept-label" xlink:from="Loc_entity00126566_udf_CF_20193219456606_CashFlowsFromUsedInInvestingActivities" xlink:to="Label_entity00126566_udf_CF_20193219456606_CashFlowsFromUsedInInvestingActivities_en_doc" xlink:type="arc" />
    <link:loc xlink:href="../00126566_entry_point_2011-08-18.xsd#entity00126566_udf_CF_2023316205019773_CashFlowsFromUsedInInvestingActivities" xlink:label="Loc_entity00126566_udf_CF_2023316205019773_CashFlowsFromUsedInInvestingActivities" xlink:type="locator" />
    <link:label xlink:type="resource" xlink:role="http://www.xbrl.org/2003/role/label" xlink:label="Label_label_entity00126566_udf_CF_2023316205019773_CashFlowsFromUsedInInvestingActivities_en" xml:lang="en" id="Label_label_entity00126566_udf_CF_2023316205019773_CashFlowsFromUsedInInvestingActivities_en">increase in derivative assets and liabilities</link:label>
    <link:labelArc xlink:arcrole="http://www.xbrl.org/2003/arcrole/concept-label" xlink:from="Loc_entity00126566_udf_CF_2023316205019773_CashFlowsFromUsedInInvestingActivities" xlink:to="Label_label_entity00126566_udf_CF_2023316205019773_CashFlowsFromUsedInInvestingActivities_en" xlink:type="arc" />
    <link:label xlink:type="resource" xlink:role="http://www.xbrl.org/2003/role/documentation" xlink:label="Label_entity00126566_udf_CF_2023316205019773_CashFlowsFromUsedInInvestingActivities_en_doc" xml:lang="en">
    </link:label>
    <link:labelArc xlink:arcrole="http://www.xbrl.org/2003/arcrole/concept-label" xlink:from="Loc_entity00126566_udf_CF_2023316205019773_CashFlowsFromUsedInInvestingActivities" xlink:to="Label_entity00126566_udf_CF_2023316205019773_CashFlowsFromUsedInInvestingActivities_en_doc" xlink:type="arc" />
    <link:loc xlink:href="../00126566_entry_point_2011-08-18.xsd#entity00126566_udf_CF_202281114850232_CashFlowsFromUsedInInvestingActivities" xlink:label="Loc_entity00126566_udf_CF_202281114850232_CashFlowsFromUsedInInvestingActivities" xlink:type="locator" />
    <link:label xlink:type="resource" xlink:role="http://www.xbrl.org/2003/role/label" xlink:label="Label_label_entity00126566_udf_CF_202281114850232_CashFlowsFromUsedInInvestingActivities_en" xml:lang="en" id="Label_label_entity00126566_udf_CF_202281114850232_CashFlowsFromUsedInInvestingActivities_en">Purchase of investments in associates.</link:label>
    <link:labelArc xlink:arcrole="http://www.xbrl.org/2003/arcrole/concept-label" xlink:from="Loc_entity00126566_udf_CF_202281114850232_CashFlowsFromUsedInInvestingActivities" xlink:to="Label_label_entity00126566_udf_CF_202281114850232_CashFlowsFromUsedInInvestingActivities_en" xlink:type="arc" />
    <link:label xlink:type="resource" xlink:role="http://www.xbrl.org/2003/role/documentation" xlink:label="Label_entity00126566_udf_CF_202281114850232_CashFlowsFromUsedInInvestingActivities_en_doc" xml:lang="en">
    </link:label>
    <link:labelArc xlink:arcrole="http://www.xbrl.org/2003/arcrole/concept-label" xlink:from="Loc_entity00126566_udf_CF_202281114850232_CashFlowsFromUsedInInvestingActivities" xlink:to="Label_entity00126566_udf_CF_202281114850232_CashFlowsFromUsedInInvestingActivities_en_doc" xlink:type="arc" />
    <link:loc xlink:href="../00126566_entry_point_2011-08-18.xsd#entity00126566_udf_CF_2023316205540782_CashFlowsFromUsedInInvestingActivities" xlink:label="Loc_entity00126566_udf_CF_2023316205540782_CashFlowsFromUsedInInvestingActivities" xlink:type="locator" />
    <link:label xlink:type="resource" xlink:role="http://www.xbrl.org/2003/role/label" xlink:label="Label_label_entity00126566_udf_CF_2023316205540782_CashFlowsFromUsedInInvestingActivities_en" xml:lang="en" id="Label_label_entity00126566_udf_CF_2023316205540782_CashFlowsFromUsedInInvestingActivities_en">Net increase (decrease) in Business Transfer</link:label>
    <link:labelArc xlink:arcrole="http://www.xbrl.org/2003/arcrole/concept-label" xlink:from="Loc_entity00126566_udf_CF_2023316205540782_CashFlowsFromUsedInInvestingActivities" xlink:to="Label_label_entity00126566_udf_CF_2023316205540782_CashFlowsFromUsedInInvestingActivities_en" xlink:type="arc" />
    <link:label xlink:type="resource" xlink:role="http://www.xbrl.org/2003/role/documentation" xlink:label="Label_entity00126566_udf_CF_2023316205540782_CashFlowsFromUsedInInvestingActivities_en_doc" xml:lang="en">
    </link:label>
    <link:labelArc xlink:arcrole="http://www.xbrl.org/2003/arcrole/concept-label" xlink:from="Loc_entity00126566_udf_CF_2023316205540782_CashFlowsFromUsedInInvestingActivities" xlink:to="Label_entity00126566_udf_CF_2023316205540782_CashFlowsFromUsedInInvestingActivities_en_doc" xlink:type="arc" />
    <link:loc xlink:href="../00126566_entry_point_2011-08-18.xsd#entity00126566_udf_CF_2021118222627309_CashFlowsFromUsedInInvestingActivities" xlink:label="Loc_entity00126566_udf_CF_2021118222627309_CashFlowsFromUsedInInvestingActivities" xlink:type="locator" />
    <link:label xlink:type="resource" xlink:role="http://www.xbrl.org/2003/role/label" xlink:label="Label_label_entity00126566_udf_CF_2021118222627309_CashFlowsFromUsedInInvestingActivities_en" xml:lang="en" id="Label_label_entity00126566_udf_CF_2021118222627309_CashFlowsFromUsedInInvestingActivities_en">Net increase (decrease) in Merger</link:label>
    <link:labelArc xlink:arcrole="http://www.xbrl.org/2003/arcrole/concept-label" xlink:from="Loc_entity00126566_udf_CF_2021118222627309_CashFlowsFromUsedInInvestingActivities" xlink:to="Label_label_entity00126566_udf_CF_2021118222627309_CashFlowsFromUsedInInvestingActivities_en" xlink:type="arc" />
    <link:label xlink:type="resource" xlink:role="http://www.xbrl.org/2003/role/documentation" xlink:label="Label_entity00126566_udf_CF_2021118222627309_CashFlowsFromUsedInInvestingActivities_en_doc" xml:lang="en">
    </link:label>
    <link:labelArc xlink:arcrole="http://www.xbrl.org/2003/arcrole/concept-label" xlink:from="Loc_entity00126566_udf_CF_2021118222627309_CashFlowsFromUsedInInvestingActivities" xlink:to="Label_entity00126566_udf_CF_2021118222627309_CashFlowsFromUsedInInvestingActivities_en_doc" xlink:type="arc" />
    <link:loc xlink:href="../00126566_entry_point_2011-08-18.xsd#entity00126566_udf_CF_20171110103430220_CashFlowsFromUsedInFinancingActivities" xlink:label="Loc_entity00126566_udf_CF_20171110103430220_CashFlowsFromUsedInFinancingActivities" xlink:type="locator" />
    <link:label xlink:type="resource" xlink:role="http://www.xbrl.org/2003/role/label" xlink:label="Label_label_entity00126566_udf_CF_20171110103430220_CashFlowsFromUsedInFinancingActivities_en" xml:lang="en" id="Label_label_entity00126566_udf_CF_20171110103430220_CashFlowsFromUsedInFinancingActivities_en">Net increase in short-term borrowings (Nego)</link:label>
    <link:labelArc xlink:arcrole="http://www.xbrl.org/2003/arcrole/concept-label" xlink:from="Loc_entity00126566_udf_CF_20171110103430220_CashFlowsFromUsedInFinancingActivities" xlink:to="Label_label_entity00126566_udf_CF_20171110103430220_CashFlowsFromUsedInFinancingActivities_en" xlink:type="arc" />
    <link:label xlink:type="resource" xlink:role="http://www.xbrl.org/2003/role/documentation" xlink:label="Label_entity00126566_udf_CF_20171110103430220_CashFlowsFromUsedInFinancingActivities_en_doc" xml:lang="en">
    </link:label>
    <link:labelArc xlink:arcrole="http://www.xbrl.org/2003/arcrole/concept-label" xlink:from="Loc_entity00126566_udf_CF_20171110103430220_CashFlowsFromUsedInFinancingActivities" xlink:to="Label_entity00126566_udf_CF_20171110103430220_CashFlowsFromUsedInFinancingActivities_en_doc" xlink:type="arc" />
    <link:loc xlink:href="../00126566_entry_point_2011-08-18.xsd#entity00126566_udf_CF_20171110103510893_CashFlowsFromUsedInFinancingActivities" xlink:label="Loc_entity00126566_udf_CF_20171110103510893_CashFlowsFromUsedInFinancingActivities" xlink:type="locator" />
    <link:label xlink:type="resource" xlink:role="http://www.xbrl.org/2003/role/label" xlink:label="Label_label_entity00126566_udf_CF_20171110103510893_CashFlowsFromUsedInFinancingActivities_en" xml:lang="en" id="Label_label_entity00126566_udf_CF_20171110103510893_CashFlowsFromUsedInFinancingActivities_en">Repayment in other current borrowings</link:label>
    <link:labelArc xlink:arcrole="http://www.xbrl.org/2003/arcrole/concept-label" xlink:from="Loc_entity00126566_udf_CF_20171110103510893_CashFlowsFromUsedInFinancingActivities" xlink:to="Label_label_entity00126566_udf_CF_20171110103510893_CashFlowsFromUsedInFinancingActivities_en" xlink:type="arc" />
    <link:label xlink:type="resource" xlink:role="http://www.xbrl.org/2003/role/documentation" xlink:label="Label_entity00126566_udf_CF_20171110103510893_CashFlowsFromUsedInFinancingActivities_en_doc" xml:lang="en">
    </link:label>
    <link:labelArc xlink:arcrole="http://www.xbrl.org/2003/arcrole/concept-label" xlink:from="Loc_entity00126566_udf_CF_20171110103510893_CashFlowsFromUsedInFinancingActivities" xlink:to="Label_entity00126566_udf_CF_20171110103510893_CashFlowsFromUsedInFinancingActivities_en_doc" xlink:type="arc" />
    <link:loc xlink:href="../00126566_entry_point_2011-08-18.xsd#entity00126566_udf_CF_2018315132513253_CashFlowsFromUsedInFinancingActivities" xlink:label="Loc_entity00126566_udf_CF_2018315132513253_CashFlowsFromUsedInFinancingActivities" xlink:type="locator" />
    <link:label xlink:type="resource" xlink:role="http://www.xbrl.org/2003/role/label" xlink:label="Label_label_entity00126566_udf_CF_2018315132513253_CashFlowsFromUsedInFinancingActivities_en" xml:lang="en" id="Label_label_entity00126566_udf_CF_2018315132513253_CashFlowsFromUsedInFinancingActivities_en">changes in non-controlling Interest</link:label>
    <link:labelArc xlink:arcrole="http://www.xbrl.org/2003/arcrole/concept-label" xlink:from="Loc_entity00126566_udf_CF_2018315132513253_CashFlowsFromUsedInFinancingActivities" xlink:to="Label_label_entity00126566_udf_CF_2018315132513253_CashFlowsFromUsedInFinancingActivities_en" xlink:type="arc" />
    <link:label xlink:type="resource" xlink:role="http://www.xbrl.org/2003/role/documentation" xlink:label="Label_entity00126566_udf_CF_2018315132513253_CashFlowsFromUsedInFinancingActivities_en_doc" xml:lang="en">
    </link:label>
    <link:labelArc xlink:arcrole="http://www.xbrl.org/2003/arcrole/concept-label" xlink:from="Loc_entity00126566_udf_CF_2018315132513253_CashFlowsFromUsedInFinancingActivities" xlink:to="Label_entity00126566_udf_CF_2018315132513253_CashFlowsFromUsedInFinancingActivities_en_doc" xlink:type="arc" />
    <link:loc xlink:href="../00126566_entry_point_2011-08-18.xsd#entity00126566_udf_CF_2022111017220341_StatementOfCashFlowsAbstract" xlink:label="Loc_entity00126566_udf_CF_2022111017220341_StatementOfCashFlowsAbstract" xlink:type="locator" />
    <link:label xlink:type="resource" xlink:role="http://www.xbrl.org/2003/role/label" xlink:label="Label_label_entity00126566_udf_CF_2022111017220341_StatementOfCashFlowsAbstract_en" xml:lang="en" id="Label_label_entity00126566_udf_CF_2022111017220341_StatementOfCashFlowsAbstract_en">Cash and cash equivalents included in Asset groups classified as held for sale</link:label>
    <link:labelArc xlink:arcrole="http://www.xbrl.org/2003/arcrole/concept-label" xlink:from="Loc_entity00126566_udf_CF_2022111017220341_StatementOfCashFlowsAbstract" xlink:to="Label_label_entity00126566_udf_CF_2022111017220341_StatementOfCashFlowsAbstract_en" xlink:type="arc" />
    <link:label xlink:type="resource" xlink:role="http://www.xbrl.org/2003/role/documentation" xlink:label="Label_entity00126566_udf_CF_2022111017220341_StatementOfCashFlowsAbstract_en_doc" xml:lang="en">
    </link:label>
    <link:labelArc xlink:arcrole="http://www.xbrl.org/2003/arcrole/concept-label" xlink:from="Loc_entity00126566_udf_CF_2022111017220341_StatementOfCashFlowsAbstract" xlink:to="Label_entity00126566_udf_CF_2022111017220341_StatementOfCashFlowsAbstract_en_doc" xlink:type="arc" />
    <link:loc xlink:href="http://dart.fss.or.kr/Resource/Taxonomy/ifrs/2019-10-01/full_ifrs-cor_2019-03-27.xsd#ifrs-full_InvestmentsInSubsidiariesJointVenturesAndAssociates" xlink:label="Loc_ifrs-full_InvestmentsInSubsidiariesJointVenturesAndAssociates" xlink:type="locator" />
    <link:label xlink:type="resource" xlink:role="http://www.xbrl.org/2003/role/label" xlink:label="Label_label_ifrs-full_InvestmentsInSubsidiariesJointVenturesAndAssociates_en" xml:lang="en" id="Label_label_ifrs-full_InvestmentsInSubsidiariesJointVenturesAndAssociates_en">Investments in subsidiaries and associates</link:label>
    <link:labelArc xlink:arcrole="http://www.xbrl.org/2003/arcrole/concept-label" xlink:from="Loc_ifrs-full_InvestmentsInSubsidiariesJointVenturesAndAssociates" xlink:to="Label_label_ifrs-full_InvestmentsInSubsidiariesJointVenturesAndAssociates_en" xlink:type="arc" priority="1" />
    <link:loc xlink:href="../00126566_entry_point_2011-08-18.xsd#entity00126566_udf_BS_2023316211457861_CurrentLiabilities" xlink:label="Loc_entity00126566_udf_BS_2023316211457861_CurrentLiabilities" xlink:type="locator" />
    <link:label xlink:type="resource" xlink:role="http://www.xbrl.org/2003/role/label" xlink:label="Label_label_entity00126566_udf_BS_2023316211457861_CurrentLiabilities_en" xml:lang="en" id="Label_label_entity00126566_udf_BS_2023316211457861_CurrentLiabilities_en">Employee benefits liabilities</link:label>
    <link:labelArc xlink:arcrole="http://www.xbrl.org/2003/arcrole/concept-label" xlink:from="Loc_entity00126566_udf_BS_2023316211457861_CurrentLiabilities" xlink:to="Label_label_entity00126566_udf_BS_2023316211457861_CurrentLiabilities_en" xlink:type="arc" />
    <link:label xlink:type="resource" xlink:role="http://www.xbrl.org/2003/role/documentation" xlink:label="Label_entity00126566_udf_BS_2023316211457861_CurrentLiabilities_en_doc" xml:lang="en">
    </link:label>
    <link:labelArc xlink:arcrole="http://www.xbrl.org/2003/arcrole/concept-label" xlink:from="Loc_entity00126566_udf_BS_2023316211457861_CurrentLiabilities" xlink:to="Label_entity00126566_udf_BS_2023316211457861_CurrentLiabilities_en_doc" xlink:type="arc" />
    <link:loc xlink:href="../00126566_entry_point_2011-08-18.xsd#entity00126566_udf_BS_20188132192496_NoncurrentLiabilities" xlink:label="Loc_entity00126566_udf_BS_20188132192496_NoncurrentLiabilities" xlink:type="locator" />
    <link:label xlink:type="resource" xlink:role="http://www.xbrl.org/2003/role/label" xlink:label="Label_label_entity00126566_udf_BS_20188132192496_NoncurrentLiabilities_en" xml:lang="en" id="Label_label_entity00126566_udf_BS_20188132192496_NoncurrentLiabilities_en">Employee benefits liabilities</link:label>
    <link:labelArc xlink:arcrole="http://www.xbrl.org/2003/arcrole/concept-label" xlink:from="Loc_entity00126566_udf_BS_20188132192496_NoncurrentLiabilities" xlink:to="Label_label_entity00126566_udf_BS_20188132192496_NoncurrentLiabilities_en" xlink:type="arc" />
    <link:label xlink:type="resource" xlink:role="http://www.xbrl.org/2003/role/documentation" xlink:label="Label_entity00126566_udf_BS_20188132192496_NoncurrentLiabilities_en_doc" xml:lang="en">
    </link:label>
    <link:labelArc xlink:arcrole="http://www.xbrl.org/2003/arcrole/concept-label" xlink:from="Loc_entity00126566_udf_BS_20188132192496_NoncurrentLiabilities" xlink:to="Label_entity00126566_udf_BS_20188132192496_NoncurrentLiabilities_en_doc" xlink:type="arc" />
    <link:loc xlink:href="../00126566_entry_point_2011-08-18.xsd#entity00126566_udf_BS_202331618484795_CurrentLiabilities" xlink:label="Loc_entity00126566_udf_BS_202331618484795_CurrentLiabilities" xlink:type="locator" />
    <link:label xlink:type="resource" xlink:role="http://www.xbrl.org/2003/role/label" xlink:label="Label_label_entity00126566_udf_BS_202331618484795_CurrentLiabilities_en" xml:lang="en" id="Label_label_entity00126566_udf_BS_202331618484795_CurrentLiabilities_en">Employee benefits liabilities</link:label>
    <link:labelArc xlink:arcrole="http://www.xbrl.org/2003/arcrole/concept-label" xlink:from="Loc_entity00126566_udf_BS_202331618484795_CurrentLiabilities" xlink:to="Label_label_entity00126566_udf_BS_202331618484795_CurrentLiabilities_en" xlink:type="arc" />
    <link:label xlink:type="resource" xlink:role="http://www.xbrl.org/2003/role/documentation" xlink:label="Label_entity00126566_udf_BS_202331618484795_CurrentLiabilities_en_doc" xml:lang="en">
    </link:label>
    <link:labelArc xlink:arcrole="http://www.xbrl.org/2003/arcrole/concept-label" xlink:from="Loc_entity00126566_udf_BS_202331618484795_CurrentLiabilities" xlink:to="Label_entity00126566_udf_BS_202331618484795_CurrentLiabilities_en_doc" xlink:type="arc" />
    <link:loc xlink:href="../00126566_entry_point_2011-08-18.xsd#entity00126566_udf_BS_201881320585635_NoncurrentLiabilities" xlink:label="Loc_entity00126566_udf_BS_201881320585635_NoncurrentLiabilities" xlink:type="locator" />
    <link:label xlink:type="resource" xlink:role="http://www.xbrl.org/2003/role/label" xlink:label="Label_label_entity00126566_udf_BS_201881320585635_NoncurrentLiabilities_en" xml:lang="en" id="Label_label_entity00126566_udf_BS_201881320585635_NoncurrentLiabilities_en">Employee benefits liabilities</link:label>
    <link:labelArc xlink:arcrole="http://www.xbrl.org/2003/arcrole/concept-label" xlink:from="Loc_entity00126566_udf_BS_201881320585635_NoncurrentLiabilities" xlink:to="Label_label_entity00126566_udf_BS_201881320585635_NoncurrentLiabilities_en" xlink:type="arc" />
    <link:label xlink:type="resource" xlink:role="http://www.xbrl.org/2003/role/documentation" xlink:label="Label_entity00126566_udf_BS_201881320585635_NoncurrentLiabilities_en_doc" xml:lang="en">
    </link:label>
    <link:labelArc xlink:arcrole="http://www.xbrl.org/2003/arcrole/concept-label" xlink:from="Loc_entity00126566_udf_BS_201881320585635_NoncurrentLiabilities" xlink:to="Label_entity00126566_udf_BS_201881320585635_NoncurrentLiabilities_en_doc" xlink:type="arc" />
  </link:labelLink>
</link:linkbase>