<?xml version="1.0" encoding="UTF-8"?>
<!-- Generated by DART -->
<link:linkbase xmlns:link="http://www.xbrl.org/2003/linkbase" xmlns:xlink="http://www.w3.org/1999/xlink" xmlns:xsi="http://www.w3.org/2001/XMLSchema-instance" xmlns:xbrli="http://www.xbrl.org/2003/instance" xsi:schemaLocation="http://www.xbrl.org/2003/linkbase http://www.xbrl.org/2003/xbrl-linkbase-2003-12-31.xsd">
  <link:roleRef roleURI="http://www.xbrl.org/2009/role/negatedLabel" xlink:type="simple" xlink:href="http://www.xbrl.org/lrr/role/negated-2009-12-16.xsd#negatedLabel" />
  <link:roleRef roleURI="http://www.xbrl.org/2009/role/negatedTerseLabel" xlink:type="simple" xlink:href="http://www.xbrl.org/lrr/role/negated-2009-12-16.xsd#negatedTerseLabel" />
  <link:roleRef roleURI="http://www.xbrl.org/2009/role/negatedTotalLabel" xlink:type="simple" xlink:href="http://www.xbrl.org/lrr/role/negated-2009-12-16.xsd#negatedTotalLabel" />
  <link:roleRef roleURI="http://www.xbrl.org/2009/role/negatedPeriodStartLabel" xlink:type="simple" xlink:href="http://www.xbrl.org/lrr/role/negated-2009-12-16.xsd#negatedPeriodStartLabel" />
  <link:roleRef roleURI="http://www.xbrl.org/2009/role/negatedPeriodEndLabel" xlink:type="simple" xlink:href="http://www.xbrl.org/lrr/role/negated-2009-12-16.xsd#negatedPeriodEndLabel" />
  <link:roleRef roleURI="http://www.xbrl.org/2009/role/netLabel" xlink:type="simple" xlink:href="http://www.xbrl.org/lrr/role/net-2009-12-16.xsd#netLabel" />
  <link:roleRef roleURI="http://dart.fss.or.kr/role/2019-10-01/ifrs/dart_label" xlink:type="simple" xlink:href="http://dart.fss.or.kr/Resource/Taxonomy/ifrs/2019-10-01/ifrs_for_dart/rol_dart-label_2019-10-01.xsd#dartLabel" />
  <link:labelLink xlink:type="extended" xlink:role="http://www.xbrl.org/2003/role/link">
    <link:loc xlink:href="../00126478_entry_point_2011-05-14.xsd#entity00126478_udf_CE_2023337586389_StatementOfChangesInEquityLineItems" xlink:label="Loc_entity00126478_udf_CE_2023337586389_StatementOfChangesInEquityLineItems" xlink:type="locator" />
    <link:label xlink:type="resource" xlink:role="http://www.xbrl.org/2003/role/label" xlink:label="Label_label_entity00126478_udf_CE_2023337586389_StatementOfChangesInEquityLineItems_en" xml:lang="en" id="Label_label_entity00126478_udf_CE_2023337586389_StatementOfChangesInEquityLineItems_en">Other comprehensive income, before tax, gains (losses) on remeasurements of defined benefit plans(debt)</link:label>
    <link:labelArc xlink:arcrole="http://www.xbrl.org/2003/arcrole/concept-label" xlink:from="Loc_entity00126478_udf_CE_2023337586389_StatementOfChangesInEquityLineItems" xlink:to="Label_label_entity00126478_udf_CE_2023337586389_StatementOfChangesInEquityLineItems_en" xlink:type="arc" />
    <link:label xlink:type="resource" xlink:role="http://www.xbrl.org/2003/role/documentation" xlink:label="Label_entity00126478_udf_CE_2023337586389_StatementOfChangesInEquityLineItems_en_doc" xml:lang="en">
    </link:label>
    <link:labelArc xlink:arcrole="http://www.xbrl.org/2003/arcrole/concept-label" xlink:from="Loc_entity00126478_udf_CE_2023337586389_StatementOfChangesInEquityLineItems" xlink:to="Label_entity00126478_udf_CE_2023337586389_StatementOfChangesInEquityLineItems_en_doc" xlink:type="arc" />
    <link:loc xlink:href="../00126478_entry_point_2011-05-14.xsd#entity00126478_udf_CE_20233375810741_StatementOfChangesInEquityLineItems" xlink:label="Loc_entity00126478_udf_CE_20233375810741_StatementOfChangesInEquityLineItems" xlink:type="locator" />
    <link:label xlink:type="resource" xlink:role="http://www.xbrl.org/2003/role/label" xlink:label="Label_label_entity00126478_udf_CE_20233375810741_StatementOfChangesInEquityLineItems_en" xml:lang="en" id="Label_label_entity00126478_udf_CE_20233375810741_StatementOfChangesInEquityLineItems_en">Other comprehensive income, before tax, gains (losses) on remeasurements of defined benefit plans(asset)</link:label>
    <link:labelArc xlink:arcrole="http://www.xbrl.org/2003/arcrole/concept-label" xlink:from="Loc_entity00126478_udf_CE_20233375810741_StatementOfChangesInEquityLineItems" xlink:to="Label_label_entity00126478_udf_CE_20233375810741_StatementOfChangesInEquityLineItems_en" xlink:type="arc" />
    <link:label xlink:type="resource" xlink:role="http://www.xbrl.org/2003/role/documentation" xlink:label="Label_entity00126478_udf_CE_20233375810741_StatementOfChangesInEquityLineItems_en_doc" xml:lang="en">
    </link:label>
    <link:labelArc xlink:arcrole="http://www.xbrl.org/2003/arcrole/concept-label" xlink:from="Loc_entity00126478_udf_CE_20233375810741_StatementOfChangesInEquityLineItems" xlink:to="Label_entity00126478_udf_CE_20233375810741_StatementOfChangesInEquityLineItems_en_doc" xlink:type="arc" />
    <link:loc xlink:href="../00126478_entry_point_2011-05-14.xsd#entity00126478_udf_CE_2023337581728_StatementOfChangesInEquityLineItems" xlink:label="Loc_entity00126478_udf_CE_2023337581728_StatementOfChangesInEquityLineItems" xlink:type="locator" />
    <link:label xlink:type="resource" xlink:role="http://www.xbrl.org/2003/role/label" xlink:label="Label_label_entity00126478_udf_CE_2023337581728_StatementOfChangesInEquityLineItems_en" xml:lang="en" id="Label_label_entity00126478_udf_CE_2023337581728_StatementOfChangesInEquityLineItems_en">Increase of Revaluated retained earning</link:label>
    <link:labelArc xlink:arcrole="http://www.xbrl.org/2003/arcrole/concept-label" xlink:from="Loc_entity00126478_udf_CE_2023337581728_StatementOfChangesInEquityLineItems" xlink:to="Label_label_entity00126478_udf_CE_2023337581728_StatementOfChangesInEquityLineItems_en" xlink:type="arc" />
    <link:label xlink:type="resource" xlink:role="http://www.xbrl.org/2003/role/documentation" xlink:label="Label_entity00126478_udf_CE_2023337581728_StatementOfChangesInEquityLineItems_en_doc" xml:lang="en">
    </link:label>
    <link:labelArc xlink:arcrole="http://www.xbrl.org/2003/arcrole/concept-label" xlink:from="Loc_entity00126478_udf_CE_2023337581728_StatementOfChangesInEquityLineItems" xlink:to="Label_entity00126478_udf_CE_2023337581728_StatementOfChangesInEquityLineItems_en_doc" xlink:type="arc" />
    <link:loc xlink:href="../00126478_entry_point_2011-05-14.xsd#entity00126478_udf_CE_2023337582184_StatementOfChangesInEquityLineItems" xlink:label="Loc_entity00126478_udf_CE_2023337582184_StatementOfChangesInEquityLineItems" xlink:type="locator" />
    <link:label xlink:type="resource" xlink:role="http://www.xbrl.org/2003/role/label" xlink:label="Label_label_entity00126478_udf_CE_2023337582184_StatementOfChangesInEquityLineItems_en" xml:lang="en" id="Label_label_entity00126478_udf_CE_2023337582184_StatementOfChangesInEquityLineItems_en">Decrease of Revaluated retained earning</link:label>
    <link:labelArc xlink:arcrole="http://www.xbrl.org/2003/arcrole/concept-label" xlink:from="Loc_entity00126478_udf_CE_2023337582184_StatementOfChangesInEquityLineItems" xlink:to="Label_label_entity00126478_udf_CE_2023337582184_StatementOfChangesInEquityLineItems_en" xlink:type="arc" />
    <link:label xlink:type="resource" xlink:role="http://www.xbrl.org/2003/role/documentation" xlink:label="Label_entity00126478_udf_CE_2023337582184_StatementOfChangesInEquityLineItems_en_doc" xml:lang="en">
    </link:label>
    <link:labelArc xlink:arcrole="http://www.xbrl.org/2003/arcrole/concept-label" xlink:from="Loc_entity00126478_udf_CE_2023337582184_StatementOfChangesInEquityLineItems" xlink:to="Label_entity00126478_udf_CE_2023337582184_StatementOfChangesInEquityLineItems_en_doc" xlink:type="arc" />
    <link:loc xlink:href="../00126478_entry_point_2011-05-14.xsd#entity00126478_udf_CE_202138194357904_StatementOfChangesInEquityLineItems" xlink:label="Loc_entity00126478_udf_CE_202138194357904_StatementOfChangesInEquityLineItems" xlink:type="locator" />
    <link:label xlink:type="resource" xlink:role="http://www.xbrl.org/2003/role/label" xlink:label="Label_label_entity00126478_udf_CE_202138194357904_StatementOfChangesInEquityLineItems_en" xml:lang="en" id="Label_label_entity00126478_udf_CE_202138194357904_StatementOfChangesInEquityLineItems_en">Reclassification of revaluated retained earning</link:label>
    <link:labelArc xlink:arcrole="http://www.xbrl.org/2003/arcrole/concept-label" xlink:from="Loc_entity00126478_udf_CE_202138194357904_StatementOfChangesInEquityLineItems" xlink:to="Label_label_entity00126478_udf_CE_202138194357904_StatementOfChangesInEquityLineItems_en" xlink:type="arc" />
    <link:label xlink:type="resource" xlink:role="http://www.xbrl.org/2003/role/documentation" xlink:label="Label_entity00126478_udf_CE_202138194357904_StatementOfChangesInEquityLineItems_en_doc" xml:lang="en">
    </link:label>
    <link:labelArc xlink:arcrole="http://www.xbrl.org/2003/arcrole/concept-label" xlink:from="Loc_entity00126478_udf_CE_202138194357904_StatementOfChangesInEquityLineItems" xlink:to="Label_entity00126478_udf_CE_202138194357904_StatementOfChangesInEquityLineItems_en_doc" xlink:type="arc" />
    <link:loc xlink:href="../00126478_entry_point_2011-05-14.xsd#entity00126478_udf_CE_2023337358930_StatementOfChangesInEquityLineItems" xlink:label="Loc_entity00126478_udf_CE_2023337358930_StatementOfChangesInEquityLineItems" xlink:type="locator" />
    <link:label xlink:type="resource" xlink:role="http://www.xbrl.org/2003/role/label" xlink:label="Label_label_entity00126478_udf_CE_2023337358930_StatementOfChangesInEquityLineItems_en" xml:lang="en" id="Label_label_entity00126478_udf_CE_2023337358930_StatementOfChangesInEquityLineItems_en">Other comprehensive income, before tax, gains (losses) on remeasurements of defined benefit plans(debt)</link:label>
    <link:labelArc xlink:arcrole="http://www.xbrl.org/2003/arcrole/concept-label" xlink:from="Loc_entity00126478_udf_CE_2023337358930_StatementOfChangesInEquityLineItems" xlink:to="Label_label_entity00126478_udf_CE_2023337358930_StatementOfChangesInEquityLineItems_en" xlink:type="arc" />
    <link:label xlink:type="resource" xlink:role="http://www.xbrl.org/2003/role/documentation" xlink:label="Label_entity00126478_udf_CE_2023337358930_StatementOfChangesInEquityLineItems_en_doc" xml:lang="en">
    </link:label>
    <link:labelArc xlink:arcrole="http://www.xbrl.org/2003/arcrole/concept-label" xlink:from="Loc_entity00126478_udf_CE_2023337358930_StatementOfChangesInEquityLineItems" xlink:to="Label_entity00126478_udf_CE_2023337358930_StatementOfChangesInEquityLineItems_en_doc" xlink:type="arc" />
    <link:loc xlink:href="../00126478_entry_point_2011-05-14.xsd#entity00126478_udf_CE_202333755673_StatementOfChangesInEquityLineItems" xlink:label="Loc_entity00126478_udf_CE_202333755673_StatementOfChangesInEquityLineItems" xlink:type="locator" />
    <link:label xlink:type="resource" xlink:role="http://www.xbrl.org/2003/role/label" xlink:label="Label_label_entity00126478_udf_CE_202333755673_StatementOfChangesInEquityLineItems_en" xml:lang="en" id="Label_label_entity00126478_udf_CE_202333755673_StatementOfChangesInEquityLineItems_en">Other comprehensive income, before tax, gains (losses) on remeasurements of defined benefit plans(asset)</link:label>
    <link:labelArc xlink:arcrole="http://www.xbrl.org/2003/arcrole/concept-label" xlink:from="Loc_entity00126478_udf_CE_202333755673_StatementOfChangesInEquityLineItems" xlink:to="Label_label_entity00126478_udf_CE_202333755673_StatementOfChangesInEquityLineItems_en" xlink:type="arc" />
    <link:label xlink:type="resource" xlink:role="http://www.xbrl.org/2003/role/documentation" xlink:label="Label_entity00126478_udf_CE_202333755673_StatementOfChangesInEquityLineItems_en_doc" xml:lang="en">
    </link:label>
    <link:labelArc xlink:arcrole="http://www.xbrl.org/2003/arcrole/concept-label" xlink:from="Loc_entity00126478_udf_CE_202333755673_StatementOfChangesInEquityLineItems" xlink:to="Label_entity00126478_udf_CE_202333755673_StatementOfChangesInEquityLineItems_en_doc" xlink:type="arc" />
    <link:loc xlink:href="../00126478_entry_point_2011-05-14.xsd#entity00126478_udf_CE_2023337535945_StatementOfChangesInEquityLineItems" xlink:label="Loc_entity00126478_udf_CE_2023337535945_StatementOfChangesInEquityLineItems" xlink:type="locator" />
    <link:label xlink:type="resource" xlink:role="http://www.xbrl.org/2003/role/label" xlink:label="Label_label_entity00126478_udf_CE_2023337535945_StatementOfChangesInEquityLineItems_en" xml:lang="en" id="Label_label_entity00126478_udf_CE_2023337535945_StatementOfChangesInEquityLineItems_en">Increase of Revaluated retained earning</link:label>
    <link:labelArc xlink:arcrole="http://www.xbrl.org/2003/arcrole/concept-label" xlink:from="Loc_entity00126478_udf_CE_2023337535945_StatementOfChangesInEquityLineItems" xlink:to="Label_label_entity00126478_udf_CE_2023337535945_StatementOfChangesInEquityLineItems_en" xlink:type="arc" />
    <link:label xlink:type="resource" xlink:role="http://www.xbrl.org/2003/role/documentation" xlink:label="Label_entity00126478_udf_CE_2023337535945_StatementOfChangesInEquityLineItems_en_doc" xml:lang="en">
    </link:label>
    <link:labelArc xlink:arcrole="http://www.xbrl.org/2003/arcrole/concept-label" xlink:from="Loc_entity00126478_udf_CE_2023337535945_StatementOfChangesInEquityLineItems" xlink:to="Label_entity00126478_udf_CE_2023337535945_StatementOfChangesInEquityLineItems_en_doc" xlink:type="arc" />
    <link:loc xlink:href="../00126478_entry_point_2011-05-14.xsd#entity00126478_udf_CE_2023337551248_StatementOfChangesInEquityLineItems" xlink:label="Loc_entity00126478_udf_CE_2023337551248_StatementOfChangesInEquityLineItems" xlink:type="locator" />
    <link:label xlink:type="resource" xlink:role="http://www.xbrl.org/2003/role/label" xlink:label="Label_label_entity00126478_udf_CE_2023337551248_StatementOfChangesInEquityLineItems_en" xml:lang="en" id="Label_label_entity00126478_udf_CE_2023337551248_StatementOfChangesInEquityLineItems_en">Decrease of Revaluated retained earning</link:label>
    <link:labelArc xlink:arcrole="http://www.xbrl.org/2003/arcrole/concept-label" xlink:from="Loc_entity00126478_udf_CE_2023337551248_StatementOfChangesInEquityLineItems" xlink:to="Label_label_entity00126478_udf_CE_2023337551248_StatementOfChangesInEquityLineItems_en" xlink:type="arc" />
    <link:label xlink:type="resource" xlink:role="http://www.xbrl.org/2003/role/documentation" xlink:label="Label_entity00126478_udf_CE_2023337551248_StatementOfChangesInEquityLineItems_en_doc" xml:lang="en">
    </link:label>
    <link:labelArc xlink:arcrole="http://www.xbrl.org/2003/arcrole/concept-label" xlink:from="Loc_entity00126478_udf_CE_2023337551248_StatementOfChangesInEquityLineItems" xlink:to="Label_entity00126478_udf_CE_2023337551248_StatementOfChangesInEquityLineItems_en_doc" xlink:type="arc" />
    <link:loc xlink:href="../00126478_entry_point_2011-05-14.xsd#entity00126478_udf_CE_20215719738101_StatementOfChangesInEquityLineItems" xlink:label="Loc_entity00126478_udf_CE_20215719738101_StatementOfChangesInEquityLineItems" xlink:type="locator" />
    <link:label xlink:type="resource" xlink:role="http://www.xbrl.org/2003/role/label" xlink:label="Label_label_entity00126478_udf_CE_20215719738101_StatementOfChangesInEquityLineItems_en" xml:lang="en" id="Label_label_entity00126478_udf_CE_20215719738101_StatementOfChangesInEquityLineItems_en">Changes in equity related to associates and joint ventures accounted for using equity method</link:label>
    <link:labelArc xlink:arcrole="http://www.xbrl.org/2003/arcrole/concept-label" xlink:from="Loc_entity00126478_udf_CE_20215719738101_StatementOfChangesInEquityLineItems" xlink:to="Label_label_entity00126478_udf_CE_20215719738101_StatementOfChangesInEquityLineItems_en" xlink:type="arc" />
    <link:label xlink:type="resource" xlink:role="http://www.xbrl.org/2003/role/documentation" xlink:label="Label_entity00126478_udf_CE_20215719738101_StatementOfChangesInEquityLineItems_en_doc" xml:lang="en">
    </link:label>
    <link:labelArc xlink:arcrole="http://www.xbrl.org/2003/arcrole/concept-label" xlink:from="Loc_entity00126478_udf_CE_20215719738101_StatementOfChangesInEquityLineItems" xlink:to="Label_entity00126478_udf_CE_20215719738101_StatementOfChangesInEquityLineItems_en_doc" xlink:type="arc" />
    <link:loc xlink:href="../00126478_entry_point_2011-05-14.xsd#entity00126478_udf_CE_202132163521282_StatementOfChangesInEquityLineItems" xlink:label="Loc_entity00126478_udf_CE_202132163521282_StatementOfChangesInEquityLineItems" xlink:type="locator" />
    <link:label xlink:type="resource" xlink:role="http://www.xbrl.org/2003/role/label" xlink:label="Label_label_entity00126478_udf_CE_202132163521282_StatementOfChangesInEquityLineItems_en" xml:lang="en" id="Label_label_entity00126478_udf_CE_202132163521282_StatementOfChangesInEquityLineItems_en">Reclassification of revaluated retained earning</link:label>
    <link:labelArc xlink:arcrole="http://www.xbrl.org/2003/arcrole/concept-label" xlink:from="Loc_entity00126478_udf_CE_202132163521282_StatementOfChangesInEquityLineItems" xlink:to="Label_label_entity00126478_udf_CE_202132163521282_StatementOfChangesInEquityLineItems_en" xlink:type="arc" />
    <link:label xlink:type="resource" xlink:role="http://www.xbrl.org/2003/role/documentation" xlink:label="Label_entity00126478_udf_CE_202132163521282_StatementOfChangesInEquityLineItems_en_doc" xml:lang="en">
    </link:label>
    <link:labelArc xlink:arcrole="http://www.xbrl.org/2003/arcrole/concept-label" xlink:from="Loc_entity00126478_udf_CE_202132163521282_StatementOfChangesInEquityLineItems" xlink:to="Label_entity00126478_udf_CE_202132163521282_StatementOfChangesInEquityLineItems_en_doc" xlink:type="arc" />
    <link:loc xlink:href="http://dart.fss.or.kr/Resource/Taxonomy/ifrs/2019-10-01/dart_2019-10-01.xsd#dart_ProceedsFromBonds" xlink:label="Loc_dart_ProceedsFromBonds" xlink:type="locator" />
    <link:label xlink:type="resource" xlink:role="http://www.xbrl.org/2003/role/label" xlink:label="Label_label_dart_ProceedsFromBonds_en" xml:lang="en" id="Label_label_dart_ProceedsFromBonds_en">Proceeds from bonds (short term)</link:label>
    <link:labelArc xlink:arcrole="http://www.xbrl.org/2003/arcrole/concept-label" xlink:from="Loc_dart_ProceedsFromBonds" xlink:to="Label_label_dart_ProceedsFromBonds_en" xlink:type="arc" priority="1" />
    <link:loc xlink:href="../00126478_entry_point_2011-05-14.xsd#entity00126478_udf_CF_2022113174824107_CashFlowsFromUsedInFinancingActivities" xlink:label="Loc_entity00126478_udf_CF_2022113174824107_CashFlowsFromUsedInFinancingActivities" xlink:type="locator" />
    <link:label xlink:type="resource" xlink:role="http://www.xbrl.org/2003/role/label" xlink:label="Label_label_entity00126478_udf_CF_2022113174824107_CashFlowsFromUsedInFinancingActivities_en" xml:lang="en" id="Label_label_entity00126478_udf_CF_2022113174824107_CashFlowsFromUsedInFinancingActivities_en">Expenses related to stock redemption without refund</link:label>
    <link:labelArc xlink:arcrole="http://www.xbrl.org/2003/arcrole/concept-label" xlink:from="Loc_entity00126478_udf_CF_2022113174824107_CashFlowsFromUsedInFinancingActivities" xlink:to="Label_label_entity00126478_udf_CF_2022113174824107_CashFlowsFromUsedInFinancingActivities_en" xlink:type="arc" />
    <link:label xlink:type="resource" xlink:role="http://www.xbrl.org/2003/role/documentation" xlink:label="Label_entity00126478_udf_CF_2022113174824107_CashFlowsFromUsedInFinancingActivities_en_doc" xml:lang="en">
    </link:label>
    <link:labelArc xlink:arcrole="http://www.xbrl.org/2003/arcrole/concept-label" xlink:from="Loc_entity00126478_udf_CF_2022113174824107_CashFlowsFromUsedInFinancingActivities" xlink:to="Label_entity00126478_udf_CF_2022113174824107_CashFlowsFromUsedInFinancingActivities_en_doc" xlink:type="arc" />
    <link:loc xlink:href="../00126478_entry_point_2011-05-14.xsd#entity00126478_udf_CF_2022113171849781_CashFlowsFromUsedInFinancingActivities" xlink:label="Loc_entity00126478_udf_CF_2022113171849781_CashFlowsFromUsedInFinancingActivities" xlink:type="locator" />
    <link:label xlink:type="resource" xlink:role="http://www.xbrl.org/2003/role/label" xlink:label="Label_label_entity00126478_udf_CF_2022113171849781_CashFlowsFromUsedInFinancingActivities_en" xml:lang="en" id="Label_label_entity00126478_udf_CF_2022113171849781_CashFlowsFromUsedInFinancingActivities_en">Expenses related to stock redemption without refund</link:label>
    <link:labelArc xlink:arcrole="http://www.xbrl.org/2003/arcrole/concept-label" xlink:from="Loc_entity00126478_udf_CF_2022113171849781_CashFlowsFromUsedInFinancingActivities" xlink:to="Label_label_entity00126478_udf_CF_2022113171849781_CashFlowsFromUsedInFinancingActivities_en" xlink:type="arc" />
    <link:label xlink:type="resource" xlink:role="http://www.xbrl.org/2003/role/documentation" xlink:label="Label_entity00126478_udf_CF_2022113171849781_CashFlowsFromUsedInFinancingActivities_en_doc" xml:lang="en">
    </link:label>
    <link:labelArc xlink:arcrole="http://www.xbrl.org/2003/arcrole/concept-label" xlink:from="Loc_entity00126478_udf_CF_2022113171849781_CashFlowsFromUsedInFinancingActivities" xlink:to="Label_entity00126478_udf_CF_2022113171849781_CashFlowsFromUsedInFinancingActivities_en_doc" xlink:type="arc" />
    <link:loc xlink:href="../00126478_entry_point_2011-05-14.xsd#entity00126478_udf_CF_20228917210578_CashFlowsFromUsedInFinancingActivities" xlink:label="Loc_entity00126478_udf_CF_20228917210578_CashFlowsFromUsedInFinancingActivities" xlink:type="locator" />
    <link:label xlink:type="resource" xlink:role="http://www.xbrl.org/2003/role/label" xlink:label="Label_label_entity00126478_udf_CF_20228917210578_CashFlowsFromUsedInFinancingActivities_en" xml:lang="en" id="Label_label_entity00126478_udf_CF_20228917210578_CashFlowsFromUsedInFinancingActivities_en">Increase of non controlling interest</link:label>
    <link:labelArc xlink:arcrole="http://www.xbrl.org/2003/arcrole/concept-label" xlink:from="Loc_entity00126478_udf_CF_20228917210578_CashFlowsFromUsedInFinancingActivities" xlink:to="Label_label_entity00126478_udf_CF_20228917210578_CashFlowsFromUsedInFinancingActivities_en" xlink:type="arc" />
    <link:label xlink:type="resource" xlink:role="http://www.xbrl.org/2003/role/documentation" xlink:label="Label_entity00126478_udf_CF_20228917210578_CashFlowsFromUsedInFinancingActivities_en_doc" xml:lang="en">
    </link:label>
    <link:labelArc xlink:arcrole="http://www.xbrl.org/2003/arcrole/concept-label" xlink:from="Loc_entity00126478_udf_CF_20228917210578_CashFlowsFromUsedInFinancingActivities" xlink:to="Label_entity00126478_udf_CF_20228917210578_CashFlowsFromUsedInFinancingActivities_en_doc" xlink:type="arc" />
    <link:loc xlink:href="../00126478_entry_point_2011-05-14.xsd#entity00126478_udf_IS_202132154840364_IncomeStatementAbstract" xlink:label="Loc_entity00126478_udf_IS_202132154840364_IncomeStatementAbstract" xlink:type="locator" />
    <link:label xlink:type="resource" xlink:role="http://www.xbrl.org/2003/role/label" xlink:label="Label_label_entity00126478_udf_IS_202132154840364_IncomeStatementAbstract_en" xml:lang="en" id="Label_label_entity00126478_udf_IS_202132154840364_IncomeStatementAbstract_en">Losses of associates and joint ventures accounted for using equity method</link:label>
    <link:labelArc xlink:arcrole="http://www.xbrl.org/2003/arcrole/concept-label" xlink:from="Loc_entity00126478_udf_IS_202132154840364_IncomeStatementAbstract" xlink:to="Label_label_entity00126478_udf_IS_202132154840364_IncomeStatementAbstract_en" xlink:type="arc" />
    <link:label xlink:type="resource" xlink:role="http://www.xbrl.org/2003/role/documentation" xlink:label="Label_entity00126478_udf_IS_202132154840364_IncomeStatementAbstract_en_doc" xml:lang="en">
    </link:label>
    <link:labelArc xlink:arcrole="http://www.xbrl.org/2003/arcrole/concept-label" xlink:from="Loc_entity00126478_udf_IS_202132154840364_IncomeStatementAbstract" xlink:to="Label_entity00126478_udf_IS_202132154840364_IncomeStatementAbstract_en_doc" xlink:type="arc" />
    <link:loc xlink:href="http://dart.fss.or.kr/Resource/Taxonomy/ifrs/2019-10-01/dart_2019-10-01.xsd#dart_OtherNonCurrentLiabilities" xlink:label="Loc_dart_OtherNonCurrentLiabilities" xlink:type="locator" />
    <link:label xlink:type="resource" xlink:role="http://www.xbrl.org/2003/role/label" xlink:label="Label_label_dart_OtherNonCurrentLiabilities_en" xml:lang="en" id="Label_label_dart_OtherNonCurrentLiabilities_en">Warrenty Provision</link:label>
    <link:labelArc xlink:arcrole="http://www.xbrl.org/2003/arcrole/concept-label" xlink:from="Loc_dart_OtherNonCurrentLiabilities" xlink:to="Label_label_dart_OtherNonCurrentLiabilities_en" xlink:type="arc" priority="1" />
    <link:loc xlink:href="../00126478_entry_point_2011-05-14.xsd#entity00126478_udf_BS_202222892525236_CurrentLiabilities" xlink:label="Loc_entity00126478_udf_BS_202222892525236_CurrentLiabilities" xlink:type="locator" />
    <link:label xlink:type="resource" xlink:role="http://www.xbrl.org/2003/role/label" xlink:label="Label_label_entity00126478_udf_BS_202222892525236_CurrentLiabilities_en" xml:lang="en" id="Label_label_entity00126478_udf_BS_202222892525236_CurrentLiabilities_en">Liabilities directly related to assets which is classified for sale</link:label>
    <link:labelArc xlink:arcrole="http://www.xbrl.org/2003/arcrole/concept-label" xlink:from="Loc_entity00126478_udf_BS_202222892525236_CurrentLiabilities" xlink:to="Label_label_entity00126478_udf_BS_202222892525236_CurrentLiabilities_en" xlink:type="arc" />
    <link:label xlink:type="resource" xlink:role="http://www.xbrl.org/2003/role/documentation" xlink:label="Label_entity00126478_udf_BS_202222892525236_CurrentLiabilities_en_doc" xml:lang="en">
    </link:label>
    <link:labelArc xlink:arcrole="http://www.xbrl.org/2003/arcrole/concept-label" xlink:from="Loc_entity00126478_udf_BS_202222892525236_CurrentLiabilities" xlink:to="Label_entity00126478_udf_BS_202222892525236_CurrentLiabilities_en_doc" xlink:type="arc" />
  </link:labelLink>
</link:linkbase>