<?xml version="1.0" encoding="UTF-8"?>
<!-- Generated by DART -->
<link:linkbase xmlns:link="http://www.xbrl.org/2003/linkbase" xmlns:xlink="http://www.w3.org/1999/xlink" xmlns:xsi="http://www.w3.org/2001/XMLSchema-instance" xmlns:xbrli="http://www.xbrl.org/2003/instance" xsi:schemaLocation="http://www.xbrl.org/2003/linkbase http://www.xbrl.org/2003/xbrl-linkbase-2003-12-31.xsd">
  <link:roleRef roleURI="http://www.xbrl.org/2009/role/negatedLabel" xlink:type="simple" xlink:href="http://www.xbrl.org/lrr/role/negated-2009-12-16.xsd#negatedLabel" />
  <link:roleRef roleURI="http://www.xbrl.org/2009/role/negatedTerseLabel" xlink:type="simple" xlink:href="http://www.xbrl.org/lrr/role/negated-2009-12-16.xsd#negatedTerseLabel" />
  <link:roleRef roleURI="http://www.xbrl.org/2009/role/negatedTotalLabel" xlink:type="simple" xlink:href="http://www.xbrl.org/lrr/role/negated-2009-12-16.xsd#negatedTotalLabel" />
  <link:roleRef roleURI="http://www.xbrl.org/2009/role/negatedPeriodStartLabel" xlink:type="simple" xlink:href="http://www.xbrl.org/lrr/role/negated-2009-12-16.xsd#negatedPeriodStartLabel" />
  <link:roleRef roleURI="http://www.xbrl.org/2009/role/negatedPeriodEndLabel" xlink:type="simple" xlink:href="http://www.xbrl.org/lrr/role/negated-2009-12-16.xsd#negatedPeriodEndLabel" />
  <link:roleRef roleURI="http://www.xbrl.org/2009/role/netLabel" xlink:type="simple" xlink:href="http://www.xbrl.org/lrr/role/net-2009-12-16.xsd#netLabel" />
  <link:roleRef roleURI="http://dart.fss.or.kr/role/2019-10-01/ifrs/dart_label" xlink:type="simple" xlink:href="http://dart.fss.or.kr/Resource/Taxonomy/ifrs/2019-10-01/ifrs_for_dart/rol_dart-label_2019-10-01.xsd#dartLabel" />
  <link:labelLink xlink:type="extended" xlink:role="http://www.xbrl.org/2003/role/link">
    <link:loc xlink:href="../00106368_entry_point_2012-03-13.xsd#entity00106368_udf_CE_202322495928743_StatementOfChangesInEquityLineItems" xlink:label="Loc_entity00106368_udf_CE_202322495928743_StatementOfChangesInEquityLineItems" xlink:type="locator" />
    <link:label xlink:type="resource" xlink:role="http://www.xbrl.org/2003/role/label" xlink:label="Label_label_entity00106368_udf_CE_202322495928743_StatementOfChangesInEquityLineItems_en" xml:lang="en" id="Label_label_entity00106368_udf_CE_202322495928743_StatementOfChangesInEquityLineItems_en">Acquisition of treasury stocks</link:label>
    <link:labelArc xlink:arcrole="http://www.xbrl.org/2003/arcrole/concept-label" xlink:from="Loc_entity00106368_udf_CE_202322495928743_StatementOfChangesInEquityLineItems" xlink:to="Label_label_entity00106368_udf_CE_202322495928743_StatementOfChangesInEquityLineItems_en" xlink:type="arc" />
    <link:label xlink:type="resource" xlink:role="http://www.xbrl.org/2003/role/documentation" xlink:label="Label_entity00106368_udf_CE_202322495928743_StatementOfChangesInEquityLineItems_en_doc" xml:lang="en">
    </link:label>
    <link:labelArc xlink:arcrole="http://www.xbrl.org/2003/arcrole/concept-label" xlink:from="Loc_entity00106368_udf_CE_202322495928743_StatementOfChangesInEquityLineItems" xlink:to="Label_entity00106368_udf_CE_202322495928743_StatementOfChangesInEquityLineItems_en_doc" xlink:type="arc" />
    <link:loc xlink:href="http://dart.fss.or.kr/Resource/Taxonomy/ifrs/2019-10-01/dart_2019-10-01.xsd#dart_TreasuryShareTransactions" xlink:label="Loc_dart_TreasuryShareTransactions" xlink:type="locator" />
    <link:label xlink:type="resource" xlink:role="http://www.xbrl.org/2003/role/label" xlink:label="Label_label_dart_TreasuryShareTransactions_en" xml:lang="en" id="Label_label_dart_TreasuryShareTransactions_en">Disposal of treasury shares</link:label>
    <link:labelArc xlink:arcrole="http://www.xbrl.org/2003/arcrole/concept-label" xlink:from="Loc_dart_TreasuryShareTransactions" xlink:to="Label_label_dart_TreasuryShareTransactions_en" xlink:type="arc" priority="1" />
    <link:loc xlink:href="../00106368_entry_point_2012-03-13.xsd#entity00106368_udf_CE_2023227135059339_StatementOfChangesInEquityLineItems" xlink:label="Loc_entity00106368_udf_CE_2023227135059339_StatementOfChangesInEquityLineItems" xlink:type="locator" />
    <link:label xlink:type="resource" xlink:role="http://www.xbrl.org/2003/role/label" xlink:label="Label_label_entity00106368_udf_CE_2023227135059339_StatementOfChangesInEquityLineItems_en" xml:lang="en" id="Label_label_entity00106368_udf_CE_2023227135059339_StatementOfChangesInEquityLineItems_en">Retirement of treasury shares</link:label>
    <link:labelArc xlink:arcrole="http://www.xbrl.org/2003/arcrole/concept-label" xlink:from="Loc_entity00106368_udf_CE_2023227135059339_StatementOfChangesInEquityLineItems" xlink:to="Label_label_entity00106368_udf_CE_2023227135059339_StatementOfChangesInEquityLineItems_en" xlink:type="arc" />
    <link:label xlink:type="resource" xlink:role="http://www.xbrl.org/2003/role/documentation" xlink:label="Label_entity00106368_udf_CE_2023227135059339_StatementOfChangesInEquityLineItems_en_doc" xml:lang="en">
    </link:label>
    <link:labelArc xlink:arcrole="http://www.xbrl.org/2003/arcrole/concept-label" xlink:from="Loc_entity00106368_udf_CE_2023227135059339_StatementOfChangesInEquityLineItems" xlink:to="Label_entity00106368_udf_CE_2023227135059339_StatementOfChangesInEquityLineItems_en_doc" xlink:type="arc" />
    <link:loc xlink:href="../00106368_entry_point_2012-03-13.xsd#entity00106368_udf_CE_202211718384736_StatementOfChangesInEquityLineItems" xlink:label="Loc_entity00106368_udf_CE_202211718384736_StatementOfChangesInEquityLineItems" xlink:type="locator" />
    <link:label xlink:type="resource" xlink:role="http://www.xbrl.org/2003/role/label" xlink:label="Label_label_entity00106368_udf_CE_202211718384736_StatementOfChangesInEquityLineItems_en" xml:lang="en" id="Label_label_entity00106368_udf_CE_202211718384736_StatementOfChangesInEquityLineItems_en">Increase (decrease) through changes in retained earnings in subsidiaries that do not result in loss of control</link:label>
    <link:labelArc xlink:arcrole="http://www.xbrl.org/2003/arcrole/concept-label" xlink:from="Loc_entity00106368_udf_CE_202211718384736_StatementOfChangesInEquityLineItems" xlink:to="Label_label_entity00106368_udf_CE_202211718384736_StatementOfChangesInEquityLineItems_en" xlink:type="arc" />
    <link:label xlink:type="resource" xlink:role="http://www.xbrl.org/2003/role/documentation" xlink:label="Label_entity00106368_udf_CE_202211718384736_StatementOfChangesInEquityLineItems_en_doc" xml:lang="en">
    </link:label>
    <link:labelArc xlink:arcrole="http://www.xbrl.org/2003/arcrole/concept-label" xlink:from="Loc_entity00106368_udf_CE_202211718384736_StatementOfChangesInEquityLineItems" xlink:to="Label_entity00106368_udf_CE_202211718384736_StatementOfChangesInEquityLineItems_en_doc" xlink:type="arc" />
    <link:loc xlink:href="../00106368_entry_point_2012-03-13.xsd#entity00106368_udf_CE_202285104652938_StatementOfChangesInEquityLineItems" xlink:label="Loc_entity00106368_udf_CE_202285104652938_StatementOfChangesInEquityLineItems" xlink:type="locator" />
    <link:label xlink:type="resource" xlink:role="http://www.xbrl.org/2003/role/label" xlink:label="Label_label_entity00106368_udf_CE_202285104652938_StatementOfChangesInEquityLineItems_en" xml:lang="en" id="Label_label_entity00106368_udf_CE_202285104652938_StatementOfChangesInEquityLineItems_en">Purchase dispostion of investments in subsidiaries</link:label>
    <link:labelArc xlink:arcrole="http://www.xbrl.org/2003/arcrole/concept-label" xlink:from="Loc_entity00106368_udf_CE_202285104652938_StatementOfChangesInEquityLineItems" xlink:to="Label_label_entity00106368_udf_CE_202285104652938_StatementOfChangesInEquityLineItems_en" xlink:type="arc" />
    <link:label xlink:type="resource" xlink:role="http://www.xbrl.org/2003/role/documentation" xlink:label="Label_entity00106368_udf_CE_202285104652938_StatementOfChangesInEquityLineItems_en_doc" xml:lang="en">
    </link:label>
    <link:labelArc xlink:arcrole="http://www.xbrl.org/2003/arcrole/concept-label" xlink:from="Loc_entity00106368_udf_CE_202285104652938_StatementOfChangesInEquityLineItems" xlink:to="Label_entity00106368_udf_CE_202285104652938_StatementOfChangesInEquityLineItems_en_doc" xlink:type="arc" />
    <link:loc xlink:href="../00106368_entry_point_2012-03-13.xsd#entity00106368_udf_CE_2022117113228371_StatementOfChangesInEquityLineItems" xlink:label="Loc_entity00106368_udf_CE_2022117113228371_StatementOfChangesInEquityLineItems" xlink:type="locator" />
    <link:label xlink:type="resource" xlink:role="http://www.xbrl.org/2003/role/label" xlink:label="Label_label_entity00106368_udf_CE_2022117113228371_StatementOfChangesInEquityLineItems_en" xml:lang="en" id="Label_label_entity00106368_udf_CE_2022117113228371_StatementOfChangesInEquityLineItems_en">Tax effects</link:label>
    <link:labelArc xlink:arcrole="http://www.xbrl.org/2003/arcrole/concept-label" xlink:from="Loc_entity00106368_udf_CE_2022117113228371_StatementOfChangesInEquityLineItems" xlink:to="Label_label_entity00106368_udf_CE_2022117113228371_StatementOfChangesInEquityLineItems_en" xlink:type="arc" />
    <link:label xlink:type="resource" xlink:role="http://www.xbrl.org/2003/role/documentation" xlink:label="Label_entity00106368_udf_CE_2022117113228371_StatementOfChangesInEquityLineItems_en_doc" xml:lang="en">
    </link:label>
    <link:labelArc xlink:arcrole="http://www.xbrl.org/2003/arcrole/concept-label" xlink:from="Loc_entity00106368_udf_CE_2022117113228371_StatementOfChangesInEquityLineItems" xlink:to="Label_entity00106368_udf_CE_2022117113228371_StatementOfChangesInEquityLineItems_en_doc" xlink:type="arc" />
    <link:loc xlink:href="../00106368_entry_point_2012-03-13.xsd#entity00106368_udf_CE_202322783029729_StatementOfChangesInEquityLineItems" xlink:label="Loc_entity00106368_udf_CE_202322783029729_StatementOfChangesInEquityLineItems" xlink:type="locator" />
    <link:label xlink:type="resource" xlink:role="http://www.xbrl.org/2003/role/label" xlink:label="Label_label_entity00106368_udf_CE_202322783029729_StatementOfChangesInEquityLineItems_en" xml:lang="en" id="Label_label_entity00106368_udf_CE_202322783029729_StatementOfChangesInEquityLineItems_en">Acqusition of treasury shares</link:label>
    <link:labelArc xlink:arcrole="http://www.xbrl.org/2003/arcrole/concept-label" xlink:from="Loc_entity00106368_udf_CE_202322783029729_StatementOfChangesInEquityLineItems" xlink:to="Label_label_entity00106368_udf_CE_202322783029729_StatementOfChangesInEquityLineItems_en" xlink:type="arc" />
    <link:label xlink:type="resource" xlink:role="http://www.xbrl.org/2003/role/documentation" xlink:label="Label_entity00106368_udf_CE_202322783029729_StatementOfChangesInEquityLineItems_en_doc" xml:lang="en">
    </link:label>
    <link:labelArc xlink:arcrole="http://www.xbrl.org/2003/arcrole/concept-label" xlink:from="Loc_entity00106368_udf_CE_202322783029729_StatementOfChangesInEquityLineItems" xlink:to="Label_entity00106368_udf_CE_202322783029729_StatementOfChangesInEquityLineItems_en_doc" xlink:type="arc" />
    <link:loc xlink:href="../00106368_entry_point_2012-03-13.xsd#entity00106368_udf_CE_202322783031705_StatementOfChangesInEquityLineItems" xlink:label="Loc_entity00106368_udf_CE_202322783031705_StatementOfChangesInEquityLineItems" xlink:type="locator" />
    <link:label xlink:type="resource" xlink:role="http://www.xbrl.org/2003/role/label" xlink:label="Label_label_entity00106368_udf_CE_202322783031705_StatementOfChangesInEquityLineItems_en" xml:lang="en" id="Label_label_entity00106368_udf_CE_202322783031705_StatementOfChangesInEquityLineItems_en">Retirement of treasury shares</link:label>
    <link:labelArc xlink:arcrole="http://www.xbrl.org/2003/arcrole/concept-label" xlink:from="Loc_entity00106368_udf_CE_202322783031705_StatementOfChangesInEquityLineItems" xlink:to="Label_label_entity00106368_udf_CE_202322783031705_StatementOfChangesInEquityLineItems_en" xlink:type="arc" />
    <link:label xlink:type="resource" xlink:role="http://www.xbrl.org/2003/role/documentation" xlink:label="Label_entity00106368_udf_CE_202322783031705_StatementOfChangesInEquityLineItems_en_doc" xml:lang="en">
    </link:label>
    <link:labelArc xlink:arcrole="http://www.xbrl.org/2003/arcrole/concept-label" xlink:from="Loc_entity00106368_udf_CE_202322783031705_StatementOfChangesInEquityLineItems" xlink:to="Label_entity00106368_udf_CE_202322783031705_StatementOfChangesInEquityLineItems_en_doc" xlink:type="arc" />
    <link:loc xlink:href="http://dart.fss.or.kr/Resource/Taxonomy/ifrs/2019-10-01/full_ifrs-cor_2019-03-27.xsd#ifrs-full_IncomeTaxesPaidRefundClassifiedAsOperatingActivities" xlink:label="Loc_ifrs-full_IncomeTaxesPaidRefundClassifiedAsOperatingActivities" xlink:type="locator" />
    <link:label xlink:type="resource" xlink:role="http://www.xbrl.org/2009/role/negatedTerseLabel" xlink:label="Label_negatedTerseLabel_ifrs-full_IncomeTaxesPaidRefundClassifiedAsOperatingActivities_en" xml:lang="en" id="Label_negatedTerseLabel_ifrs-full_IncomeTaxesPaidRefundClassifiedAsOperatingActivities_en">Income taxes paid</link:label>
    <link:labelArc xlink:arcrole="http://www.xbrl.org/2003/arcrole/concept-label" xlink:from="Loc_ifrs-full_IncomeTaxesPaidRefundClassifiedAsOperatingActivities" xlink:to="Label_negatedTerseLabel_ifrs-full_IncomeTaxesPaidRefundClassifiedAsOperatingActivities_en" xlink:type="arc" priority="1" />
    <link:loc xlink:href="../00106368_entry_point_2012-03-13.xsd#entity00106368_udf_CF_2023224153148157_CashFlowsFromUsedInInvestingActivities" xlink:label="Loc_entity00106368_udf_CF_2023224153148157_CashFlowsFromUsedInInvestingActivities" xlink:type="locator" />
    <link:label xlink:type="resource" xlink:role="http://www.xbrl.org/2003/role/label" xlink:label="Label_label_entity00106368_udf_CF_2023224153148157_CashFlowsFromUsedInInvestingActivities_en" xml:lang="en" id="Label_label_entity00106368_udf_CF_2023224153148157_CashFlowsFromUsedInInvestingActivities_en">Measured at fair value through other comprehensive income</link:label>
    <link:labelArc xlink:arcrole="http://www.xbrl.org/2003/arcrole/concept-label" xlink:from="Loc_entity00106368_udf_CF_2023224153148157_CashFlowsFromUsedInInvestingActivities" xlink:to="Label_label_entity00106368_udf_CF_2023224153148157_CashFlowsFromUsedInInvestingActivities_en" xlink:type="arc" />
    <link:label xlink:type="resource" xlink:role="http://www.xbrl.org/2003/role/documentation" xlink:label="Label_entity00106368_udf_CF_2023224153148157_CashFlowsFromUsedInInvestingActivities_en_doc" xml:lang="en">
    </link:label>
    <link:labelArc xlink:arcrole="http://www.xbrl.org/2003/arcrole/concept-label" xlink:from="Loc_entity00106368_udf_CF_2023224153148157_CashFlowsFromUsedInInvestingActivities" xlink:to="Label_entity00106368_udf_CF_2023224153148157_CashFlowsFromUsedInInvestingActivities_en_doc" xlink:type="arc" />
    <link:loc xlink:href="../00106368_entry_point_2012-03-13.xsd#entity00106368_udf_CF_202211710217754_CashFlowsFromUsedInFinancingActivities" xlink:label="Loc_entity00106368_udf_CF_202211710217754_CashFlowsFromUsedInFinancingActivities" xlink:type="locator" />
    <link:label xlink:type="resource" xlink:role="http://www.xbrl.org/2003/role/label" xlink:label="Label_label_entity00106368_udf_CF_202211710217754_CashFlowsFromUsedInFinancingActivities_en" xml:lang="en" id="Label_label_entity00106368_udf_CF_202211710217754_CashFlowsFromUsedInFinancingActivities_en">Settlement of derivative transaction</link:label>
    <link:labelArc xlink:arcrole="http://www.xbrl.org/2003/arcrole/concept-label" xlink:from="Loc_entity00106368_udf_CF_202211710217754_CashFlowsFromUsedInFinancingActivities" xlink:to="Label_label_entity00106368_udf_CF_202211710217754_CashFlowsFromUsedInFinancingActivities_en" xlink:type="arc" />
    <link:label xlink:type="resource" xlink:role="http://www.xbrl.org/2003/role/documentation" xlink:label="Label_entity00106368_udf_CF_202211710217754_CashFlowsFromUsedInFinancingActivities_en_doc" xml:lang="en">
    </link:label>
    <link:labelArc xlink:arcrole="http://www.xbrl.org/2003/arcrole/concept-label" xlink:from="Loc_entity00106368_udf_CF_202211710217754_CashFlowsFromUsedInFinancingActivities" xlink:to="Label_entity00106368_udf_CF_202211710217754_CashFlowsFromUsedInFinancingActivities_en_doc" xlink:type="arc" />
    <link:loc xlink:href="../00106368_entry_point_2012-03-13.xsd#entity00106368_udf_CF_2023227133337832_CashFlowsFromUsedInInvestingActivities" xlink:label="Loc_entity00106368_udf_CF_2023227133337832_CashFlowsFromUsedInInvestingActivities" xlink:type="locator" />
    <link:label xlink:type="resource" xlink:role="http://www.xbrl.org/2003/role/label" xlink:label="Label_label_entity00106368_udf_CF_2023227133337832_CashFlowsFromUsedInInvestingActivities_en" xml:lang="en" id="Label_label_entity00106368_udf_CF_2023227133337832_CashFlowsFromUsedInInvestingActivities_en">Disposal of Fair Value through Other Comprehensive Income</link:label>
    <link:labelArc xlink:arcrole="http://www.xbrl.org/2003/arcrole/concept-label" xlink:from="Loc_entity00106368_udf_CF_2023227133337832_CashFlowsFromUsedInInvestingActivities" xlink:to="Label_label_entity00106368_udf_CF_2023227133337832_CashFlowsFromUsedInInvestingActivities_en" xlink:type="arc" />
    <link:label xlink:type="resource" xlink:role="http://www.xbrl.org/2003/role/documentation" xlink:label="Label_entity00106368_udf_CF_2023227133337832_CashFlowsFromUsedInInvestingActivities_en_doc" xml:lang="en">
    </link:label>
    <link:labelArc xlink:arcrole="http://www.xbrl.org/2003/arcrole/concept-label" xlink:from="Loc_entity00106368_udf_CF_2023227133337832_CashFlowsFromUsedInInvestingActivities" xlink:to="Label_entity00106368_udf_CF_2023227133337832_CashFlowsFromUsedInInvestingActivities_en_doc" xlink:type="arc" />
    <link:loc xlink:href="../00106368_entry_point_2012-03-13.xsd#entity00106368_udf_CF_20221171322277_CashFlowsFromUsedInFinancingActivities" xlink:label="Loc_entity00106368_udf_CF_20221171322277_CashFlowsFromUsedInFinancingActivities" xlink:type="locator" />
    <link:label xlink:type="resource" xlink:role="http://www.xbrl.org/2003/role/label" xlink:label="Label_label_entity00106368_udf_CF_20221171322277_CashFlowsFromUsedInFinancingActivities_en" xml:lang="en" id="Label_label_entity00106368_udf_CF_20221171322277_CashFlowsFromUsedInFinancingActivities_en">Cash inflows from settlement of derivative transaction</link:label>
    <link:labelArc xlink:arcrole="http://www.xbrl.org/2003/arcrole/concept-label" xlink:from="Loc_entity00106368_udf_CF_20221171322277_CashFlowsFromUsedInFinancingActivities" xlink:to="Label_label_entity00106368_udf_CF_20221171322277_CashFlowsFromUsedInFinancingActivities_en" xlink:type="arc" />
    <link:label xlink:type="resource" xlink:role="http://www.xbrl.org/2003/role/documentation" xlink:label="Label_entity00106368_udf_CF_20221171322277_CashFlowsFromUsedInFinancingActivities_en_doc" xml:lang="en">
    </link:label>
    <link:labelArc xlink:arcrole="http://www.xbrl.org/2003/arcrole/concept-label" xlink:from="Loc_entity00106368_udf_CF_20221171322277_CashFlowsFromUsedInFinancingActivities" xlink:to="Label_entity00106368_udf_CF_20221171322277_CashFlowsFromUsedInFinancingActivities_en_doc" xlink:type="arc" />
    <link:loc xlink:href="../00106368_entry_point_2012-03-13.xsd#entity00106368_udf_IS_20185416411393_OtherComprehensiveIncomeThatWillNotBeReclassifiedToProfitOrLossNetOfTax" xlink:label="Loc_entity00106368_udf_IS_20185416411393_OtherComprehensiveIncomeThatWillNotBeReclassifiedToProfitOrLossNetOfTax" xlink:type="locator" />
    <link:label xlink:type="resource" xlink:role="http://www.xbrl.org/2003/role/label" xlink:label="Label_label_entity00106368_udf_IS_20185416411393_OtherComprehensiveIncomeThatWillNotBeReclassifiedToProfitOrLossNetOfTax_en" xml:lang="en" id="Label_label_entity00106368_udf_IS_20185416411393_OtherComprehensiveIncomeThatWillNotBeReclassifiedToProfitOrLossNetOfTax_en">Fair Value through Other Comprehensive Income</link:label>
    <link:labelArc xlink:arcrole="http://www.xbrl.org/2003/arcrole/concept-label" xlink:from="Loc_entity00106368_udf_IS_20185416411393_OtherComprehensiveIncomeThatWillNotBeReclassifiedToProfitOrLossNetOfTax" xlink:to="Label_label_entity00106368_udf_IS_20185416411393_OtherComprehensiveIncomeThatWillNotBeReclassifiedToProfitOrLossNetOfTax_en" xlink:type="arc" />
    <link:label xlink:type="resource" xlink:role="http://www.xbrl.org/2003/role/documentation" xlink:label="Label_entity00106368_udf_IS_20185416411393_OtherComprehensiveIncomeThatWillNotBeReclassifiedToProfitOrLossNetOfTax_en_doc" xml:lang="en">
    </link:label>
    <link:labelArc xlink:arcrole="http://www.xbrl.org/2003/arcrole/concept-label" xlink:from="Loc_entity00106368_udf_IS_20185416411393_OtherComprehensiveIncomeThatWillNotBeReclassifiedToProfitOrLossNetOfTax" xlink:to="Label_entity00106368_udf_IS_20185416411393_OtherComprehensiveIncomeThatWillNotBeReclassifiedToProfitOrLossNetOfTax_en_doc" xlink:type="arc" />
    <link:loc xlink:href="../00106368_entry_point_2012-03-13.xsd#entity00106368_udf_IS_201854105342305_OtherComprehensiveIncomeThatWillNotBeReclassifiedToProfitOrLossNetOfTax" xlink:label="Loc_entity00106368_udf_IS_201854105342305_OtherComprehensiveIncomeThatWillNotBeReclassifiedToProfitOrLossNetOfTax" xlink:type="locator" />
    <link:label xlink:type="resource" xlink:role="http://www.xbrl.org/2003/role/label" xlink:label="Label_label_entity00106368_udf_IS_201854105342305_OtherComprehensiveIncomeThatWillNotBeReclassifiedToProfitOrLossNetOfTax_en" xml:lang="en" id="Label_label_entity00106368_udf_IS_201854105342305_OtherComprehensiveIncomeThatWillNotBeReclassifiedToProfitOrLossNetOfTax_en">Fair Value through Other Comprehensive Income</link:label>
    <link:labelArc xlink:arcrole="http://www.xbrl.org/2003/arcrole/concept-label" xlink:from="Loc_entity00106368_udf_IS_201854105342305_OtherComprehensiveIncomeThatWillNotBeReclassifiedToProfitOrLossNetOfTax" xlink:to="Label_label_entity00106368_udf_IS_201854105342305_OtherComprehensiveIncomeThatWillNotBeReclassifiedToProfitOrLossNetOfTax_en" xlink:type="arc" />
    <link:label xlink:type="resource" xlink:role="http://www.xbrl.org/2003/role/documentation" xlink:label="Label_entity00106368_udf_IS_201854105342305_OtherComprehensiveIncomeThatWillNotBeReclassifiedToProfitOrLossNetOfTax_en_doc" xml:lang="en">
    </link:label>
    <link:labelArc xlink:arcrole="http://www.xbrl.org/2003/arcrole/concept-label" xlink:from="Loc_entity00106368_udf_IS_201854105342305_OtherComprehensiveIncomeThatWillNotBeReclassifiedToProfitOrLossNetOfTax" xlink:to="Label_entity00106368_udf_IS_201854105342305_OtherComprehensiveIncomeThatWillNotBeReclassifiedToProfitOrLossNetOfTax_en_doc" xlink:type="arc" />
    <link:loc xlink:href="../00106368_entry_point_2012-03-13.xsd#entity00106368_udf_IS_202232101458316_OtherComprehensiveIncomeThatWillNotBeReclassifiedToProfitOrLossNetOfTax" xlink:label="Loc_entity00106368_udf_IS_202232101458316_OtherComprehensiveIncomeThatWillNotBeReclassifiedToProfitOrLossNetOfTax" xlink:type="locator" />
    <link:label xlink:type="resource" xlink:role="http://www.xbrl.org/2003/role/label" xlink:label="Label_label_entity00106368_udf_IS_202232101458316_OtherComprehensiveIncomeThatWillNotBeReclassifiedToProfitOrLossNetOfTax_en" xml:lang="en" id="Label_label_entity00106368_udf_IS_202232101458316_OtherComprehensiveIncomeThatWillNotBeReclassifiedToProfitOrLossNetOfTax_en">Changes in Retained earnnings account for Share of other</link:label>
    <link:labelArc xlink:arcrole="http://www.xbrl.org/2003/arcrole/concept-label" xlink:from="Loc_entity00106368_udf_IS_202232101458316_OtherComprehensiveIncomeThatWillNotBeReclassifiedToProfitOrLossNetOfTax" xlink:to="Label_label_entity00106368_udf_IS_202232101458316_OtherComprehensiveIncomeThatWillNotBeReclassifiedToProfitOrLossNetOfTax_en" xlink:type="arc" />
    <link:label xlink:type="resource" xlink:role="http://www.xbrl.org/2003/role/documentation" xlink:label="Label_entity00106368_udf_IS_202232101458316_OtherComprehensiveIncomeThatWillNotBeReclassifiedToProfitOrLossNetOfTax_en_doc" xml:lang="en">
    </link:label>
    <link:labelArc xlink:arcrole="http://www.xbrl.org/2003/arcrole/concept-label" xlink:from="Loc_entity00106368_udf_IS_202232101458316_OtherComprehensiveIncomeThatWillNotBeReclassifiedToProfitOrLossNetOfTax" xlink:to="Label_entity00106368_udf_IS_202232101458316_OtherComprehensiveIncomeThatWillNotBeReclassifiedToProfitOrLossNetOfTax_en_doc" xlink:type="arc" />
    <link:loc xlink:href="../00106368_entry_point_2012-03-13.xsd#entity00106368_udf_IS_201872391731417_ShareOfOtherComprehensiveIncomeOfAssociatesAndJointVenturesAccountedForUsingEquityMethodThatWillBeReclassifiedToProfitOrLossNetOfTax" xlink:label="Loc_entity00106368_udf_IS_201872391731417_ShareOfOtherComprehensiveIncomeOfAssociatesAndJointVenturesAccountedForUsingEquityMethodThatWillBeReclassifiedToProfitOrLossNetOfTax" xlink:type="locator" />
    <link:label xlink:type="resource" xlink:role="http://www.xbrl.org/2003/role/label" xlink:label="Label_label_entity00106368_udf_IS_201872391731417_ShareOfOtherComprehensiveIncomeOfAssociatesAndJointVenturesAccountedForUsingEquityMethodThatWillBeReclassifiedToProfitOrLossNetOfTax_en" xml:lang="en" id="Label_label_entity00106368_udf_IS_201872391731417_ShareOfOtherComprehensiveIncomeOfAssociatesAndJointVenturesAccountedForUsingEquityMethodThatWillBeReclassifiedToProfitOrLossNetOfTax_en">Changes in captial account for Share of other comprehensive</link:label>
    <link:labelArc xlink:arcrole="http://www.xbrl.org/2003/arcrole/concept-label" xlink:from="Loc_entity00106368_udf_IS_201872391731417_ShareOfOtherComprehensiveIncomeOfAssociatesAndJointVenturesAccountedForUsingEquityMethodThatWillBeReclassifiedToProfitOrLossNetOfTax" xlink:to="Label_label_entity00106368_udf_IS_201872391731417_ShareOfOtherComprehensiveIncomeOfAssociatesAndJointVenturesAccountedForUsingEquityMethodThatWillBeReclassifiedToProfitOrLossNetOfTax_en" xlink:type="arc" />
    <link:label xlink:type="resource" xlink:role="http://www.xbrl.org/2003/role/documentation" xlink:label="Label_entity00106368_udf_IS_201872391731417_ShareOfOtherComprehensiveIncomeOfAssociatesAndJointVenturesAccountedForUsingEquityMethodThatWillBeReclassifiedToProfitOrLossNetOfTax_en_doc" xml:lang="en">
    </link:label>
    <link:labelArc xlink:arcrole="http://www.xbrl.org/2003/arcrole/concept-label" xlink:from="Loc_entity00106368_udf_IS_201872391731417_ShareOfOtherComprehensiveIncomeOfAssociatesAndJointVenturesAccountedForUsingEquityMethodThatWillBeReclassifiedToProfitOrLossNetOfTax" xlink:to="Label_entity00106368_udf_IS_201872391731417_ShareOfOtherComprehensiveIncomeOfAssociatesAndJointVenturesAccountedForUsingEquityMethodThatWillBeReclassifiedToProfitOrLossNetOfTax_en_doc" xlink:type="arc" />
    <link:loc xlink:href="../00106368_entry_point_2012-03-13.xsd#entity00106368_udf_IS_20182279570378_IncomeStatementAbstract" xlink:label="Loc_entity00106368_udf_IS_20182279570378_IncomeStatementAbstract" xlink:type="locator" />
    <link:label xlink:type="resource" xlink:role="http://www.xbrl.org/2003/role/label" xlink:label="Label_label_entity00106368_udf_IS_20182279570378_IncomeStatementAbstract_en" xml:lang="en" id="Label_label_entity00106368_udf_IS_20182279570378_IncomeStatementAbstract_en">Share of profit (loss) of associates and joint ventures accounted for using equity method</link:label>
    <link:labelArc xlink:arcrole="http://www.xbrl.org/2003/arcrole/concept-label" xlink:from="Loc_entity00106368_udf_IS_20182279570378_IncomeStatementAbstract" xlink:to="Label_label_entity00106368_udf_IS_20182279570378_IncomeStatementAbstract_en" xlink:type="arc" />
    <link:label xlink:type="resource" xlink:role="http://www.xbrl.org/2003/role/documentation" xlink:label="Label_entity00106368_udf_IS_20182279570378_IncomeStatementAbstract_en_doc" xml:lang="en">
    </link:label>
    <link:labelArc xlink:arcrole="http://www.xbrl.org/2003/arcrole/concept-label" xlink:from="Loc_entity00106368_udf_IS_20182279570378_IncomeStatementAbstract" xlink:to="Label_entity00106368_udf_IS_20182279570378_IncomeStatementAbstract_en_doc" xlink:type="arc" />
  </link:labelLink>
</link:linkbase>