<?xml version="1.0" encoding="UTF-8"?>
<!-- Generated by DART -->
<link:linkbase xmlns:link="http://www.xbrl.org/2003/linkbase" xmlns:xlink="http://www.w3.org/1999/xlink" xmlns:xsi="http://www.w3.org/2001/XMLSchema-instance" xmlns:xbrli="http://www.xbrl.org/2003/instance" xsi:schemaLocation="http://www.xbrl.org/2003/linkbase http://www.xbrl.org/2003/xbrl-linkbase-2003-12-31.xsd">
  <link:roleRef roleURI="http://www.xbrl.org/2009/role/negatedLabel" xlink:type="simple" xlink:href="http://www.xbrl.org/lrr/role/negated-2009-12-16.xsd#negatedLabel" />
  <link:roleRef roleURI="http://www.xbrl.org/2009/role/negatedTerseLabel" xlink:type="simple" xlink:href="http://www.xbrl.org/lrr/role/negated-2009-12-16.xsd#negatedTerseLabel" />
  <link:roleRef roleURI="http://www.xbrl.org/2009/role/negatedTotalLabel" xlink:type="simple" xlink:href="http://www.xbrl.org/lrr/role/negated-2009-12-16.xsd#negatedTotalLabel" />
  <link:roleRef roleURI="http://www.xbrl.org/2009/role/negatedPeriodStartLabel" xlink:type="simple" xlink:href="http://www.xbrl.org/lrr/role/negated-2009-12-16.xsd#negatedPeriodStartLabel" />
  <link:roleRef roleURI="http://www.xbrl.org/2009/role/negatedPeriodEndLabel" xlink:type="simple" xlink:href="http://www.xbrl.org/lrr/role/negated-2009-12-16.xsd#negatedPeriodEndLabel" />
  <link:roleRef roleURI="http://www.xbrl.org/2009/role/netLabel" xlink:type="simple" xlink:href="http://www.xbrl.org/lrr/role/net-2009-12-16.xsd#netLabel" />
  <link:roleRef roleURI="http://dart.fss.or.kr/role/2019-10-01/ifrs/dart_label" xlink:type="simple" xlink:href="http://dart.fss.or.kr/Resource/Taxonomy/ifrs/2019-10-01/ifrs_for_dart/rol_dart-label_2019-10-01.xsd#dartLabel" />
  <link:labelLink xlink:type="extended" xlink:role="http://www.xbrl.org/2003/role/link">
    <link:loc xlink:href="http://dart.fss.or.kr/Resource/Taxonomy/ifrs/2019-10-01/full_ifrs-cor_2019-03-27.xsd#ifrs-full_IssueOfEquity" xlink:label="Loc_ifrs-full_IssueOfEquity" xlink:type="locator" />
    <link:label xlink:type="resource" xlink:role="http://www.xbrl.org/2003/role/label" xlink:label="Label_label_ifrs-full_IssueOfEquity_ko" xml:lang="ko" id="Label_label_ifrs-full_IssueOfEquity_ko">종속기업 유상증자 참여</link:label>
    <link:labelArc xlink:arcrole="http://www.xbrl.org/2003/arcrole/concept-label" xlink:from="Loc_ifrs-full_IssueOfEquity" xlink:to="Label_label_ifrs-full_IssueOfEquity_ko" xlink:type="arc" priority="1" />
    <link:loc xlink:href="http://dart.fss.or.kr/Resource/Taxonomy/ifrs/2019-10-01/dart_2019-10-01.xsd#dart_OtherComprehensiveIncomeForStatementOfChangesInEquity" xlink:label="Loc_dart_OtherComprehensiveIncomeForStatementOfChangesInEquity" xlink:type="locator" />
    <link:label xlink:type="resource" xlink:role="http://www.xbrl.org/2003/role/label" xlink:label="Label_label_dart_OtherComprehensiveIncomeForStatementOfChangesInEquity_ko" xml:lang="ko" id="Label_label_dart_OtherComprehensiveIncomeForStatementOfChangesInEquity_ko">기타포괄손익(공정가치측정금융자산,파생상품)</link:label>
    <link:labelArc xlink:arcrole="http://www.xbrl.org/2003/arcrole/concept-label" xlink:from="Loc_dart_OtherComprehensiveIncomeForStatementOfChangesInEquity" xlink:to="Label_label_dart_OtherComprehensiveIncomeForStatementOfChangesInEquity_ko" xlink:type="arc" priority="1" />
    <link:loc xlink:href="http://dart.fss.or.kr/Resource/Taxonomy/ifrs/2019-10-01/dart_2019-10-01.xsd#dart_ChangesInReserveOfGainsAndLossesOnFinancialAssetsMeasuredAtFairValueThroughOtherComprehensiveIncome" xlink:label="Loc_dart_ChangesInReserveOfGainsAndLossesOnFinancialAssetsMeasuredAtFairValueThroughOtherComprehensiveIncome" xlink:type="locator" />
    <link:label xlink:type="resource" xlink:role="http://www.xbrl.org/2003/role/label" xlink:label="Label_label_dart_ChangesInReserveOfGainsAndLossesOnFinancialAssetsMeasuredAtFairValueThroughOtherComprehensiveIncome_ko" xml:lang="ko" id="Label_label_dart_ChangesInReserveOfGainsAndLossesOnFinancialAssetsMeasuredAtFairValueThroughOtherComprehensiveIncome_ko">기타포괄손익-공정가치 측정 금융자산 대체</link:label>
    <link:labelArc xlink:arcrole="http://www.xbrl.org/2003/arcrole/concept-label" xlink:from="Loc_dart_ChangesInReserveOfGainsAndLossesOnFinancialAssetsMeasuredAtFairValueThroughOtherComprehensiveIncome" xlink:to="Label_label_dart_ChangesInReserveOfGainsAndLossesOnFinancialAssetsMeasuredAtFairValueThroughOtherComprehensiveIncome_ko" xlink:type="arc" priority="1" />
    <link:loc xlink:href="http://dart.fss.or.kr/Resource/Taxonomy/ifrs/2019-10-01/dart_2019-10-01.xsd#dart_OtherTransactions" xlink:label="Loc_dart_OtherTransactions" xlink:type="locator" />
    <link:label xlink:type="resource" xlink:role="http://www.xbrl.org/2003/role/label" xlink:label="Label_label_dart_OtherTransactions_ko" xml:lang="ko" id="Label_label_dart_OtherTransactions_ko">재측정요소</link:label>
    <link:labelArc xlink:arcrole="http://www.xbrl.org/2003/arcrole/concept-label" xlink:from="Loc_dart_OtherTransactions" xlink:to="Label_label_dart_OtherTransactions_ko" xlink:type="arc" priority="1" />
    <link:loc xlink:href="../00106368_entry_point_2012-03-13.xsd#entity00106368_udf_CE_202322495928743_StatementOfChangesInEquityLineItems" xlink:label="Loc_entity00106368_udf_CE_202322495928743_StatementOfChangesInEquityLineItems" xlink:type="locator" />
    <link:label xlink:type="resource" xlink:role="http://www.xbrl.org/2003/role/label" xlink:label="Label_label_entity00106368_udf_CE_202322495928743_StatementOfChangesInEquityLineItems_ko" xml:lang="ko" id="Label_label_entity00106368_udf_CE_202322495928743_StatementOfChangesInEquityLineItems_ko">자기주식의 취득</link:label>
    <link:labelArc xlink:arcrole="http://www.xbrl.org/2003/arcrole/concept-label" xlink:from="Loc_entity00106368_udf_CE_202322495928743_StatementOfChangesInEquityLineItems" xlink:to="Label_label_entity00106368_udf_CE_202322495928743_StatementOfChangesInEquityLineItems_ko" xlink:type="arc" />
    <link:label xlink:type="resource" xlink:role="http://www.xbrl.org/2003/role/documentation" xlink:label="Label_entity00106368_udf_CE_202322495928743_StatementOfChangesInEquityLineItems_ko_doc" xml:lang="ko">
    </link:label>
    <link:labelArc xlink:arcrole="http://www.xbrl.org/2003/arcrole/concept-label" xlink:from="Loc_entity00106368_udf_CE_202322495928743_StatementOfChangesInEquityLineItems" xlink:to="Label_entity00106368_udf_CE_202322495928743_StatementOfChangesInEquityLineItems_ko_doc" xlink:type="arc" />
    <link:loc xlink:href="http://dart.fss.or.kr/Resource/Taxonomy/ifrs/2019-10-01/dart_2019-10-01.xsd#dart_TreasuryShareTransactions" xlink:label="Loc_dart_TreasuryShareTransactions" xlink:type="locator" />
    <link:label xlink:type="resource" xlink:role="http://www.xbrl.org/2003/role/label" xlink:label="Label_label_dart_TreasuryShareTransactions_ko" xml:lang="ko" id="Label_label_dart_TreasuryShareTransactions_ko">자기주식의 처분</link:label>
    <link:labelArc xlink:arcrole="http://www.xbrl.org/2003/arcrole/concept-label" xlink:from="Loc_dart_TreasuryShareTransactions" xlink:to="Label_label_dart_TreasuryShareTransactions_ko" xlink:type="arc" priority="1" />
    <link:loc xlink:href="http://dart.fss.or.kr/Resource/Taxonomy/ifrs/2019-10-01/full_ifrs-cor_2019-03-27.xsd#ifrs-full_IncreaseDecreaseThroughChangesInOwnershipInterestsInSubsidiariesThatDoNotResultInLossOfControl" xlink:label="Loc_ifrs-full_IncreaseDecreaseThroughChangesInOwnershipInterestsInSubsidiariesThatDoNotResultInLossOfControl" xlink:type="locator" />
    <link:label xlink:type="resource" xlink:role="http://www.xbrl.org/2003/role/label" xlink:label="Label_label_ifrs-full_IncreaseDecreaseThroughChangesInOwnershipInterestsInSubsidiariesThatDoNotResultInLossOfControl_ko" xml:lang="ko" id="Label_label_ifrs-full_IncreaseDecreaseThroughChangesInOwnershipInterestsInSubsidiariesThatDoNotResultInLossOfControl_ko">지분법 자본변동</link:label>
    <link:labelArc xlink:arcrole="http://www.xbrl.org/2003/arcrole/concept-label" xlink:from="Loc_ifrs-full_IncreaseDecreaseThroughChangesInOwnershipInterestsInSubsidiariesThatDoNotResultInLossOfControl" xlink:to="Label_label_ifrs-full_IncreaseDecreaseThroughChangesInOwnershipInterestsInSubsidiariesThatDoNotResultInLossOfControl_ko" xlink:type="arc" priority="1" />
    <link:loc xlink:href="../00106368_entry_point_2012-03-13.xsd#entity00106368_udf_CE_2023227135059339_StatementOfChangesInEquityLineItems" xlink:label="Loc_entity00106368_udf_CE_2023227135059339_StatementOfChangesInEquityLineItems" xlink:type="locator" />
    <link:label xlink:type="resource" xlink:role="http://www.xbrl.org/2003/role/label" xlink:label="Label_label_entity00106368_udf_CE_2023227135059339_StatementOfChangesInEquityLineItems_ko" xml:lang="ko" id="Label_label_entity00106368_udf_CE_2023227135059339_StatementOfChangesInEquityLineItems_ko">자기주식의 소각</link:label>
    <link:labelArc xlink:arcrole="http://www.xbrl.org/2003/arcrole/concept-label" xlink:from="Loc_entity00106368_udf_CE_2023227135059339_StatementOfChangesInEquityLineItems" xlink:to="Label_label_entity00106368_udf_CE_2023227135059339_StatementOfChangesInEquityLineItems_ko" xlink:type="arc" />
    <link:label xlink:type="resource" xlink:role="http://www.xbrl.org/2003/role/documentation" xlink:label="Label_entity00106368_udf_CE_2023227135059339_StatementOfChangesInEquityLineItems_ko_doc" xml:lang="ko">
    </link:label>
    <link:labelArc xlink:arcrole="http://www.xbrl.org/2003/arcrole/concept-label" xlink:from="Loc_entity00106368_udf_CE_2023227135059339_StatementOfChangesInEquityLineItems" xlink:to="Label_entity00106368_udf_CE_2023227135059339_StatementOfChangesInEquityLineItems_ko_doc" xlink:type="arc" />
    <link:loc xlink:href="http://dart.fss.or.kr/Resource/Taxonomy/ifrs/2019-10-01/dart_2019-10-01.xsd#dart_ChangesInForeignExchangeRates" xlink:label="Loc_dart_ChangesInForeignExchangeRates" xlink:type="locator" />
    <link:label xlink:type="resource" xlink:role="http://www.xbrl.org/2003/role/label" xlink:label="Label_label_dart_ChangesInForeignExchangeRates_ko" xml:lang="ko" id="Label_label_dart_ChangesInForeignExchangeRates_ko">해외사업환산손익</link:label>
    <link:labelArc xlink:arcrole="http://www.xbrl.org/2003/arcrole/concept-label" xlink:from="Loc_dart_ChangesInForeignExchangeRates" xlink:to="Label_label_dart_ChangesInForeignExchangeRates_ko" xlink:type="arc" priority="1" />
    <link:loc xlink:href="../00106368_entry_point_2012-03-13.xsd#entity00106368_udf_CE_202211718384736_StatementOfChangesInEquityLineItems" xlink:label="Loc_entity00106368_udf_CE_202211718384736_StatementOfChangesInEquityLineItems" xlink:type="locator" />
    <link:label xlink:type="resource" xlink:role="http://www.xbrl.org/2003/role/label" xlink:label="Label_label_entity00106368_udf_CE_202211718384736_StatementOfChangesInEquityLineItems_ko" xml:lang="ko" id="Label_label_entity00106368_udf_CE_202211718384736_StatementOfChangesInEquityLineItems_ko">지분법 이익잉여금변동</link:label>
    <link:labelArc xlink:arcrole="http://www.xbrl.org/2003/arcrole/concept-label" xlink:from="Loc_entity00106368_udf_CE_202211718384736_StatementOfChangesInEquityLineItems" xlink:to="Label_label_entity00106368_udf_CE_202211718384736_StatementOfChangesInEquityLineItems_ko" xlink:type="arc" />
    <link:label xlink:type="resource" xlink:role="http://www.xbrl.org/2003/role/documentation" xlink:label="Label_entity00106368_udf_CE_202211718384736_StatementOfChangesInEquityLineItems_ko_doc" xml:lang="ko">
    </link:label>
    <link:labelArc xlink:arcrole="http://www.xbrl.org/2003/arcrole/concept-label" xlink:from="Loc_entity00106368_udf_CE_202211718384736_StatementOfChangesInEquityLineItems" xlink:to="Label_entity00106368_udf_CE_202211718384736_StatementOfChangesInEquityLineItems_ko_doc" xlink:type="arc" />
    <link:loc xlink:href="../00106368_entry_point_2012-03-13.xsd#entity00106368_udf_CE_202285104652938_StatementOfChangesInEquityLineItems" xlink:label="Loc_entity00106368_udf_CE_202285104652938_StatementOfChangesInEquityLineItems" xlink:type="locator" />
    <link:label xlink:type="resource" xlink:role="http://www.xbrl.org/2003/role/label" xlink:label="Label_label_entity00106368_udf_CE_202285104652938_StatementOfChangesInEquityLineItems_ko" xml:lang="ko" id="Label_label_entity00106368_udf_CE_202285104652938_StatementOfChangesInEquityLineItems_ko">종속기업투자의 증가</link:label>
    <link:labelArc xlink:arcrole="http://www.xbrl.org/2003/arcrole/concept-label" xlink:from="Loc_entity00106368_udf_CE_202285104652938_StatementOfChangesInEquityLineItems" xlink:to="Label_label_entity00106368_udf_CE_202285104652938_StatementOfChangesInEquityLineItems_ko" xlink:type="arc" />
    <link:label xlink:type="resource" xlink:role="http://www.xbrl.org/2003/role/documentation" xlink:label="Label_entity00106368_udf_CE_202285104652938_StatementOfChangesInEquityLineItems_ko_doc" xml:lang="ko">
    </link:label>
    <link:labelArc xlink:arcrole="http://www.xbrl.org/2003/arcrole/concept-label" xlink:from="Loc_entity00106368_udf_CE_202285104652938_StatementOfChangesInEquityLineItems" xlink:to="Label_entity00106368_udf_CE_202285104652938_StatementOfChangesInEquityLineItems_ko_doc" xlink:type="arc" />
    <link:loc xlink:href="../00106368_entry_point_2012-03-13.xsd#entity00106368_udf_CE_2022117113228371_StatementOfChangesInEquityLineItems" xlink:label="Loc_entity00106368_udf_CE_2022117113228371_StatementOfChangesInEquityLineItems" xlink:type="locator" />
    <link:label xlink:type="resource" xlink:role="http://www.xbrl.org/2003/role/label" xlink:label="Label_label_entity00106368_udf_CE_2022117113228371_StatementOfChangesInEquityLineItems_ko" xml:lang="ko" id="Label_label_entity00106368_udf_CE_2022117113228371_StatementOfChangesInEquityLineItems_ko">기타 조정</link:label>
    <link:labelArc xlink:arcrole="http://www.xbrl.org/2003/arcrole/concept-label" xlink:from="Loc_entity00106368_udf_CE_2022117113228371_StatementOfChangesInEquityLineItems" xlink:to="Label_label_entity00106368_udf_CE_2022117113228371_StatementOfChangesInEquityLineItems_ko" xlink:type="arc" />
    <link:label xlink:type="resource" xlink:role="http://www.xbrl.org/2003/role/documentation" xlink:label="Label_entity00106368_udf_CE_2022117113228371_StatementOfChangesInEquityLineItems_ko_doc" xml:lang="ko">
    </link:label>
    <link:labelArc xlink:arcrole="http://www.xbrl.org/2003/arcrole/concept-label" xlink:from="Loc_entity00106368_udf_CE_2022117113228371_StatementOfChangesInEquityLineItems" xlink:to="Label_entity00106368_udf_CE_2022117113228371_StatementOfChangesInEquityLineItems_ko_doc" xlink:type="arc" />
    <link:loc xlink:href="../00106368_entry_point_2012-03-13.xsd#entity00106368_udf_CE_202322783029729_StatementOfChangesInEquityLineItems" xlink:label="Loc_entity00106368_udf_CE_202322783029729_StatementOfChangesInEquityLineItems" xlink:type="locator" />
    <link:label xlink:type="resource" xlink:role="http://www.xbrl.org/2003/role/label" xlink:label="Label_label_entity00106368_udf_CE_202322783029729_StatementOfChangesInEquityLineItems_ko" xml:lang="ko" id="Label_label_entity00106368_udf_CE_202322783029729_StatementOfChangesInEquityLineItems_ko">자기주식의 취득</link:label>
    <link:labelArc xlink:arcrole="http://www.xbrl.org/2003/arcrole/concept-label" xlink:from="Loc_entity00106368_udf_CE_202322783029729_StatementOfChangesInEquityLineItems" xlink:to="Label_label_entity00106368_udf_CE_202322783029729_StatementOfChangesInEquityLineItems_ko" xlink:type="arc" />
    <link:label xlink:type="resource" xlink:role="http://www.xbrl.org/2003/role/documentation" xlink:label="Label_entity00106368_udf_CE_202322783029729_StatementOfChangesInEquityLineItems_ko_doc" xml:lang="ko">
    </link:label>
    <link:labelArc xlink:arcrole="http://www.xbrl.org/2003/arcrole/concept-label" xlink:from="Loc_entity00106368_udf_CE_202322783029729_StatementOfChangesInEquityLineItems" xlink:to="Label_entity00106368_udf_CE_202322783029729_StatementOfChangesInEquityLineItems_ko_doc" xlink:type="arc" />
    <link:loc xlink:href="../00106368_entry_point_2012-03-13.xsd#entity00106368_udf_CE_202322783031705_StatementOfChangesInEquityLineItems" xlink:label="Loc_entity00106368_udf_CE_202322783031705_StatementOfChangesInEquityLineItems" xlink:type="locator" />
    <link:label xlink:type="resource" xlink:role="http://www.xbrl.org/2003/role/label" xlink:label="Label_label_entity00106368_udf_CE_202322783031705_StatementOfChangesInEquityLineItems_ko" xml:lang="ko" id="Label_label_entity00106368_udf_CE_202322783031705_StatementOfChangesInEquityLineItems_ko">자기주식의 소각</link:label>
    <link:labelArc xlink:arcrole="http://www.xbrl.org/2003/arcrole/concept-label" xlink:from="Loc_entity00106368_udf_CE_202322783031705_StatementOfChangesInEquityLineItems" xlink:to="Label_label_entity00106368_udf_CE_202322783031705_StatementOfChangesInEquityLineItems_ko" xlink:type="arc" />
    <link:label xlink:type="resource" xlink:role="http://www.xbrl.org/2003/role/documentation" xlink:label="Label_entity00106368_udf_CE_202322783031705_StatementOfChangesInEquityLineItems_ko_doc" xml:lang="ko">
    </link:label>
    <link:labelArc xlink:arcrole="http://www.xbrl.org/2003/arcrole/concept-label" xlink:from="Loc_entity00106368_udf_CE_202322783031705_StatementOfChangesInEquityLineItems" xlink:to="Label_entity00106368_udf_CE_202322783031705_StatementOfChangesInEquityLineItems_ko_doc" xlink:type="arc" />
    <link:loc xlink:href="http://dart.fss.or.kr/Resource/Taxonomy/ifrs/2019-10-01/full_ifrs-cor_2019-03-27.xsd#ifrs-full_IncomeTaxesPaidRefundClassifiedAsOperatingActivities" xlink:label="Loc_ifrs-full_IncomeTaxesPaidRefundClassifiedAsOperatingActivities" xlink:type="locator" />
    <link:label xlink:type="resource" xlink:role="http://www.xbrl.org/2009/role/negatedTerseLabel" xlink:label="Label_negatedTerseLabel_ifrs-full_IncomeTaxesPaidRefundClassifiedAsOperatingActivities_ko" xml:lang="ko" id="Label_negatedTerseLabel_ifrs-full_IncomeTaxesPaidRefundClassifiedAsOperatingActivities_ko">법인세납부</link:label>
    <link:labelArc xlink:arcrole="http://www.xbrl.org/2003/arcrole/concept-label" xlink:from="Loc_ifrs-full_IncomeTaxesPaidRefundClassifiedAsOperatingActivities" xlink:to="Label_negatedTerseLabel_ifrs-full_IncomeTaxesPaidRefundClassifiedAsOperatingActivities_ko" xlink:type="arc" priority="1" />
    <link:loc xlink:href="http://dart.fss.or.kr/Resource/Taxonomy/ifrs/2019-10-01/full_ifrs-cor_2019-03-27.xsd#ifrs-full_CashFlowsFromLosingControlOfSubsidiariesOrOtherBusinessesClassifiedAsInvestingActivities" xlink:label="Loc_ifrs-full_CashFlowsFromLosingControlOfSubsidiariesOrOtherBusinessesClassifiedAsInvestingActivities" xlink:type="locator" />
    <link:label xlink:type="resource" xlink:role="http://www.xbrl.org/2003/role/terseLabel" xlink:label="Label_terseLabel_ifrs-full_CashFlowsFromLosingControlOfSubsidiariesOrOtherBusinessesClassifiedAsInvestingActivities_ko" xml:lang="ko" id="Label_terseLabel_ifrs-full_CashFlowsFromLosingControlOfSubsidiariesOrOtherBusinessesClassifiedAsInvestingActivities_ko">사업결합및연결범위변동으로인한현금의증감</link:label>
    <link:labelArc xlink:arcrole="http://www.xbrl.org/2003/arcrole/concept-label" xlink:from="Loc_ifrs-full_CashFlowsFromLosingControlOfSubsidiariesOrOtherBusinessesClassifiedAsInvestingActivities" xlink:to="Label_terseLabel_ifrs-full_CashFlowsFromLosingControlOfSubsidiariesOrOtherBusinessesClassifiedAsInvestingActivities_ko" xlink:type="arc" priority="1" />
    <link:loc xlink:href="http://dart.fss.or.kr/Resource/Taxonomy/ifrs/2019-10-01/full_ifrs-cor_2019-03-27.xsd#ifrs-full_OtherCashReceiptsFromSalesOfInterestsInJointVenturesClassifiedAsInvestingActivities" xlink:label="Loc_ifrs-full_OtherCashReceiptsFromSalesOfInterestsInJointVenturesClassifiedAsInvestingActivities" xlink:type="locator" />
    <link:label xlink:type="resource" xlink:role="http://www.xbrl.org/2003/role/terseLabel" xlink:label="Label_terseLabel_ifrs-full_OtherCashReceiptsFromSalesOfInterestsInJointVenturesClassifiedAsInvestingActivities_ko" xml:lang="ko" id="Label_terseLabel_ifrs-full_OtherCashReceiptsFromSalesOfInterestsInJointVenturesClassifiedAsInvestingActivities_ko">공동기업투자지분의 처분</link:label>
    <link:labelArc xlink:arcrole="http://www.xbrl.org/2003/arcrole/concept-label" xlink:from="Loc_ifrs-full_OtherCashReceiptsFromSalesOfInterestsInJointVenturesClassifiedAsInvestingActivities" xlink:to="Label_terseLabel_ifrs-full_OtherCashReceiptsFromSalesOfInterestsInJointVenturesClassifiedAsInvestingActivities_ko" xlink:type="arc" priority="1" />
    <link:loc xlink:href="http://dart.fss.or.kr/Resource/Taxonomy/ifrs/2019-10-01/full_ifrs-cor_2019-03-27.xsd#ifrs-full_OtherCashPaymentsToAcquireInterestsInJointVenturesClassifiedAsInvestingActivities" xlink:label="Loc_ifrs-full_OtherCashPaymentsToAcquireInterestsInJointVenturesClassifiedAsInvestingActivities" xlink:type="locator" />
    <link:label xlink:type="resource" xlink:role="http://www.xbrl.org/2009/role/negatedTerseLabel" xlink:label="Label_negatedTerseLabel_ifrs-full_OtherCashPaymentsToAcquireInterestsInJointVenturesClassifiedAsInvestingActivities_ko" xml:lang="ko" id="Label_negatedTerseLabel_ifrs-full_OtherCashPaymentsToAcquireInterestsInJointVenturesClassifiedAsInvestingActivities_ko">공동기업투자지분의 취득</link:label>
    <link:labelArc xlink:arcrole="http://www.xbrl.org/2003/arcrole/concept-label" xlink:from="Loc_ifrs-full_OtherCashPaymentsToAcquireInterestsInJointVenturesClassifiedAsInvestingActivities" xlink:to="Label_negatedTerseLabel_ifrs-full_OtherCashPaymentsToAcquireInterestsInJointVenturesClassifiedAsInvestingActivities_ko" xlink:type="arc" priority="1" />
    <link:loc xlink:href="../00106368_entry_point_2012-03-13.xsd#entity00106368_udf_CF_2023224153148157_CashFlowsFromUsedInInvestingActivities" xlink:label="Loc_entity00106368_udf_CF_2023224153148157_CashFlowsFromUsedInInvestingActivities" xlink:type="locator" />
    <link:label xlink:type="resource" xlink:role="http://www.xbrl.org/2003/role/label" xlink:label="Label_label_entity00106368_udf_CF_2023224153148157_CashFlowsFromUsedInInvestingActivities_ko" xml:lang="ko" id="Label_label_entity00106368_udf_CF_2023224153148157_CashFlowsFromUsedInInvestingActivities_ko">기타포괄손익공정가치측정금융자산의 취득</link:label>
    <link:labelArc xlink:arcrole="http://www.xbrl.org/2003/arcrole/concept-label" xlink:from="Loc_entity00106368_udf_CF_2023224153148157_CashFlowsFromUsedInInvestingActivities" xlink:to="Label_label_entity00106368_udf_CF_2023224153148157_CashFlowsFromUsedInInvestingActivities_ko" xlink:type="arc" />
    <link:label xlink:type="resource" xlink:role="http://www.xbrl.org/2003/role/documentation" xlink:label="Label_entity00106368_udf_CF_2023224153148157_CashFlowsFromUsedInInvestingActivities_ko_doc" xml:lang="ko">
    </link:label>
    <link:labelArc xlink:arcrole="http://www.xbrl.org/2003/arcrole/concept-label" xlink:from="Loc_entity00106368_udf_CF_2023224153148157_CashFlowsFromUsedInInvestingActivities" xlink:to="Label_entity00106368_udf_CF_2023224153148157_CashFlowsFromUsedInInvestingActivities_ko_doc" xlink:type="arc" />
    <link:loc xlink:href="http://dart.fss.or.kr/Resource/Taxonomy/ifrs/2019-10-01/dart_2019-10-01.xsd#dart_PurchaseOfFairValueFinancialAsset" xlink:label="Loc_dart_PurchaseOfFairValueFinancialAsset" xlink:type="locator" />
    <link:label xlink:type="resource" xlink:role="http://www.xbrl.org/2003/role/label" xlink:label="Label_label_dart_PurchaseOfFairValueFinancialAsset_ko" xml:lang="ko" id="Label_label_dart_PurchaseOfFairValueFinancialAsset_ko">당기손익-공정가치측정금융자산의 취득</link:label>
    <link:labelArc xlink:arcrole="http://www.xbrl.org/2003/arcrole/concept-label" xlink:from="Loc_dart_PurchaseOfFairValueFinancialAsset" xlink:to="Label_label_dart_PurchaseOfFairValueFinancialAsset_ko" xlink:type="arc" priority="1" />
    <link:loc xlink:href="http://dart.fss.or.kr/Resource/Taxonomy/ifrs/2019-10-01/dart_2019-10-01.xsd#dart_ProceedsFromSalesOfNonCurrentAssetsOrDisposalGroupsClassifiedAsHeldForSale" xlink:label="Loc_dart_ProceedsFromSalesOfNonCurrentAssetsOrDisposalGroupsClassifiedAsHeldForSale" xlink:type="locator" />
    <link:label xlink:type="resource" xlink:role="http://www.xbrl.org/2003/role/label" xlink:label="Label_label_dart_ProceedsFromSalesOfNonCurrentAssetsOrDisposalGroupsClassifiedAsHeldForSale_ko" xml:lang="ko" id="Label_label_dart_ProceedsFromSalesOfNonCurrentAssetsOrDisposalGroupsClassifiedAsHeldForSale_ko">사업부분매각에 따른 순현금흐름</link:label>
    <link:labelArc xlink:arcrole="http://www.xbrl.org/2003/arcrole/concept-label" xlink:from="Loc_dart_ProceedsFromSalesOfNonCurrentAssetsOrDisposalGroupsClassifiedAsHeldForSale" xlink:to="Label_label_dart_ProceedsFromSalesOfNonCurrentAssetsOrDisposalGroupsClassifiedAsHeldForSale_ko" xlink:type="arc" priority="1" />
    <link:loc xlink:href="http://dart.fss.or.kr/Resource/Taxonomy/ifrs/2019-10-01/full_ifrs-cor_2019-03-27.xsd#ifrs-full_ProceedsFromOtherLongtermAssetsClassifiedAsInvestingActivities" xlink:label="Loc_ifrs-full_ProceedsFromOtherLongtermAssetsClassifiedAsInvestingActivities" xlink:type="locator" />
    <link:label xlink:type="resource" xlink:role="http://www.xbrl.org/2003/role/terseLabel" xlink:label="Label_terseLabel_ifrs-full_ProceedsFromOtherLongtermAssetsClassifiedAsInvestingActivities_ko" xml:lang="ko" id="Label_terseLabel_ifrs-full_ProceedsFromOtherLongtermAssetsClassifiedAsInvestingActivities_ko">기타투자자산의 처분</link:label>
    <link:labelArc xlink:arcrole="http://www.xbrl.org/2003/arcrole/concept-label" xlink:from="Loc_ifrs-full_ProceedsFromOtherLongtermAssetsClassifiedAsInvestingActivities" xlink:to="Label_terseLabel_ifrs-full_ProceedsFromOtherLongtermAssetsClassifiedAsInvestingActivities_ko" xlink:type="arc" priority="1" />
    <link:loc xlink:href="http://dart.fss.or.kr/Resource/Taxonomy/ifrs/2019-10-01/full_ifrs-cor_2019-03-27.xsd#ifrs-full_PurchaseOfOtherLongtermAssetsClassifiedAsInvestingActivities" xlink:label="Loc_ifrs-full_PurchaseOfOtherLongtermAssetsClassifiedAsInvestingActivities" xlink:type="locator" />
    <link:label xlink:type="resource" xlink:role="http://www.xbrl.org/2009/role/negatedTerseLabel" xlink:label="Label_negatedTerseLabel_ifrs-full_PurchaseOfOtherLongtermAssetsClassifiedAsInvestingActivities_ko" xml:lang="ko" id="Label_negatedTerseLabel_ifrs-full_PurchaseOfOtherLongtermAssetsClassifiedAsInvestingActivities_ko">기타투자자산의 취득</link:label>
    <link:labelArc xlink:arcrole="http://www.xbrl.org/2003/arcrole/concept-label" xlink:from="Loc_ifrs-full_PurchaseOfOtherLongtermAssetsClassifiedAsInvestingActivities" xlink:to="Label_negatedTerseLabel_ifrs-full_PurchaseOfOtherLongtermAssetsClassifiedAsInvestingActivities_ko" xlink:type="arc" priority="1" />
    <link:loc xlink:href="http://dart.fss.or.kr/Resource/Taxonomy/ifrs/2019-10-01/full_ifrs-cor_2019-03-27.xsd#ifrs-full_ProceedsFromIssuingShares" xlink:label="Loc_ifrs-full_ProceedsFromIssuingShares" xlink:type="locator" />
    <link:label xlink:type="resource" xlink:role="http://www.xbrl.org/2003/role/label" xlink:label="Label_label_ifrs-full_ProceedsFromIssuingShares_ko" xml:lang="ko" id="Label_label_ifrs-full_ProceedsFromIssuingShares_ko">종속기업의 신주발행비</link:label>
    <link:labelArc xlink:arcrole="http://www.xbrl.org/2003/arcrole/concept-label" xlink:from="Loc_ifrs-full_ProceedsFromIssuingShares" xlink:to="Label_label_ifrs-full_ProceedsFromIssuingShares_ko" xlink:type="arc" priority="1" />
    <link:loc xlink:href="http://dart.fss.or.kr/Resource/Taxonomy/ifrs/2019-10-01/dart_2019-10-01.xsd#dart_ProceedsFromShortTermBorrowings" xlink:label="Loc_dart_ProceedsFromShortTermBorrowings" xlink:type="locator" />
    <link:label xlink:type="resource" xlink:role="http://www.xbrl.org/2003/role/label" xlink:label="Label_label_dart_ProceedsFromShortTermBorrowings_ko" xml:lang="ko" id="Label_label_dart_ProceedsFromShortTermBorrowings_ko">단기차입금의 증감</link:label>
    <link:labelArc xlink:arcrole="http://www.xbrl.org/2003/arcrole/concept-label" xlink:from="Loc_dart_ProceedsFromShortTermBorrowings" xlink:to="Label_label_dart_ProceedsFromShortTermBorrowings_ko" xlink:type="arc" priority="1" />
    <link:loc xlink:href="http://dart.fss.or.kr/Resource/Taxonomy/ifrs/2019-10-01/dart_2019-10-01.xsd#dart_RepaymentsOfLongTermBorrowings" xlink:label="Loc_dart_RepaymentsOfLongTermBorrowings" xlink:type="locator" />
    <link:label xlink:type="resource" xlink:role="http://www.xbrl.org/2003/role/label" xlink:label="Label_label_dart_RepaymentsOfLongTermBorrowings_ko" xml:lang="ko" id="Label_label_dart_RepaymentsOfLongTermBorrowings_ko">장기차입금 및 유동성 부채의 상환</link:label>
    <link:labelArc xlink:arcrole="http://www.xbrl.org/2003/arcrole/concept-label" xlink:from="Loc_dart_RepaymentsOfLongTermBorrowings" xlink:to="Label_label_dart_RepaymentsOfLongTermBorrowings_ko" xlink:type="arc" priority="1" />
    <link:loc xlink:href="../00106368_entry_point_2012-03-13.xsd#entity00106368_udf_CF_202211710217754_CashFlowsFromUsedInFinancingActivities" xlink:label="Loc_entity00106368_udf_CF_202211710217754_CashFlowsFromUsedInFinancingActivities" xlink:type="locator" />
    <link:label xlink:type="resource" xlink:role="http://www.xbrl.org/2003/role/label" xlink:label="Label_label_entity00106368_udf_CF_202211710217754_CashFlowsFromUsedInFinancingActivities_ko" xml:lang="ko" id="Label_label_entity00106368_udf_CF_202211710217754_CashFlowsFromUsedInFinancingActivities_ko">파생상품거래의 정산</link:label>
    <link:labelArc xlink:arcrole="http://www.xbrl.org/2003/arcrole/concept-label" xlink:from="Loc_entity00106368_udf_CF_202211710217754_CashFlowsFromUsedInFinancingActivities" xlink:to="Label_label_entity00106368_udf_CF_202211710217754_CashFlowsFromUsedInFinancingActivities_ko" xlink:type="arc" />
    <link:label xlink:type="resource" xlink:role="http://www.xbrl.org/2003/role/documentation" xlink:label="Label_entity00106368_udf_CF_202211710217754_CashFlowsFromUsedInFinancingActivities_ko_doc" xml:lang="ko">
    </link:label>
    <link:labelArc xlink:arcrole="http://www.xbrl.org/2003/arcrole/concept-label" xlink:from="Loc_entity00106368_udf_CF_202211710217754_CashFlowsFromUsedInFinancingActivities" xlink:to="Label_entity00106368_udf_CF_202211710217754_CashFlowsFromUsedInFinancingActivities_ko_doc" xlink:type="arc" />
    <link:loc xlink:href="http://dart.fss.or.kr/Resource/Taxonomy/ifrs/2019-10-01/full_ifrs-cor_2019-03-27.xsd#ifrs-full_PaymentsOfFinanceLeaseLiabilitiesClassifiedAsFinancingActivities" xlink:label="Loc_ifrs-full_PaymentsOfFinanceLeaseLiabilitiesClassifiedAsFinancingActivities" xlink:type="locator" />
    <link:label xlink:type="resource" xlink:role="http://www.xbrl.org/2009/role/negatedTerseLabel" xlink:label="Label_negatedTerseLabel_ifrs-full_PaymentsOfFinanceLeaseLiabilitiesClassifiedAsFinancingActivities_ko" xml:lang="ko" id="Label_negatedTerseLabel_ifrs-full_PaymentsOfFinanceLeaseLiabilitiesClassifiedAsFinancingActivities_ko">리스부채의 상환</link:label>
    <link:labelArc xlink:arcrole="http://www.xbrl.org/2003/arcrole/concept-label" xlink:from="Loc_ifrs-full_PaymentsOfFinanceLeaseLiabilitiesClassifiedAsFinancingActivities" xlink:to="Label_negatedTerseLabel_ifrs-full_PaymentsOfFinanceLeaseLiabilitiesClassifiedAsFinancingActivities_ko" xlink:type="arc" priority="1" />
    <link:loc xlink:href="../00106368_entry_point_2012-03-13.xsd#entity00106368_udf_CF_2023227133337832_CashFlowsFromUsedInInvestingActivities" xlink:label="Loc_entity00106368_udf_CF_2023227133337832_CashFlowsFromUsedInInvestingActivities" xlink:type="locator" />
    <link:label xlink:type="resource" xlink:role="http://www.xbrl.org/2003/role/label" xlink:label="Label_label_entity00106368_udf_CF_2023227133337832_CashFlowsFromUsedInInvestingActivities_ko" xml:lang="ko" id="Label_label_entity00106368_udf_CF_2023227133337832_CashFlowsFromUsedInInvestingActivities_ko">기타포괄손익-공정가치측정금융자산의 취득</link:label>
    <link:labelArc xlink:arcrole="http://www.xbrl.org/2003/arcrole/concept-label" xlink:from="Loc_entity00106368_udf_CF_2023227133337832_CashFlowsFromUsedInInvestingActivities" xlink:to="Label_label_entity00106368_udf_CF_2023227133337832_CashFlowsFromUsedInInvestingActivities_ko" xlink:type="arc" />
    <link:label xlink:type="resource" xlink:role="http://www.xbrl.org/2003/role/documentation" xlink:label="Label_entity00106368_udf_CF_2023227133337832_CashFlowsFromUsedInInvestingActivities_ko_doc" xml:lang="ko">
    </link:label>
    <link:labelArc xlink:arcrole="http://www.xbrl.org/2003/arcrole/concept-label" xlink:from="Loc_entity00106368_udf_CF_2023227133337832_CashFlowsFromUsedInInvestingActivities" xlink:to="Label_entity00106368_udf_CF_2023227133337832_CashFlowsFromUsedInInvestingActivities_ko_doc" xlink:type="arc" />
    <link:loc xlink:href="../00106368_entry_point_2012-03-13.xsd#entity00106368_udf_CF_20221171322277_CashFlowsFromUsedInFinancingActivities" xlink:label="Loc_entity00106368_udf_CF_20221171322277_CashFlowsFromUsedInFinancingActivities" xlink:type="locator" />
    <link:label xlink:type="resource" xlink:role="http://www.xbrl.org/2003/role/label" xlink:label="Label_label_entity00106368_udf_CF_20221171322277_CashFlowsFromUsedInFinancingActivities_ko" xml:lang="ko" id="Label_label_entity00106368_udf_CF_20221171322277_CashFlowsFromUsedInFinancingActivities_ko">파생상품거래정산에 따른 현금유입</link:label>
    <link:labelArc xlink:arcrole="http://www.xbrl.org/2003/arcrole/concept-label" xlink:from="Loc_entity00106368_udf_CF_20221171322277_CashFlowsFromUsedInFinancingActivities" xlink:to="Label_label_entity00106368_udf_CF_20221171322277_CashFlowsFromUsedInFinancingActivities_ko" xlink:type="arc" />
    <link:label xlink:type="resource" xlink:role="http://www.xbrl.org/2003/role/documentation" xlink:label="Label_entity00106368_udf_CF_20221171322277_CashFlowsFromUsedInFinancingActivities_ko_doc" xml:lang="ko">
    </link:label>
    <link:labelArc xlink:arcrole="http://www.xbrl.org/2003/arcrole/concept-label" xlink:from="Loc_entity00106368_udf_CF_20221171322277_CashFlowsFromUsedInFinancingActivities" xlink:to="Label_entity00106368_udf_CF_20221171322277_CashFlowsFromUsedInFinancingActivities_ko_doc" xlink:type="arc" />
    <link:loc xlink:href="../00106368_entry_point_2012-03-13.xsd#entity00106368_udf_IS_20185416411393_OtherComprehensiveIncomeThatWillNotBeReclassifiedToProfitOrLossNetOfTax" xlink:label="Loc_entity00106368_udf_IS_20185416411393_OtherComprehensiveIncomeThatWillNotBeReclassifiedToProfitOrLossNetOfTax" xlink:type="locator" />
    <link:label xlink:type="resource" xlink:role="http://www.xbrl.org/2003/role/label" xlink:label="Label_label_entity00106368_udf_IS_20185416411393_OtherComprehensiveIncomeThatWillNotBeReclassifiedToProfitOrLossNetOfTax_ko" xml:lang="ko" id="Label_label_entity00106368_udf_IS_20185416411393_OtherComprehensiveIncomeThatWillNotBeReclassifiedToProfitOrLossNetOfTax_ko">기타포괄손익-공정가치측정금융자산평가손익</link:label>
    <link:labelArc xlink:arcrole="http://www.xbrl.org/2003/arcrole/concept-label" xlink:from="Loc_entity00106368_udf_IS_20185416411393_OtherComprehensiveIncomeThatWillNotBeReclassifiedToProfitOrLossNetOfTax" xlink:to="Label_label_entity00106368_udf_IS_20185416411393_OtherComprehensiveIncomeThatWillNotBeReclassifiedToProfitOrLossNetOfTax_ko" xlink:type="arc" />
    <link:label xlink:type="resource" xlink:role="http://www.xbrl.org/2003/role/documentation" xlink:label="Label_entity00106368_udf_IS_20185416411393_OtherComprehensiveIncomeThatWillNotBeReclassifiedToProfitOrLossNetOfTax_ko_doc" xml:lang="ko">
    </link:label>
    <link:labelArc xlink:arcrole="http://www.xbrl.org/2003/arcrole/concept-label" xlink:from="Loc_entity00106368_udf_IS_20185416411393_OtherComprehensiveIncomeThatWillNotBeReclassifiedToProfitOrLossNetOfTax" xlink:to="Label_entity00106368_udf_IS_20185416411393_OtherComprehensiveIncomeThatWillNotBeReclassifiedToProfitOrLossNetOfTax_ko_doc" xlink:type="arc" />
    <link:loc xlink:href="../00106368_entry_point_2012-03-13.xsd#entity00106368_udf_IS_201854105342305_OtherComprehensiveIncomeThatWillNotBeReclassifiedToProfitOrLossNetOfTax" xlink:label="Loc_entity00106368_udf_IS_201854105342305_OtherComprehensiveIncomeThatWillNotBeReclassifiedToProfitOrLossNetOfTax" xlink:type="locator" />
    <link:label xlink:type="resource" xlink:role="http://www.xbrl.org/2003/role/label" xlink:label="Label_label_entity00106368_udf_IS_201854105342305_OtherComprehensiveIncomeThatWillNotBeReclassifiedToProfitOrLossNetOfTax_ko" xml:lang="ko" id="Label_label_entity00106368_udf_IS_201854105342305_OtherComprehensiveIncomeThatWillNotBeReclassifiedToProfitOrLossNetOfTax_ko">기타포괄손익-공정가치측정금융자산평가손익</link:label>
    <link:labelArc xlink:arcrole="http://www.xbrl.org/2003/arcrole/concept-label" xlink:from="Loc_entity00106368_udf_IS_201854105342305_OtherComprehensiveIncomeThatWillNotBeReclassifiedToProfitOrLossNetOfTax" xlink:to="Label_label_entity00106368_udf_IS_201854105342305_OtherComprehensiveIncomeThatWillNotBeReclassifiedToProfitOrLossNetOfTax_ko" xlink:type="arc" />
    <link:label xlink:type="resource" xlink:role="http://www.xbrl.org/2003/role/documentation" xlink:label="Label_entity00106368_udf_IS_201854105342305_OtherComprehensiveIncomeThatWillNotBeReclassifiedToProfitOrLossNetOfTax_ko_doc" xml:lang="ko">
    </link:label>
    <link:labelArc xlink:arcrole="http://www.xbrl.org/2003/arcrole/concept-label" xlink:from="Loc_entity00106368_udf_IS_201854105342305_OtherComprehensiveIncomeThatWillNotBeReclassifiedToProfitOrLossNetOfTax" xlink:to="Label_entity00106368_udf_IS_201854105342305_OtherComprehensiveIncomeThatWillNotBeReclassifiedToProfitOrLossNetOfTax_ko_doc" xlink:type="arc" />
    <link:loc xlink:href="../00106368_entry_point_2012-03-13.xsd#entity00106368_udf_IS_202232101458316_OtherComprehensiveIncomeThatWillNotBeReclassifiedToProfitOrLossNetOfTax" xlink:label="Loc_entity00106368_udf_IS_202232101458316_OtherComprehensiveIncomeThatWillNotBeReclassifiedToProfitOrLossNetOfTax" xlink:type="locator" />
    <link:label xlink:type="resource" xlink:role="http://www.xbrl.org/2003/role/label" xlink:label="Label_label_entity00106368_udf_IS_202232101458316_OtherComprehensiveIncomeThatWillNotBeReclassifiedToProfitOrLossNetOfTax_ko" xml:lang="ko" id="Label_label_entity00106368_udf_IS_202232101458316_OtherComprehensiveIncomeThatWillNotBeReclassifiedToProfitOrLossNetOfTax_ko">지분법이익잉여금</link:label>
    <link:labelArc xlink:arcrole="http://www.xbrl.org/2003/arcrole/concept-label" xlink:from="Loc_entity00106368_udf_IS_202232101458316_OtherComprehensiveIncomeThatWillNotBeReclassifiedToProfitOrLossNetOfTax" xlink:to="Label_label_entity00106368_udf_IS_202232101458316_OtherComprehensiveIncomeThatWillNotBeReclassifiedToProfitOrLossNetOfTax_ko" xlink:type="arc" />
    <link:label xlink:type="resource" xlink:role="http://www.xbrl.org/2003/role/documentation" xlink:label="Label_entity00106368_udf_IS_202232101458316_OtherComprehensiveIncomeThatWillNotBeReclassifiedToProfitOrLossNetOfTax_ko_doc" xml:lang="ko">
    </link:label>
    <link:labelArc xlink:arcrole="http://www.xbrl.org/2003/arcrole/concept-label" xlink:from="Loc_entity00106368_udf_IS_202232101458316_OtherComprehensiveIncomeThatWillNotBeReclassifiedToProfitOrLossNetOfTax" xlink:to="Label_entity00106368_udf_IS_202232101458316_OtherComprehensiveIncomeThatWillNotBeReclassifiedToProfitOrLossNetOfTax_ko_doc" xlink:type="arc" />
    <link:loc xlink:href="../00106368_entry_point_2012-03-13.xsd#entity00106368_udf_IS_201872391731417_ShareOfOtherComprehensiveIncomeOfAssociatesAndJointVenturesAccountedForUsingEquityMethodThatWillBeReclassifiedToProfitOrLossNetOfTax" xlink:label="Loc_entity00106368_udf_IS_201872391731417_ShareOfOtherComprehensiveIncomeOfAssociatesAndJointVenturesAccountedForUsingEquityMethodThatWillBeReclassifiedToProfitOrLossNetOfTax" xlink:type="locator" />
    <link:label xlink:type="resource" xlink:role="http://www.xbrl.org/2003/role/label" xlink:label="Label_label_entity00106368_udf_IS_201872391731417_ShareOfOtherComprehensiveIncomeOfAssociatesAndJointVenturesAccountedForUsingEquityMethodThatWillBeReclassifiedToProfitOrLossNetOfTax_ko" xml:lang="ko" id="Label_label_entity00106368_udf_IS_201872391731417_ShareOfOtherComprehensiveIncomeOfAssociatesAndJointVenturesAccountedForUsingEquityMethodThatWillBeReclassifiedToProfitOrLossNetOfTax_ko">지분법 자본변동</link:label>
    <link:labelArc xlink:arcrole="http://www.xbrl.org/2003/arcrole/concept-label" xlink:from="Loc_entity00106368_udf_IS_201872391731417_ShareOfOtherComprehensiveIncomeOfAssociatesAndJointVenturesAccountedForUsingEquityMethodThatWillBeReclassifiedToProfitOrLossNetOfTax" xlink:to="Label_label_entity00106368_udf_IS_201872391731417_ShareOfOtherComprehensiveIncomeOfAssociatesAndJointVenturesAccountedForUsingEquityMethodThatWillBeReclassifiedToProfitOrLossNetOfTax_ko" xlink:type="arc" />
    <link:label xlink:type="resource" xlink:role="http://www.xbrl.org/2003/role/documentation" xlink:label="Label_entity00106368_udf_IS_201872391731417_ShareOfOtherComprehensiveIncomeOfAssociatesAndJointVenturesAccountedForUsingEquityMethodThatWillBeReclassifiedToProfitOrLossNetOfTax_ko_doc" xml:lang="ko">
    </link:label>
    <link:labelArc xlink:arcrole="http://www.xbrl.org/2003/arcrole/concept-label" xlink:from="Loc_entity00106368_udf_IS_201872391731417_ShareOfOtherComprehensiveIncomeOfAssociatesAndJointVenturesAccountedForUsingEquityMethodThatWillBeReclassifiedToProfitOrLossNetOfTax" xlink:to="Label_entity00106368_udf_IS_201872391731417_ShareOfOtherComprehensiveIncomeOfAssociatesAndJointVenturesAccountedForUsingEquityMethodThatWillBeReclassifiedToProfitOrLossNetOfTax_ko_doc" xlink:type="arc" />
    <link:loc xlink:href="http://dart.fss.or.kr/Resource/Taxonomy/ifrs/2019-10-01/full_ifrs-cor_2019-03-27.xsd#ifrs-full_Revenue" xlink:label="Loc_ifrs-full_Revenue" xlink:type="locator" />
    <link:label xlink:type="resource" xlink:role="http://www.xbrl.org/2003/role/label" xlink:label="Label_label_ifrs-full_Revenue_ko" xml:lang="ko" id="Label_label_ifrs-full_Revenue_ko">매출액</link:label>
    <link:labelArc xlink:arcrole="http://www.xbrl.org/2003/arcrole/concept-label" xlink:from="Loc_ifrs-full_Revenue" xlink:to="Label_label_ifrs-full_Revenue_ko" xlink:type="arc" priority="1" />
    <link:loc xlink:href="../00106368_entry_point_2012-03-13.xsd#entity00106368_udf_IS_20182279570378_IncomeStatementAbstract" xlink:label="Loc_entity00106368_udf_IS_20182279570378_IncomeStatementAbstract" xlink:type="locator" />
    <link:label xlink:type="resource" xlink:role="http://www.xbrl.org/2003/role/label" xlink:label="Label_label_entity00106368_udf_IS_20182279570378_IncomeStatementAbstract_ko" xml:lang="ko" id="Label_label_entity00106368_udf_IS_20182279570378_IncomeStatementAbstract_ko">지분법 손익</link:label>
    <link:labelArc xlink:arcrole="http://www.xbrl.org/2003/arcrole/concept-label" xlink:from="Loc_entity00106368_udf_IS_20182279570378_IncomeStatementAbstract" xlink:to="Label_label_entity00106368_udf_IS_20182279570378_IncomeStatementAbstract_ko" xlink:type="arc" />
    <link:label xlink:type="resource" xlink:role="http://www.xbrl.org/2003/role/documentation" xlink:label="Label_entity00106368_udf_IS_20182279570378_IncomeStatementAbstract_ko_doc" xml:lang="ko">
    </link:label>
    <link:labelArc xlink:arcrole="http://www.xbrl.org/2003/arcrole/concept-label" xlink:from="Loc_entity00106368_udf_IS_20182279570378_IncomeStatementAbstract" xlink:to="Label_entity00106368_udf_IS_20182279570378_IncomeStatementAbstract_ko_doc" xlink:type="arc" />
    <link:loc xlink:href="http://dart.fss.or.kr/Resource/Taxonomy/ifrs/2019-10-01/full_ifrs-cor_2019-03-27.xsd#ifrs-full_IntangibleAssetsOtherThanGoodwill" xlink:label="Loc_ifrs-full_IntangibleAssetsOtherThanGoodwill" xlink:type="locator" />
    <link:label xlink:type="resource" xlink:role="http://www.xbrl.org/2003/role/label" xlink:label="Label_label_ifrs-full_IntangibleAssetsOtherThanGoodwill_ko" xml:lang="ko" id="Label_label_ifrs-full_IntangibleAssetsOtherThanGoodwill_ko">무형자산</link:label>
    <link:labelArc xlink:arcrole="http://www.xbrl.org/2003/arcrole/concept-label" xlink:from="Loc_ifrs-full_IntangibleAssetsOtherThanGoodwill" xlink:to="Label_label_ifrs-full_IntangibleAssetsOtherThanGoodwill_ko" xlink:type="arc" priority="1" />
    <link:loc xlink:href="http://dart.fss.or.kr/Resource/Taxonomy/ifrs/2019-10-01/full_ifrs-cor_2019-03-27.xsd#ifrs-full_InvestmentsInSubsidiariesJointVenturesAndAssociates" xlink:label="Loc_ifrs-full_InvestmentsInSubsidiariesJointVenturesAndAssociates" xlink:type="locator" />
    <link:label xlink:type="resource" xlink:role="http://www.xbrl.org/2003/role/label" xlink:label="Label_label_ifrs-full_InvestmentsInSubsidiariesJointVenturesAndAssociates_ko" xml:lang="ko" id="Label_label_ifrs-full_InvestmentsInSubsidiariesJointVenturesAndAssociates_ko">종속기업, 공동기업 및 관계기업 투자주식</link:label>
    <link:labelArc xlink:arcrole="http://www.xbrl.org/2003/arcrole/concept-label" xlink:from="Loc_ifrs-full_InvestmentsInSubsidiariesJointVenturesAndAssociates" xlink:to="Label_label_ifrs-full_InvestmentsInSubsidiariesJointVenturesAndAssociates_ko" xlink:type="arc" priority="1" />
    <link:loc xlink:href="http://dart.fss.or.kr/Resource/Taxonomy/ifrs/2019-10-01/dart_2019-10-01.xsd#dart_InvestedAssetForPostemploymentBenefit" xlink:label="Loc_dart_InvestedAssetForPostemploymentBenefit" xlink:type="locator" />
    <link:label xlink:type="resource" xlink:role="http://www.xbrl.org/2003/role/label" xlink:label="Label_label_dart_InvestedAssetForPostemploymentBenefit_ko" xml:lang="ko" id="Label_label_dart_InvestedAssetForPostemploymentBenefit_ko">순확정급여자산</link:label>
    <link:labelArc xlink:arcrole="http://www.xbrl.org/2003/arcrole/concept-label" xlink:from="Loc_dart_InvestedAssetForPostemploymentBenefit" xlink:to="Label_label_dart_InvestedAssetForPostemploymentBenefit_ko" xlink:type="arc" priority="1" />
    <link:loc xlink:href="http://dart.fss.or.kr/Resource/Taxonomy/ifrs/2019-10-01/dart_2019-10-01.xsd#dart_LongTermLoansGross" xlink:label="Loc_dart_LongTermLoansGross" xlink:type="locator" />
    <link:label xlink:type="resource" xlink:role="http://www.xbrl.org/2003/role/label" xlink:label="Label_label_dart_LongTermLoansGross_ko" xml:lang="ko" id="Label_label_dart_LongTermLoansGross_ko">장기대여금 및 기타채권</link:label>
    <link:labelArc xlink:arcrole="http://www.xbrl.org/2003/arcrole/concept-label" xlink:from="Loc_dart_LongTermLoansGross" xlink:to="Label_label_dart_LongTermLoansGross_ko" xlink:type="arc" priority="1" />
    <link:loc xlink:href="http://dart.fss.or.kr/Resource/Taxonomy/ifrs/2019-10-01/full_ifrs-cor_2019-03-27.xsd#ifrs-full_InvestmentAccountedForUsingEquityMethod" xlink:label="Loc_ifrs-full_InvestmentAccountedForUsingEquityMethod" xlink:type="locator" />
    <link:label xlink:type="resource" xlink:role="http://www.xbrl.org/2003/role/label" xlink:label="Label_label_ifrs-full_InvestmentAccountedForUsingEquityMethod_ko" xml:lang="ko" id="Label_label_ifrs-full_InvestmentAccountedForUsingEquityMethod_ko">공동기업 및 관계기업 투자주식</link:label>
    <link:labelArc xlink:arcrole="http://www.xbrl.org/2003/arcrole/concept-label" xlink:from="Loc_ifrs-full_InvestmentAccountedForUsingEquityMethod" xlink:to="Label_label_ifrs-full_InvestmentAccountedForUsingEquityMethod_ko" xlink:type="arc" priority="1" />
    <link:loc xlink:href="http://dart.fss.or.kr/Resource/Taxonomy/ifrs/2019-10-01/dart_2019-10-01.xsd#dart_ShortTermLoans" xlink:label="Loc_dart_ShortTermLoans" xlink:type="locator" />
    <link:label xlink:type="resource" xlink:role="http://www.xbrl.org/2003/role/label" xlink:label="Label_label_dart_ShortTermLoans_ko" xml:lang="ko" id="Label_label_dart_ShortTermLoans_ko">단기대여금 및 기타채권</link:label>
    <link:labelArc xlink:arcrole="http://www.xbrl.org/2003/arcrole/concept-label" xlink:from="Loc_dart_ShortTermLoans" xlink:to="Label_label_dart_ShortTermLoans_ko" xlink:type="arc" priority="1" />
    <link:loc xlink:href="http://dart.fss.or.kr/Resource/Taxonomy/ifrs/2019-10-01/dart_2019-10-01.xsd#dart_OtherCapitalAdjustments" xlink:label="Loc_dart_OtherCapitalAdjustments" xlink:type="locator" />
    <link:label xlink:type="resource" xlink:role="http://www.xbrl.org/2003/role/label" xlink:label="Label_label_dart_OtherCapitalAdjustments_ko" xml:lang="ko" id="Label_label_dart_OtherCapitalAdjustments_ko">자본조정</link:label>
    <link:labelArc xlink:arcrole="http://www.xbrl.org/2003/arcrole/concept-label" xlink:from="Loc_dart_OtherCapitalAdjustments" xlink:to="Label_label_dart_OtherCapitalAdjustments_ko" xlink:type="arc" priority="1" />
    <link:loc xlink:href="http://dart.fss.or.kr/Resource/Taxonomy/ifrs/2019-10-01/dart_2019-10-01.xsd#dart_LongTermOtherPayablesGross" xlink:label="Loc_dart_LongTermOtherPayablesGross" xlink:type="locator" />
    <link:label xlink:type="resource" xlink:role="http://www.xbrl.org/2003/role/label" xlink:label="Label_label_dart_LongTermOtherPayablesGross_ko" xml:lang="ko" id="Label_label_dart_LongTermOtherPayablesGross_ko">장기미지급금 및 기타채무</link:label>
    <link:labelArc xlink:arcrole="http://www.xbrl.org/2003/arcrole/concept-label" xlink:from="Loc_dart_LongTermOtherPayablesGross" xlink:to="Label_label_dart_LongTermOtherPayablesGross_ko" xlink:type="arc" priority="1" />
    <link:loc xlink:href="http://dart.fss.or.kr/Resource/Taxonomy/ifrs/2019-10-01/dart_2019-10-01.xsd#dart_ShortTermOtherPayables" xlink:label="Loc_dart_ShortTermOtherPayables" xlink:type="locator" />
    <link:label xlink:type="resource" xlink:role="http://www.xbrl.org/2003/role/label" xlink:label="Label_label_dart_ShortTermOtherPayables_ko" xml:lang="ko" id="Label_label_dart_ShortTermOtherPayables_ko">단기미지급금 및 기타채무</link:label>
    <link:labelArc xlink:arcrole="http://www.xbrl.org/2003/arcrole/concept-label" xlink:from="Loc_dart_ShortTermOtherPayables" xlink:to="Label_label_dart_ShortTermOtherPayables_ko" xlink:type="arc" priority="1" />
  </link:labelLink>
</link:linkbase>