<?xml version="1.0" encoding="UTF-8"?>
<!-- Generated by DART -->
<link:linkbase xmlns:link="http://www.xbrl.org/2003/linkbase" xmlns:xlink="http://www.w3.org/1999/xlink" xmlns:xsi="http://www.w3.org/2001/XMLSchema-instance" xmlns:xbrli="http://www.xbrl.org/2003/instance" xsi:schemaLocation="http://www.xbrl.org/2003/linkbase http://www.xbrl.org/2003/xbrl-linkbase-2003-12-31.xsd">
  <link:roleRef roleURI="http://www.xbrl.org/2009/role/negatedLabel" xlink:type="simple" xlink:href="http://www.xbrl.org/lrr/role/negated-2009-12-16.xsd#negatedLabel" />
  <link:roleRef roleURI="http://www.xbrl.org/2009/role/negatedTerseLabel" xlink:type="simple" xlink:href="http://www.xbrl.org/lrr/role/negated-2009-12-16.xsd#negatedTerseLabel" />
  <link:roleRef roleURI="http://www.xbrl.org/2009/role/negatedTotalLabel" xlink:type="simple" xlink:href="http://www.xbrl.org/lrr/role/negated-2009-12-16.xsd#negatedTotalLabel" />
  <link:roleRef roleURI="http://www.xbrl.org/2009/role/negatedPeriodStartLabel" xlink:type="simple" xlink:href="http://www.xbrl.org/lrr/role/negated-2009-12-16.xsd#negatedPeriodStartLabel" />
  <link:roleRef roleURI="http://www.xbrl.org/2009/role/negatedPeriodEndLabel" xlink:type="simple" xlink:href="http://www.xbrl.org/lrr/role/negated-2009-12-16.xsd#negatedPeriodEndLabel" />
  <link:roleRef roleURI="http://www.xbrl.org/2009/role/netLabel" xlink:type="simple" xlink:href="http://www.xbrl.org/lrr/role/net-2009-12-16.xsd#netLabel" />
  <link:roleRef roleURI="http://dart.fss.or.kr/role/2019-10-01/ifrs/dart_label" xlink:type="simple" xlink:href="http://dart.fss.or.kr/Resource/Taxonomy/ifrs/2019-10-01/ifrs_for_dart/rol_dart-label_2019-10-01.xsd#dartLabel" />
  <link:labelLink xlink:type="extended" xlink:role="http://www.xbrl.org/2003/role/link">
    <link:loc xlink:href="http://dart.fss.or.kr/Resource/Taxonomy/ifrs/2019-10-01/full_ifrs-cor_2019-03-27.xsd#ifrs-full_Revenue" xlink:label="Loc_ifrs-full_Revenue" xlink:type="locator" />
    <link:label xlink:type="resource" xlink:role="http://www.xbrl.org/2003/role/label" xlink:label="Label_label_ifrs-full_Revenue_ko" xml:lang="ko" id="Label_label_ifrs-full_Revenue_ko">매출액</link:label>
    <link:labelArc xlink:arcrole="http://www.xbrl.org/2003/arcrole/concept-label" xlink:from="Loc_ifrs-full_Revenue" xlink:to="Label_label_ifrs-full_Revenue_ko" xlink:type="arc" priority="1" />
    <link:loc xlink:href="http://dart.fss.or.kr/Resource/Taxonomy/ifrs/2019-10-01/dart_2019-10-01.xsd#dart_OtherGains" xlink:label="Loc_dart_OtherGains" xlink:type="locator" />
    <link:label xlink:type="resource" xlink:role="http://www.xbrl.org/2003/role/label" xlink:label="Label_label_dart_OtherGains_ko" xml:lang="ko" id="Label_label_dart_OtherGains_ko">기타수익</link:label>
    <link:labelArc xlink:arcrole="http://www.xbrl.org/2003/arcrole/concept-label" xlink:from="Loc_dart_OtherGains" xlink:to="Label_label_dart_OtherGains_ko" xlink:type="arc" priority="1" />
    <link:loc xlink:href="http://dart.fss.or.kr/Resource/Taxonomy/ifrs/2019-10-01/dart_2019-10-01.xsd#dart_OtherLosses" xlink:label="Loc_dart_OtherLosses" xlink:type="locator" />
    <link:label xlink:type="resource" xlink:role="http://www.xbrl.org/2003/role/label" xlink:label="Label_label_dart_OtherLosses_ko" xml:lang="ko" id="Label_label_dart_OtherLosses_ko">기타비용</link:label>
    <link:labelArc xlink:arcrole="http://www.xbrl.org/2003/arcrole/concept-label" xlink:from="Loc_dart_OtherLosses" xlink:to="Label_label_dart_OtherLosses_ko" xlink:type="arc" priority="1" />
    <link:loc xlink:href="http://dart.fss.or.kr/Resource/Taxonomy/ifrs/2019-10-01/full_ifrs-cor_2019-03-27.xsd#ifrs-full_FinanceCosts" xlink:label="Loc_ifrs-full_FinanceCosts" xlink:type="locator" />
    <link:label xlink:type="resource" xlink:role="http://www.xbrl.org/2003/role/label" xlink:label="Label_label_ifrs-full_FinanceCosts_ko" xml:lang="ko" id="Label_label_ifrs-full_FinanceCosts_ko">금융비용</link:label>
    <link:labelArc xlink:arcrole="http://www.xbrl.org/2003/arcrole/concept-label" xlink:from="Loc_ifrs-full_FinanceCosts" xlink:to="Label_label_ifrs-full_FinanceCosts_ko" xlink:type="arc" priority="1" />
    <link:loc xlink:href="http://dart.fss.or.kr/Resource/Taxonomy/ifrs/2019-10-01/full_ifrs-cor_2019-03-27.xsd#ifrs-full_ProfitLossBeforeTax" xlink:label="Loc_ifrs-full_ProfitLossBeforeTax" xlink:type="locator" />
    <link:label xlink:type="resource" xlink:role="http://www.xbrl.org/2003/role/label" xlink:label="Label_label_ifrs-full_ProfitLossBeforeTax_ko" xml:lang="ko" id="Label_label_ifrs-full_ProfitLossBeforeTax_ko">법인세비용차감전순이익</link:label>
    <link:labelArc xlink:arcrole="http://www.xbrl.org/2003/arcrole/concept-label" xlink:from="Loc_ifrs-full_ProfitLossBeforeTax" xlink:to="Label_label_ifrs-full_ProfitLossBeforeTax_ko" xlink:type="arc" priority="1" />
    <link:loc xlink:href="../00309503_entry_point_2014-03-31.xsd#entity00309503_udf_IS_2022317102322690_OtherComprehensiveIncome" xlink:label="Loc_entity00309503_udf_IS_2022317102322690_OtherComprehensiveIncome" xlink:type="locator" />
    <link:label xlink:type="resource" xlink:role="http://www.xbrl.org/2003/role/label" xlink:label="Label_label_entity00309503_udf_IS_2022317102322690_OtherComprehensiveIncome_ko" xml:lang="ko" id="Label_label_entity00309503_udf_IS_2022317102322690_OtherComprehensiveIncome_ko">후속적으로 당기손익으로 재분류되지 않는 항목</link:label>
    <link:labelArc xlink:arcrole="http://www.xbrl.org/2003/arcrole/concept-label" xlink:from="Loc_entity00309503_udf_IS_2022317102322690_OtherComprehensiveIncome" xlink:to="Label_label_entity00309503_udf_IS_2022317102322690_OtherComprehensiveIncome_ko" xlink:type="arc" />
    <link:label xlink:type="resource" xlink:role="http://www.xbrl.org/2003/role/documentation" xlink:label="Label_entity00309503_udf_IS_2022317102322690_OtherComprehensiveIncome_ko_doc" xml:lang="ko">
    </link:label>
    <link:labelArc xlink:arcrole="http://www.xbrl.org/2003/arcrole/concept-label" xlink:from="Loc_entity00309503_udf_IS_2022317102322690_OtherComprehensiveIncome" xlink:to="Label_entity00309503_udf_IS_2022317102322690_OtherComprehensiveIncome_ko_doc" xlink:type="arc" />
    <link:loc xlink:href="../00309503_entry_point_2014-03-31.xsd#entity00309503_udf_IS_2022317102341121_udf_IS_2022317102322690_OtherComprehensiveIncome" xlink:label="Loc_entity00309503_udf_IS_2022317102341121_udf_IS_2022317102322690_OtherComprehensiveIncome" xlink:type="locator" />
    <link:label xlink:type="resource" xlink:role="http://www.xbrl.org/2003/role/label" xlink:label="Label_label_entity00309503_udf_IS_2022317102341121_udf_IS_2022317102322690_OtherComprehensiveIncome_ko" xml:lang="ko" id="Label_label_entity00309503_udf_IS_2022317102341121_udf_IS_2022317102322690_OtherComprehensiveIncome_ko">순확정급여부채의 재측정요소</link:label>
    <link:labelArc xlink:arcrole="http://www.xbrl.org/2003/arcrole/concept-label" xlink:from="Loc_entity00309503_udf_IS_2022317102341121_udf_IS_2022317102322690_OtherComprehensiveIncome" xlink:to="Label_label_entity00309503_udf_IS_2022317102341121_udf_IS_2022317102322690_OtherComprehensiveIncome_ko" xlink:type="arc" />
    <link:label xlink:type="resource" xlink:role="http://www.xbrl.org/2003/role/documentation" xlink:label="Label_entity00309503_udf_IS_2022317102341121_udf_IS_2022317102322690_OtherComprehensiveIncome_ko_doc" xml:lang="ko">
    </link:label>
    <link:labelArc xlink:arcrole="http://www.xbrl.org/2003/arcrole/concept-label" xlink:from="Loc_entity00309503_udf_IS_2022317102341121_udf_IS_2022317102322690_OtherComprehensiveIncome" xlink:to="Label_entity00309503_udf_IS_2022317102341121_udf_IS_2022317102322690_OtherComprehensiveIncome_ko_doc" xlink:type="arc" />
    <link:loc xlink:href="../00309503_entry_point_2014-03-31.xsd#entity00309503_udf_IS_202231710235426_udf_IS_2022317102322690_OtherComprehensiveIncome" xlink:label="Loc_entity00309503_udf_IS_202231710235426_udf_IS_2022317102322690_OtherComprehensiveIncome" xlink:type="locator" />
    <link:label xlink:type="resource" xlink:role="http://www.xbrl.org/2003/role/label" xlink:label="Label_label_entity00309503_udf_IS_202231710235426_udf_IS_2022317102322690_OtherComprehensiveIncome_ko" xml:lang="ko" id="Label_label_entity00309503_udf_IS_202231710235426_udf_IS_2022317102322690_OtherComprehensiveIncome_ko">기타포괄손익관련 법인세효과</link:label>
    <link:labelArc xlink:arcrole="http://www.xbrl.org/2003/arcrole/concept-label" xlink:from="Loc_entity00309503_udf_IS_202231710235426_udf_IS_2022317102322690_OtherComprehensiveIncome" xlink:to="Label_label_entity00309503_udf_IS_202231710235426_udf_IS_2022317102322690_OtherComprehensiveIncome_ko" xlink:type="arc" />
    <link:label xlink:type="resource" xlink:role="http://www.xbrl.org/2003/role/documentation" xlink:label="Label_entity00309503_udf_IS_202231710235426_udf_IS_2022317102322690_OtherComprehensiveIncome_ko_doc" xml:lang="ko">
    </link:label>
    <link:labelArc xlink:arcrole="http://www.xbrl.org/2003/arcrole/concept-label" xlink:from="Loc_entity00309503_udf_IS_202231710235426_udf_IS_2022317102322690_OtherComprehensiveIncome" xlink:to="Label_entity00309503_udf_IS_202231710235426_udf_IS_2022317102322690_OtherComprehensiveIncome_ko_doc" xlink:type="arc" />
    <link:loc xlink:href="http://dart.fss.or.kr/Resource/Taxonomy/ifrs/2019-10-01/dart_2019-10-01.xsd#dart_OtherComprehensiveIncomeThatWillNotBeReclassifiedToProfitOrLossNetOfTax" xlink:label="Loc_dart_OtherComprehensiveIncomeThatWillNotBeReclassifiedToProfitOrLossNetOfTax" xlink:type="locator" />
    <link:label xlink:type="resource" xlink:role="http://dart.fss.or.kr/role/2019-10-01/ifrs/dart_label" xlink:label="Label_dart_label_dart_OtherComprehensiveIncomeThatWillNotBeReclassifiedToProfitOrLossNetOfTax_ko" xml:lang="ko" id="Label_dart_label_dart_OtherComprehensiveIncomeThatWillNotBeReclassifiedToProfitOrLossNetOfTax_ko">후속적으로 당기손익으로 재분류되지 않는 항목</link:label>
    <link:labelArc xlink:arcrole="http://www.xbrl.org/2003/arcrole/concept-label" xlink:from="Loc_dart_OtherComprehensiveIncomeThatWillNotBeReclassifiedToProfitOrLossNetOfTax" xlink:to="Label_dart_label_dart_OtherComprehensiveIncomeThatWillNotBeReclassifiedToProfitOrLossNetOfTax_ko" xlink:type="arc" priority="1" />
    <link:loc xlink:href="http://dart.fss.or.kr/Resource/Taxonomy/ifrs/2019-10-01/dart_2019-10-01.xsd#dart_OtherComprehensiveIncomeNetOfTaxGainsLossesOnRemeasurementsOfDefinedBenefitPlans" xlink:label="Loc_dart_OtherComprehensiveIncomeNetOfTaxGainsLossesOnRemeasurementsOfDefinedBenefitPlans" xlink:type="locator" />
    <link:label xlink:type="resource" xlink:role="http://dart.fss.or.kr/role/2019-10-01/ifrs/dart_label" xlink:label="Label_dart_label_dart_OtherComprehensiveIncomeNetOfTaxGainsLossesOnRemeasurementsOfDefinedBenefitPlans_ko" xml:lang="ko" id="Label_dart_label_dart_OtherComprehensiveIncomeNetOfTaxGainsLossesOnRemeasurementsOfDefinedBenefitPlans_ko">순확정급여부채의 재측정요소</link:label>
    <link:labelArc xlink:arcrole="http://www.xbrl.org/2003/arcrole/concept-label" xlink:from="Loc_dart_OtherComprehensiveIncomeNetOfTaxGainsLossesOnRemeasurementsOfDefinedBenefitPlans" xlink:to="Label_dart_label_dart_OtherComprehensiveIncomeNetOfTaxGainsLossesOnRemeasurementsOfDefinedBenefitPlans_ko" xlink:type="arc" priority="1" />
    <link:loc xlink:href="http://dart.fss.or.kr/Resource/Taxonomy/ifrs/2019-10-01/dart_2019-10-01.xsd#dart_OtherComprehensiveIncomeThatWillBeReclassifiedToProfitOrLossNetOfTax" xlink:label="Loc_dart_OtherComprehensiveIncomeThatWillBeReclassifiedToProfitOrLossNetOfTax" xlink:type="locator" />
    <link:label xlink:type="resource" xlink:role="http://dart.fss.or.kr/role/2019-10-01/ifrs/dart_label" xlink:label="Label_dart_label_dart_OtherComprehensiveIncomeThatWillBeReclassifiedToProfitOrLossNetOfTax_ko" xml:lang="ko" id="Label_dart_label_dart_OtherComprehensiveIncomeThatWillBeReclassifiedToProfitOrLossNetOfTax_ko">후속적으로 당기손익으로 재분류될 수 있는 항목</link:label>
    <link:labelArc xlink:arcrole="http://www.xbrl.org/2003/arcrole/concept-label" xlink:from="Loc_dart_OtherComprehensiveIncomeThatWillBeReclassifiedToProfitOrLossNetOfTax" xlink:to="Label_dart_label_dart_OtherComprehensiveIncomeThatWillBeReclassifiedToProfitOrLossNetOfTax_ko" xlink:type="arc" priority="1" />
    <link:loc xlink:href="http://dart.fss.or.kr/Resource/Taxonomy/ifrs/2019-10-01/full_ifrs-cor_2019-03-27.xsd#ifrs-full_GainsLossesOnExchangeDifferencesOnTranslationNetOfTax" xlink:label="Loc_ifrs-full_GainsLossesOnExchangeDifferencesOnTranslationNetOfTax" xlink:type="locator" />
    <link:label xlink:type="resource" xlink:role="http://dart.fss.or.kr/role/2019-10-01/ifrs/dart_label" xlink:label="Label_dart_label_ifrs-full_GainsLossesOnExchangeDifferencesOnTranslationNetOfTax_ko" xml:lang="ko" id="Label_dart_label_ifrs-full_GainsLossesOnExchangeDifferencesOnTranslationNetOfTax_ko">해외사업장환산외환차이</link:label>
    <link:labelArc xlink:arcrole="http://www.xbrl.org/2003/arcrole/concept-label" xlink:from="Loc_ifrs-full_GainsLossesOnExchangeDifferencesOnTranslationNetOfTax" xlink:to="Label_dart_label_ifrs-full_GainsLossesOnExchangeDifferencesOnTranslationNetOfTax_ko" xlink:type="arc" priority="1" />
    <link:loc xlink:href="http://dart.fss.or.kr/Resource/Taxonomy/ifrs/2019-10-01/full_ifrs-cor_2019-03-27.xsd#ifrs-full_ComprehensiveIncome" xlink:label="Loc_ifrs-full_ComprehensiveIncome" xlink:type="locator" />
    <link:label xlink:type="resource" xlink:role="http://www.xbrl.org/2003/role/totalLabel" xlink:label="Label_totalLabel_ifrs-full_ComprehensiveIncome_ko" xml:lang="ko" id="Label_totalLabel_ifrs-full_ComprehensiveIncome_ko">총포괄이익</link:label>
    <link:labelArc xlink:arcrole="http://www.xbrl.org/2003/arcrole/concept-label" xlink:from="Loc_ifrs-full_ComprehensiveIncome" xlink:to="Label_totalLabel_ifrs-full_ComprehensiveIncome_ko" xlink:type="arc" priority="1" />
    <link:loc xlink:href="http://dart.fss.or.kr/Resource/Taxonomy/ifrs/2019-10-01/full_ifrs-cor_2019-03-27.xsd#ifrs-full_BasicEarningsLossPerShare" xlink:label="Loc_ifrs-full_BasicEarningsLossPerShare" xlink:type="locator" />
    <link:label xlink:type="resource" xlink:role="http://www.xbrl.org/2003/role/label" xlink:label="Label_label_ifrs-full_BasicEarningsLossPerShare_ko" xml:lang="ko" id="Label_label_ifrs-full_BasicEarningsLossPerShare_ko">기본 및 희석주당이익</link:label>
    <link:labelArc xlink:arcrole="http://www.xbrl.org/2003/arcrole/concept-label" xlink:from="Loc_ifrs-full_BasicEarningsLossPerShare" xlink:to="Label_label_ifrs-full_BasicEarningsLossPerShare_ko" xlink:type="arc" priority="1" />
    <link:loc xlink:href="../00309503_entry_point_2014-03-31.xsd#entity00309503_udf_IS_201989135813189_StatementOfComprehensiveIncomeAbstract" xlink:label="Loc_entity00309503_udf_IS_201989135813189_StatementOfComprehensiveIncomeAbstract" xlink:type="locator" />
    <link:label xlink:type="resource" xlink:role="http://www.xbrl.org/2003/role/label" xlink:label="Label_label_entity00309503_udf_IS_201989135813189_StatementOfComprehensiveIncomeAbstract_ko" xml:lang="ko" id="Label_label_entity00309503_udf_IS_201989135813189_StatementOfComprehensiveIncomeAbstract_ko">지분법이익</link:label>
    <link:labelArc xlink:arcrole="http://www.xbrl.org/2003/arcrole/concept-label" xlink:from="Loc_entity00309503_udf_IS_201989135813189_StatementOfComprehensiveIncomeAbstract" xlink:to="Label_label_entity00309503_udf_IS_201989135813189_StatementOfComprehensiveIncomeAbstract_ko" xlink:type="arc" />
    <link:label xlink:type="resource" xlink:role="http://www.xbrl.org/2003/role/documentation" xlink:label="Label_entity00309503_udf_IS_201989135813189_StatementOfComprehensiveIncomeAbstract_ko_doc" xml:lang="ko">
    </link:label>
    <link:labelArc xlink:arcrole="http://www.xbrl.org/2003/arcrole/concept-label" xlink:from="Loc_entity00309503_udf_IS_201989135813189_StatementOfComprehensiveIncomeAbstract" xlink:to="Label_entity00309503_udf_IS_201989135813189_StatementOfComprehensiveIncomeAbstract_ko_doc" xlink:type="arc" />
    <link:loc xlink:href="../00309503_entry_point_2014-03-31.xsd#entity00309503_udf_IS_2017111013826941_StatementOfComprehensiveIncomeAbstract" xlink:label="Loc_entity00309503_udf_IS_2017111013826941_StatementOfComprehensiveIncomeAbstract" xlink:type="locator" />
    <link:label xlink:type="resource" xlink:role="http://www.xbrl.org/2003/role/label" xlink:label="Label_label_entity00309503_udf_IS_2017111013826941_StatementOfComprehensiveIncomeAbstract_ko" xml:lang="ko" id="Label_label_entity00309503_udf_IS_2017111013826941_StatementOfComprehensiveIncomeAbstract_ko">지분법손실</link:label>
    <link:labelArc xlink:arcrole="http://www.xbrl.org/2003/arcrole/concept-label" xlink:from="Loc_entity00309503_udf_IS_2017111013826941_StatementOfComprehensiveIncomeAbstract" xlink:to="Label_label_entity00309503_udf_IS_2017111013826941_StatementOfComprehensiveIncomeAbstract_ko" xlink:type="arc" />
    <link:label xlink:type="resource" xlink:role="http://www.xbrl.org/2003/role/documentation" xlink:label="Label_entity00309503_udf_IS_2017111013826941_StatementOfComprehensiveIncomeAbstract_ko_doc" xml:lang="ko">
    </link:label>
    <link:labelArc xlink:arcrole="http://www.xbrl.org/2003/arcrole/concept-label" xlink:from="Loc_entity00309503_udf_IS_2017111013826941_StatementOfComprehensiveIncomeAbstract" xlink:to="Label_entity00309503_udf_IS_2017111013826941_StatementOfComprehensiveIncomeAbstract_ko_doc" xlink:type="arc" />
    <link:loc xlink:href="../00309503_entry_point_2014-03-31.xsd#entity00309503_udf_IS_2020320131740852_OtherComprehensiveIncomeThatWillNotBeReclassifiedToProfitOrLossNetOfTax" xlink:label="Loc_entity00309503_udf_IS_2020320131740852_OtherComprehensiveIncomeThatWillNotBeReclassifiedToProfitOrLossNetOfTax" xlink:type="locator" />
    <link:label xlink:type="resource" xlink:role="http://www.xbrl.org/2003/role/label" xlink:label="Label_label_entity00309503_udf_IS_2020320131740852_OtherComprehensiveIncomeThatWillNotBeReclassifiedToProfitOrLossNetOfTax_ko" xml:lang="ko" id="Label_label_entity00309503_udf_IS_2020320131740852_OtherComprehensiveIncomeThatWillNotBeReclassifiedToProfitOrLossNetOfTax_ko">기타포괄손익관련 법인세효과</link:label>
    <link:labelArc xlink:arcrole="http://www.xbrl.org/2003/arcrole/concept-label" xlink:from="Loc_entity00309503_udf_IS_2020320131740852_OtherComprehensiveIncomeThatWillNotBeReclassifiedToProfitOrLossNetOfTax" xlink:to="Label_label_entity00309503_udf_IS_2020320131740852_OtherComprehensiveIncomeThatWillNotBeReclassifiedToProfitOrLossNetOfTax_ko" xlink:type="arc" />
    <link:label xlink:type="resource" xlink:role="http://www.xbrl.org/2003/role/documentation" xlink:label="Label_entity00309503_udf_IS_2020320131740852_OtherComprehensiveIncomeThatWillNotBeReclassifiedToProfitOrLossNetOfTax_ko_doc" xml:lang="ko">
    </link:label>
    <link:labelArc xlink:arcrole="http://www.xbrl.org/2003/arcrole/concept-label" xlink:from="Loc_entity00309503_udf_IS_2020320131740852_OtherComprehensiveIncomeThatWillNotBeReclassifiedToProfitOrLossNetOfTax" xlink:to="Label_entity00309503_udf_IS_2020320131740852_OtherComprehensiveIncomeThatWillNotBeReclassifiedToProfitOrLossNetOfTax_ko_doc" xlink:type="arc" />
    <link:loc xlink:href="../00309503_entry_point_2014-03-31.xsd#entity00309503_udf_IS_202231711823686_OtherComprehensiveIncomeThatWillBeReclassifiedToProfitOrLossNetOfTax" xlink:label="Loc_entity00309503_udf_IS_202231711823686_OtherComprehensiveIncomeThatWillBeReclassifiedToProfitOrLossNetOfTax" xlink:type="locator" />
    <link:label xlink:type="resource" xlink:role="http://www.xbrl.org/2003/role/label" xlink:label="Label_label_entity00309503_udf_IS_202231711823686_OtherComprehensiveIncomeThatWillBeReclassifiedToProfitOrLossNetOfTax_ko" xml:lang="ko" id="Label_label_entity00309503_udf_IS_202231711823686_OtherComprehensiveIncomeThatWillBeReclassifiedToProfitOrLossNetOfTax_ko">지분법자본변동</link:label>
    <link:labelArc xlink:arcrole="http://www.xbrl.org/2003/arcrole/concept-label" xlink:from="Loc_entity00309503_udf_IS_202231711823686_OtherComprehensiveIncomeThatWillBeReclassifiedToProfitOrLossNetOfTax" xlink:to="Label_label_entity00309503_udf_IS_202231711823686_OtherComprehensiveIncomeThatWillBeReclassifiedToProfitOrLossNetOfTax_ko" xlink:type="arc" />
    <link:label xlink:type="resource" xlink:role="http://www.xbrl.org/2003/role/documentation" xlink:label="Label_entity00309503_udf_IS_202231711823686_OtherComprehensiveIncomeThatWillBeReclassifiedToProfitOrLossNetOfTax_ko_doc" xml:lang="ko">
    </link:label>
    <link:labelArc xlink:arcrole="http://www.xbrl.org/2003/arcrole/concept-label" xlink:from="Loc_entity00309503_udf_IS_202231711823686_OtherComprehensiveIncomeThatWillBeReclassifiedToProfitOrLossNetOfTax" xlink:to="Label_entity00309503_udf_IS_202231711823686_OtherComprehensiveIncomeThatWillBeReclassifiedToProfitOrLossNetOfTax_ko_doc" xlink:type="arc" />
    <link:loc xlink:href="http://dart.fss.or.kr/Resource/Taxonomy/ifrs/2019-10-01/full_ifrs-cor_2019-03-27.xsd#ifrs-full_ProfitLossAttributableToAbstract" xlink:label="Loc_ifrs-full_ProfitLossAttributableToAbstract" xlink:type="locator" />
    <link:label xlink:type="resource" xlink:role="http://www.xbrl.org/2003/role/label" xlink:label="Label_label_ifrs-full_ProfitLossAttributableToAbstract_ko" xml:lang="ko" id="Label_label_ifrs-full_ProfitLossAttributableToAbstract_ko">당기순이익의 귀속</link:label>
    <link:labelArc xlink:arcrole="http://www.xbrl.org/2003/arcrole/concept-label" xlink:from="Loc_ifrs-full_ProfitLossAttributableToAbstract" xlink:to="Label_label_ifrs-full_ProfitLossAttributableToAbstract_ko" xlink:type="arc" priority="1" />
    <link:loc xlink:href="http://dart.fss.or.kr/Resource/Taxonomy/ifrs/2019-10-01/full_ifrs-cor_2019-03-27.xsd#ifrs-full_ProfitLossAttributableToOwnersOfParent" xlink:label="Loc_ifrs-full_ProfitLossAttributableToOwnersOfParent" xlink:type="locator" />
    <link:label xlink:type="resource" xlink:role="http://www.xbrl.org/2003/role/label" xlink:label="Label_label_ifrs-full_ProfitLossAttributableToOwnersOfParent_ko" xml:lang="ko" id="Label_label_ifrs-full_ProfitLossAttributableToOwnersOfParent_ko">지배기업소유지분</link:label>
    <link:labelArc xlink:arcrole="http://www.xbrl.org/2003/arcrole/concept-label" xlink:from="Loc_ifrs-full_ProfitLossAttributableToOwnersOfParent" xlink:to="Label_label_ifrs-full_ProfitLossAttributableToOwnersOfParent_ko" xlink:type="arc" priority="1" />
    <link:loc xlink:href="http://dart.fss.or.kr/Resource/Taxonomy/ifrs/2019-10-01/full_ifrs-cor_2019-03-27.xsd#ifrs-full_ProfitLossAttributableToNoncontrollingInterests" xlink:label="Loc_ifrs-full_ProfitLossAttributableToNoncontrollingInterests" xlink:type="locator" />
    <link:label xlink:type="resource" xlink:role="http://www.xbrl.org/2003/role/label" xlink:label="Label_label_ifrs-full_ProfitLossAttributableToNoncontrollingInterests_ko" xml:lang="ko" id="Label_label_ifrs-full_ProfitLossAttributableToNoncontrollingInterests_ko">비지배지분</link:label>
    <link:labelArc xlink:arcrole="http://www.xbrl.org/2003/arcrole/concept-label" xlink:from="Loc_ifrs-full_ProfitLossAttributableToNoncontrollingInterests" xlink:to="Label_label_ifrs-full_ProfitLossAttributableToNoncontrollingInterests_ko" xlink:type="arc" priority="1" />
    <link:loc xlink:href="http://dart.fss.or.kr/Resource/Taxonomy/ifrs/2019-10-01/full_ifrs-cor_2019-03-27.xsd#ifrs-full_ComprehensiveIncomeAttributableToOwnersOfParent" xlink:label="Loc_ifrs-full_ComprehensiveIncomeAttributableToOwnersOfParent" xlink:type="locator" />
    <link:label xlink:type="resource" xlink:role="http://www.xbrl.org/2003/role/label" xlink:label="Label_label_ifrs-full_ComprehensiveIncomeAttributableToOwnersOfParent_ko" xml:lang="ko" id="Label_label_ifrs-full_ComprehensiveIncomeAttributableToOwnersOfParent_ko">지배기업소유지분</link:label>
    <link:labelArc xlink:arcrole="http://www.xbrl.org/2003/arcrole/concept-label" xlink:from="Loc_ifrs-full_ComprehensiveIncomeAttributableToOwnersOfParent" xlink:to="Label_label_ifrs-full_ComprehensiveIncomeAttributableToOwnersOfParent_ko" xlink:type="arc" priority="1" />
    <link:loc xlink:href="http://dart.fss.or.kr/Resource/Taxonomy/ifrs/2019-10-01/full_ifrs-cor_2019-03-27.xsd#ifrs-full_ComprehensiveIncomeAttributableToNoncontrollingInterests" xlink:label="Loc_ifrs-full_ComprehensiveIncomeAttributableToNoncontrollingInterests" xlink:type="locator" />
    <link:label xlink:type="resource" xlink:role="http://www.xbrl.org/2003/role/label" xlink:label="Label_label_ifrs-full_ComprehensiveIncomeAttributableToNoncontrollingInterests_ko" xml:lang="ko" id="Label_label_ifrs-full_ComprehensiveIncomeAttributableToNoncontrollingInterests_ko">비지배지분</link:label>
    <link:labelArc xlink:arcrole="http://www.xbrl.org/2003/arcrole/concept-label" xlink:from="Loc_ifrs-full_ComprehensiveIncomeAttributableToNoncontrollingInterests" xlink:to="Label_label_ifrs-full_ComprehensiveIncomeAttributableToNoncontrollingInterests_ko" xlink:type="arc" priority="1" />
    <link:loc xlink:href="http://dart.fss.or.kr/Resource/Taxonomy/ifrs/2019-10-01/dart_2019-10-01.xsd#dart_CapitalSurplusMember" xlink:label="Loc_dart_CapitalSurplusMember" xlink:type="locator" />
    <link:label xlink:type="resource" xlink:role="http://www.xbrl.org/2003/role/label" xlink:label="Label_label_dart_CapitalSurplusMember_ko" xml:lang="ko" id="Label_label_dart_CapitalSurplusMember_ko">주식발행초과금</link:label>
    <link:labelArc xlink:arcrole="http://www.xbrl.org/2003/arcrole/concept-label" xlink:from="Loc_dart_CapitalSurplusMember" xlink:to="Label_label_dart_CapitalSurplusMember_ko" xlink:type="arc" priority="1" />
    <link:loc xlink:href="http://dart.fss.or.kr/Resource/Taxonomy/ifrs/2019-10-01/dart_2019-10-01.xsd#dart_ElementsOfOtherStockholdersEquityMember" xlink:label="Loc_dart_ElementsOfOtherStockholdersEquityMember" xlink:type="locator" />
    <link:label xlink:type="resource" xlink:role="http://www.xbrl.org/2003/role/label" xlink:label="Label_label_dart_ElementsOfOtherStockholdersEquityMember_ko" xml:lang="ko" id="Label_label_dart_ElementsOfOtherStockholdersEquityMember_ko">기타자본항목</link:label>
    <link:labelArc xlink:arcrole="http://www.xbrl.org/2003/arcrole/concept-label" xlink:from="Loc_dart_ElementsOfOtherStockholdersEquityMember" xlink:to="Label_label_dart_ElementsOfOtherStockholdersEquityMember_ko" xlink:type="arc" priority="1" />
    <link:loc xlink:href="../00309503_entry_point_2014-03-31.xsd#entity00309503_udf_CE_202032014272964_StatementOfChangesInEquityLineItems" xlink:label="Loc_entity00309503_udf_CE_202032014272964_StatementOfChangesInEquityLineItems" xlink:type="locator" />
    <link:label xlink:type="resource" xlink:role="http://www.xbrl.org/2003/role/label" xlink:label="Label_label_entity00309503_udf_CE_202032014272964_StatementOfChangesInEquityLineItems_ko" xml:lang="ko" id="Label_label_entity00309503_udf_CE_202032014272964_StatementOfChangesInEquityLineItems_ko">순확정급여부채의 재측정요소</link:label>
    <link:labelArc xlink:arcrole="http://www.xbrl.org/2003/arcrole/concept-label" xlink:from="Loc_entity00309503_udf_CE_202032014272964_StatementOfChangesInEquityLineItems" xlink:to="Label_label_entity00309503_udf_CE_202032014272964_StatementOfChangesInEquityLineItems_ko" xlink:type="arc" />
    <link:label xlink:type="resource" xlink:role="http://www.xbrl.org/2003/role/documentation" xlink:label="Label_entity00309503_udf_CE_202032014272964_StatementOfChangesInEquityLineItems_ko_doc" xml:lang="ko">
    </link:label>
    <link:labelArc xlink:arcrole="http://www.xbrl.org/2003/arcrole/concept-label" xlink:from="Loc_entity00309503_udf_CE_202032014272964_StatementOfChangesInEquityLineItems" xlink:to="Label_entity00309503_udf_CE_202032014272964_StatementOfChangesInEquityLineItems_ko_doc" xlink:type="arc" />
    <link:loc xlink:href="../00309503_entry_point_2014-03-31.xsd#entity00309503_udf_CE_20195822295923_StatementOfChangesInEquityLineItems" xlink:label="Loc_entity00309503_udf_CE_20195822295923_StatementOfChangesInEquityLineItems" xlink:type="locator" />
    <link:label xlink:type="resource" xlink:role="http://www.xbrl.org/2003/role/label" xlink:label="Label_label_entity00309503_udf_CE_20195822295923_StatementOfChangesInEquityLineItems_ko" xml:lang="ko" id="Label_label_entity00309503_udf_CE_20195822295923_StatementOfChangesInEquityLineItems_ko">해외사업환산손익</link:label>
    <link:labelArc xlink:arcrole="http://www.xbrl.org/2003/arcrole/concept-label" xlink:from="Loc_entity00309503_udf_CE_20195822295923_StatementOfChangesInEquityLineItems" xlink:to="Label_label_entity00309503_udf_CE_20195822295923_StatementOfChangesInEquityLineItems_ko" xlink:type="arc" />
    <link:label xlink:type="resource" xlink:role="http://www.xbrl.org/2003/role/documentation" xlink:label="Label_entity00309503_udf_CE_20195822295923_StatementOfChangesInEquityLineItems_ko_doc" xml:lang="ko">
    </link:label>
    <link:labelArc xlink:arcrole="http://www.xbrl.org/2003/arcrole/concept-label" xlink:from="Loc_entity00309503_udf_CE_20195822295923_StatementOfChangesInEquityLineItems" xlink:to="Label_entity00309503_udf_CE_20195822295923_StatementOfChangesInEquityLineItems_ko_doc" xlink:type="arc" />
    <link:loc xlink:href="../00309503_entry_point_2014-03-31.xsd#entity00309503_udf_CE_2023313165130258_StatementOfChangesInEquityLineItems" xlink:label="Loc_entity00309503_udf_CE_2023313165130258_StatementOfChangesInEquityLineItems" xlink:type="locator" />
    <link:label xlink:type="resource" xlink:role="http://www.xbrl.org/2003/role/label" xlink:label="Label_label_entity00309503_udf_CE_2023313165130258_StatementOfChangesInEquityLineItems_ko" xml:lang="ko" id="Label_label_entity00309503_udf_CE_2023313165130258_StatementOfChangesInEquityLineItems_ko">지분법자본변동</link:label>
    <link:labelArc xlink:arcrole="http://www.xbrl.org/2003/arcrole/concept-label" xlink:from="Loc_entity00309503_udf_CE_2023313165130258_StatementOfChangesInEquityLineItems" xlink:to="Label_label_entity00309503_udf_CE_2023313165130258_StatementOfChangesInEquityLineItems_ko" xlink:type="arc" />
    <link:label xlink:type="resource" xlink:role="http://www.xbrl.org/2003/role/documentation" xlink:label="Label_entity00309503_udf_CE_2023313165130258_StatementOfChangesInEquityLineItems_ko_doc" xml:lang="ko">
    </link:label>
    <link:labelArc xlink:arcrole="http://www.xbrl.org/2003/arcrole/concept-label" xlink:from="Loc_entity00309503_udf_CE_2023313165130258_StatementOfChangesInEquityLineItems" xlink:to="Label_entity00309503_udf_CE_2023313165130258_StatementOfChangesInEquityLineItems_ko_doc" xlink:type="arc" />
    <link:loc xlink:href="../00309503_entry_point_2014-03-31.xsd#entity00309503_udf_CE_2020320132431197_StatementOfChangesInEquityLineItems" xlink:label="Loc_entity00309503_udf_CE_2020320132431197_StatementOfChangesInEquityLineItems" xlink:type="locator" />
    <link:label xlink:type="resource" xlink:role="http://www.xbrl.org/2003/role/label" xlink:label="Label_label_entity00309503_udf_CE_2020320132431197_StatementOfChangesInEquityLineItems_ko" xml:lang="ko" id="Label_label_entity00309503_udf_CE_2020320132431197_StatementOfChangesInEquityLineItems_ko">순확정급여부채 재측정요소</link:label>
    <link:labelArc xlink:arcrole="http://www.xbrl.org/2003/arcrole/concept-label" xlink:from="Loc_entity00309503_udf_CE_2020320132431197_StatementOfChangesInEquityLineItems" xlink:to="Label_label_entity00309503_udf_CE_2020320132431197_StatementOfChangesInEquityLineItems_ko" xlink:type="arc" />
    <link:label xlink:type="resource" xlink:role="http://www.xbrl.org/2003/role/documentation" xlink:label="Label_entity00309503_udf_CE_2020320132431197_StatementOfChangesInEquityLineItems_ko_doc" xml:lang="ko">
    </link:label>
    <link:labelArc xlink:arcrole="http://www.xbrl.org/2003/arcrole/concept-label" xlink:from="Loc_entity00309503_udf_CE_2020320132431197_StatementOfChangesInEquityLineItems" xlink:to="Label_entity00309503_udf_CE_2020320132431197_StatementOfChangesInEquityLineItems_ko_doc" xlink:type="arc" />
    <link:loc xlink:href="../00309503_entry_point_2014-03-31.xsd#entity00309503_udf_CE_2020320133140614_StatementOfChangesInEquityLineItems" xlink:label="Loc_entity00309503_udf_CE_2020320133140614_StatementOfChangesInEquityLineItems" xlink:type="locator" />
    <link:label xlink:type="resource" xlink:role="http://www.xbrl.org/2003/role/label" xlink:label="Label_label_entity00309503_udf_CE_2020320133140614_StatementOfChangesInEquityLineItems_ko" xml:lang="ko" id="Label_label_entity00309503_udf_CE_2020320133140614_StatementOfChangesInEquityLineItems_ko">기타</link:label>
    <link:labelArc xlink:arcrole="http://www.xbrl.org/2003/arcrole/concept-label" xlink:from="Loc_entity00309503_udf_CE_2020320133140614_StatementOfChangesInEquityLineItems" xlink:to="Label_label_entity00309503_udf_CE_2020320133140614_StatementOfChangesInEquityLineItems_ko" xlink:type="arc" />
    <link:label xlink:type="resource" xlink:role="http://www.xbrl.org/2003/role/documentation" xlink:label="Label_entity00309503_udf_CE_2020320133140614_StatementOfChangesInEquityLineItems_ko_doc" xml:lang="ko">
    </link:label>
    <link:labelArc xlink:arcrole="http://www.xbrl.org/2003/arcrole/concept-label" xlink:from="Loc_entity00309503_udf_CE_2020320133140614_StatementOfChangesInEquityLineItems" xlink:to="Label_entity00309503_udf_CE_2020320133140614_StatementOfChangesInEquityLineItems_ko_doc" xlink:type="arc" />
    <link:loc xlink:href="../00309503_entry_point_2014-03-31.xsd#entity00309503_udf_CF_2022317103515644_CashFlowsFromUsedInOperatingActivities" xlink:label="Loc_entity00309503_udf_CF_2022317103515644_CashFlowsFromUsedInOperatingActivities" xlink:type="locator" />
    <link:label xlink:type="resource" xlink:role="http://www.xbrl.org/2003/role/label" xlink:label="Label_label_entity00309503_udf_CF_2022317103515644_CashFlowsFromUsedInOperatingActivities_ko" xml:lang="ko" id="Label_label_entity00309503_udf_CF_2022317103515644_CashFlowsFromUsedInOperatingActivities_ko">영업에서 창출된 현금흐름</link:label>
    <link:labelArc xlink:arcrole="http://www.xbrl.org/2003/arcrole/concept-label" xlink:from="Loc_entity00309503_udf_CF_2022317103515644_CashFlowsFromUsedInOperatingActivities" xlink:to="Label_label_entity00309503_udf_CF_2022317103515644_CashFlowsFromUsedInOperatingActivities_ko" xlink:type="arc" />
    <link:label xlink:type="resource" xlink:role="http://www.xbrl.org/2003/role/documentation" xlink:label="Label_entity00309503_udf_CF_2022317103515644_CashFlowsFromUsedInOperatingActivities_ko_doc" xml:lang="ko">
    </link:label>
    <link:labelArc xlink:arcrole="http://www.xbrl.org/2003/arcrole/concept-label" xlink:from="Loc_entity00309503_udf_CF_2022317103515644_CashFlowsFromUsedInOperatingActivities" xlink:to="Label_entity00309503_udf_CF_2022317103515644_CashFlowsFromUsedInOperatingActivities_ko_doc" xlink:type="arc" />
    <link:loc xlink:href="http://dart.fss.or.kr/Resource/Taxonomy/ifrs/2019-10-01/dart_2019-10-01.xsd#dart_ProfitLossForStatementOfCashFlows" xlink:label="Loc_dart_ProfitLossForStatementOfCashFlows" xlink:type="locator" />
    <link:label xlink:type="resource" xlink:role="http://www.xbrl.org/2003/role/label" xlink:label="Label_label_dart_ProfitLossForStatementOfCashFlows_ko" xml:lang="ko" id="Label_label_dart_ProfitLossForStatementOfCashFlows_ko">당기순이익</link:label>
    <link:labelArc xlink:arcrole="http://www.xbrl.org/2003/arcrole/concept-label" xlink:from="Loc_dart_ProfitLossForStatementOfCashFlows" xlink:to="Label_label_dart_ProfitLossForStatementOfCashFlows_ko" xlink:type="arc" priority="1" />
    <link:loc xlink:href="http://dart.fss.or.kr/Resource/Taxonomy/ifrs/2019-10-01/full_ifrs-cor_2019-03-27.xsd#ifrs-full_AdjustmentsForReconcileProfitLoss" xlink:label="Loc_ifrs-full_AdjustmentsForReconcileProfitLoss" xlink:type="locator" />
    <link:label xlink:type="resource" xlink:role="http://www.xbrl.org/2003/role/label" xlink:label="Label_label_ifrs-full_AdjustmentsForReconcileProfitLoss_ko" xml:lang="ko" id="Label_label_ifrs-full_AdjustmentsForReconcileProfitLoss_ko">조정</link:label>
    <link:labelArc xlink:arcrole="http://www.xbrl.org/2003/arcrole/concept-label" xlink:from="Loc_ifrs-full_AdjustmentsForReconcileProfitLoss" xlink:to="Label_label_ifrs-full_AdjustmentsForReconcileProfitLoss_ko" xlink:type="arc" priority="1" />
    <link:loc xlink:href="http://dart.fss.or.kr/Resource/Taxonomy/ifrs/2019-10-01/dart_2019-10-01.xsd#dart_AdjustmentsForAssetsLiabilitiesOfOperatingActivities" xlink:label="Loc_dart_AdjustmentsForAssetsLiabilitiesOfOperatingActivities" xlink:type="locator" />
    <link:label xlink:type="resource" xlink:role="http://www.xbrl.org/2003/role/label" xlink:label="Label_label_dart_AdjustmentsForAssetsLiabilitiesOfOperatingActivities_ko" xml:lang="ko" id="Label_label_dart_AdjustmentsForAssetsLiabilitiesOfOperatingActivities_ko">영업활동 관련 자산ㆍ부채의변동</link:label>
    <link:labelArc xlink:arcrole="http://www.xbrl.org/2003/arcrole/concept-label" xlink:from="Loc_dart_AdjustmentsForAssetsLiabilitiesOfOperatingActivities" xlink:to="Label_label_dart_AdjustmentsForAssetsLiabilitiesOfOperatingActivities_ko" xlink:type="arc" priority="1" />
    <link:loc xlink:href="http://dart.fss.or.kr/Resource/Taxonomy/ifrs/2019-10-01/full_ifrs-cor_2019-03-27.xsd#ifrs-full_InterestReceivedClassifiedAsOperatingActivities" xlink:label="Loc_ifrs-full_InterestReceivedClassifiedAsOperatingActivities" xlink:type="locator" />
    <link:label xlink:type="resource" xlink:role="http://www.xbrl.org/2003/role/terseLabel" xlink:label="Label_terseLabel_ifrs-full_InterestReceivedClassifiedAsOperatingActivities_ko" xml:lang="ko" id="Label_terseLabel_ifrs-full_InterestReceivedClassifiedAsOperatingActivities_ko">이자의 수취</link:label>
    <link:labelArc xlink:arcrole="http://www.xbrl.org/2003/arcrole/concept-label" xlink:from="Loc_ifrs-full_InterestReceivedClassifiedAsOperatingActivities" xlink:to="Label_terseLabel_ifrs-full_InterestReceivedClassifiedAsOperatingActivities_ko" xlink:type="arc" priority="1" />
    <link:loc xlink:href="http://dart.fss.or.kr/Resource/Taxonomy/ifrs/2019-10-01/full_ifrs-cor_2019-03-27.xsd#ifrs-full_InterestPaidClassifiedAsOperatingActivities" xlink:label="Loc_ifrs-full_InterestPaidClassifiedAsOperatingActivities" xlink:type="locator" />
    <link:label xlink:type="resource" xlink:role="http://www.xbrl.org/2009/role/negatedTerseLabel" xlink:label="Label_negatedTerseLabel_ifrs-full_InterestPaidClassifiedAsOperatingActivities_ko" xml:lang="ko" id="Label_negatedTerseLabel_ifrs-full_InterestPaidClassifiedAsOperatingActivities_ko">이자의 지급</link:label>
    <link:labelArc xlink:arcrole="http://www.xbrl.org/2003/arcrole/concept-label" xlink:from="Loc_ifrs-full_InterestPaidClassifiedAsOperatingActivities" xlink:to="Label_negatedTerseLabel_ifrs-full_InterestPaidClassifiedAsOperatingActivities_ko" xlink:type="arc" priority="1" />
    <link:loc xlink:href="http://dart.fss.or.kr/Resource/Taxonomy/ifrs/2019-10-01/full_ifrs-cor_2019-03-27.xsd#ifrs-full_IncomeTaxesPaidRefundClassifiedAsOperatingActivities" xlink:label="Loc_ifrs-full_IncomeTaxesPaidRefundClassifiedAsOperatingActivities" xlink:type="locator" />
    <link:label xlink:type="resource" xlink:role="http://www.xbrl.org/2009/role/negatedTerseLabel" xlink:label="Label_negatedTerseLabel_ifrs-full_IncomeTaxesPaidRefundClassifiedAsOperatingActivities_ko" xml:lang="ko" id="Label_negatedTerseLabel_ifrs-full_IncomeTaxesPaidRefundClassifiedAsOperatingActivities_ko">법인세 부담액</link:label>
    <link:labelArc xlink:arcrole="http://www.xbrl.org/2003/arcrole/concept-label" xlink:from="Loc_ifrs-full_IncomeTaxesPaidRefundClassifiedAsOperatingActivities" xlink:to="Label_negatedTerseLabel_ifrs-full_IncomeTaxesPaidRefundClassifiedAsOperatingActivities_ko" xlink:type="arc" priority="1" />
    <link:loc xlink:href="http://dart.fss.or.kr/Resource/Taxonomy/ifrs/2019-10-01/dart_2019-10-01.xsd#dart_PurchaseOfShortTermFinancialInstruments" xlink:label="Loc_dart_PurchaseOfShortTermFinancialInstruments" xlink:type="locator" />
    <link:label xlink:type="resource" xlink:role="http://www.xbrl.org/2003/role/label" xlink:label="Label_label_dart_PurchaseOfShortTermFinancialInstruments_ko" xml:lang="ko" id="Label_label_dart_PurchaseOfShortTermFinancialInstruments_ko">단기금융상품의 순증감</link:label>
    <link:labelArc xlink:arcrole="http://www.xbrl.org/2003/arcrole/concept-label" xlink:from="Loc_dart_PurchaseOfShortTermFinancialInstruments" xlink:to="Label_label_dart_PurchaseOfShortTermFinancialInstruments_ko" xlink:type="arc" priority="1" />
    <link:loc xlink:href="../00309503_entry_point_2014-03-31.xsd#entity00309503_udf_CF_201851217383353_CashFlowsFromUsedInInvestingActivities" xlink:label="Loc_entity00309503_udf_CF_201851217383353_CashFlowsFromUsedInInvestingActivities" xlink:type="locator" />
    <link:label xlink:type="resource" xlink:role="http://www.xbrl.org/2003/role/label" xlink:label="Label_label_entity00309503_udf_CF_201851217383353_CashFlowsFromUsedInInvestingActivities_ko" xml:lang="ko" id="Label_label_entity00309503_udf_CF_201851217383353_CashFlowsFromUsedInInvestingActivities_ko">당기손익-공정가치 측정 금융상품 취득</link:label>
    <link:labelArc xlink:arcrole="http://www.xbrl.org/2003/arcrole/concept-label" xlink:from="Loc_entity00309503_udf_CF_201851217383353_CashFlowsFromUsedInInvestingActivities" xlink:to="Label_label_entity00309503_udf_CF_201851217383353_CashFlowsFromUsedInInvestingActivities_ko" xlink:type="arc" />
    <link:label xlink:type="resource" xlink:role="http://www.xbrl.org/2003/role/documentation" xlink:label="Label_entity00309503_udf_CF_201851217383353_CashFlowsFromUsedInInvestingActivities_ko_doc" xml:lang="ko">
    </link:label>
    <link:labelArc xlink:arcrole="http://www.xbrl.org/2003/arcrole/concept-label" xlink:from="Loc_entity00309503_udf_CF_201851217383353_CashFlowsFromUsedInInvestingActivities" xlink:to="Label_entity00309503_udf_CF_201851217383353_CashFlowsFromUsedInInvestingActivities_ko_doc" xlink:type="arc" />
    <link:loc xlink:href="http://dart.fss.or.kr/Resource/Taxonomy/ifrs/2019-10-01/dart_2019-10-01.xsd#dart_ProceedsFromSalesOfCurrentFairValueFinancialAsset" xlink:label="Loc_dart_ProceedsFromSalesOfCurrentFairValueFinancialAsset" xlink:type="locator" />
    <link:label xlink:type="resource" xlink:role="http://www.xbrl.org/2003/role/label" xlink:label="Label_label_dart_ProceedsFromSalesOfCurrentFairValueFinancialAsset_ko" xml:lang="ko" id="Label_label_dart_ProceedsFromSalesOfCurrentFairValueFinancialAsset_ko">당기손익-공정가치 측정 금융상품 처분</link:label>
    <link:labelArc xlink:arcrole="http://www.xbrl.org/2003/arcrole/concept-label" xlink:from="Loc_dart_ProceedsFromSalesOfCurrentFairValueFinancialAsset" xlink:to="Label_label_dart_ProceedsFromSalesOfCurrentFairValueFinancialAsset_ko" xlink:type="arc" priority="1" />
    <link:loc xlink:href="http://dart.fss.or.kr/Resource/Taxonomy/ifrs/2019-10-01/dart_2019-10-01.xsd#dart_PurchaseOfOtherFinancialAssets" xlink:label="Loc_dart_PurchaseOfOtherFinancialAssets" xlink:type="locator" />
    <link:label xlink:type="resource" xlink:role="http://www.xbrl.org/2003/role/label" xlink:label="Label_label_dart_PurchaseOfOtherFinancialAssets_ko" xml:lang="ko" id="Label_label_dart_PurchaseOfOtherFinancialAssets_ko">기타금융자산의 증가</link:label>
    <link:labelArc xlink:arcrole="http://www.xbrl.org/2003/arcrole/concept-label" xlink:from="Loc_dart_PurchaseOfOtherFinancialAssets" xlink:to="Label_label_dart_PurchaseOfOtherFinancialAssets_ko" xlink:type="arc" priority="1" />
    <link:loc xlink:href="http://dart.fss.or.kr/Resource/Taxonomy/ifrs/2019-10-01/dart_2019-10-01.xsd#dart_ProceedsFromSalesOfOtherFinancialAssets" xlink:label="Loc_dart_ProceedsFromSalesOfOtherFinancialAssets" xlink:type="locator" />
    <link:label xlink:type="resource" xlink:role="http://www.xbrl.org/2003/role/label" xlink:label="Label_label_dart_ProceedsFromSalesOfOtherFinancialAssets_ko" xml:lang="ko" id="Label_label_dart_ProceedsFromSalesOfOtherFinancialAssets_ko">기타금융자산의 감소</link:label>
    <link:labelArc xlink:arcrole="http://www.xbrl.org/2003/arcrole/concept-label" xlink:from="Loc_dart_ProceedsFromSalesOfOtherFinancialAssets" xlink:to="Label_label_dart_ProceedsFromSalesOfOtherFinancialAssets_ko" xlink:type="arc" priority="1" />
    <link:loc xlink:href="http://dart.fss.or.kr/Resource/Taxonomy/ifrs/2019-10-01/dart_2019-10-01.xsd#dart_PurchaseOfInvestmentsInAssociates" xlink:label="Loc_dart_PurchaseOfInvestmentsInAssociates" xlink:type="locator" />
    <link:label xlink:type="resource" xlink:role="http://www.xbrl.org/2003/role/label" xlink:label="Label_label_dart_PurchaseOfInvestmentsInAssociates_ko" xml:lang="ko" id="Label_label_dart_PurchaseOfInvestmentsInAssociates_ko">관계기업투자주식의 취득</link:label>
    <link:labelArc xlink:arcrole="http://www.xbrl.org/2003/arcrole/concept-label" xlink:from="Loc_dart_PurchaseOfInvestmentsInAssociates" xlink:to="Label_label_dart_PurchaseOfInvestmentsInAssociates_ko" xlink:type="arc" priority="1" />
    <link:loc xlink:href="../00309503_entry_point_2014-03-31.xsd#entity00309503_udf_CF_20191110182545831_CashFlowsFromUsedInInvestingActivities" xlink:label="Loc_entity00309503_udf_CF_20191110182545831_CashFlowsFromUsedInInvestingActivities" xlink:type="locator" />
    <link:label xlink:type="resource" xlink:role="http://www.xbrl.org/2003/role/label" xlink:label="Label_label_entity00309503_udf_CF_20191110182545831_CashFlowsFromUsedInInvestingActivities_ko" xml:lang="ko" id="Label_label_entity00309503_udf_CF_20191110182545831_CashFlowsFromUsedInInvestingActivities_ko">종속기업투자주식의 취득</link:label>
    <link:labelArc xlink:arcrole="http://www.xbrl.org/2003/arcrole/concept-label" xlink:from="Loc_entity00309503_udf_CF_20191110182545831_CashFlowsFromUsedInInvestingActivities" xlink:to="Label_label_entity00309503_udf_CF_20191110182545831_CashFlowsFromUsedInInvestingActivities_ko" xlink:type="arc" />
    <link:label xlink:type="resource" xlink:role="http://www.xbrl.org/2003/role/documentation" xlink:label="Label_entity00309503_udf_CF_20191110182545831_CashFlowsFromUsedInInvestingActivities_ko_doc" xml:lang="ko">
    </link:label>
    <link:labelArc xlink:arcrole="http://www.xbrl.org/2003/arcrole/concept-label" xlink:from="Loc_entity00309503_udf_CF_20191110182545831_CashFlowsFromUsedInInvestingActivities" xlink:to="Label_entity00309503_udf_CF_20191110182545831_CashFlowsFromUsedInInvestingActivities_ko_doc" xlink:type="arc" />
    <link:loc xlink:href="../00309503_entry_point_2014-03-31.xsd#entity00309503_udf_CF_202331410737613_CashFlowsFromUsedInInvestingActivities" xlink:label="Loc_entity00309503_udf_CF_202331410737613_CashFlowsFromUsedInInvestingActivities" xlink:type="locator" />
    <link:label xlink:type="resource" xlink:role="http://www.xbrl.org/2003/role/label" xlink:label="Label_label_entity00309503_udf_CF_202331410737613_CashFlowsFromUsedInInvestingActivities_ko" xml:lang="ko" id="Label_label_entity00309503_udf_CF_202331410737613_CashFlowsFromUsedInInvestingActivities_ko">매각예정비유동자산의 처분</link:label>
    <link:labelArc xlink:arcrole="http://www.xbrl.org/2003/arcrole/concept-label" xlink:from="Loc_entity00309503_udf_CF_202331410737613_CashFlowsFromUsedInInvestingActivities" xlink:to="Label_label_entity00309503_udf_CF_202331410737613_CashFlowsFromUsedInInvestingActivities_ko" xlink:type="arc" />
    <link:label xlink:type="resource" xlink:role="http://www.xbrl.org/2003/role/documentation" xlink:label="Label_entity00309503_udf_CF_202331410737613_CashFlowsFromUsedInInvestingActivities_ko_doc" xml:lang="ko">
    </link:label>
    <link:labelArc xlink:arcrole="http://www.xbrl.org/2003/arcrole/concept-label" xlink:from="Loc_entity00309503_udf_CF_202331410737613_CashFlowsFromUsedInInvestingActivities" xlink:to="Label_entity00309503_udf_CF_202331410737613_CashFlowsFromUsedInInvestingActivities_ko_doc" xlink:type="arc" />
    <link:loc xlink:href="http://dart.fss.or.kr/Resource/Taxonomy/ifrs/2019-10-01/dart_2019-10-01.xsd#dart_ProceedsFromSalesOfFairValueFinancialAsset" xlink:label="Loc_dart_ProceedsFromSalesOfFairValueFinancialAsset" xlink:type="locator" />
    <link:label xlink:type="resource" xlink:role="http://www.xbrl.org/2003/role/label" xlink:label="Label_label_dart_ProceedsFromSalesOfFairValueFinancialAsset_ko" xml:lang="ko" id="Label_label_dart_ProceedsFromSalesOfFairValueFinancialAsset_ko">당기손익-공정가치 측정 금융상품의 처분</link:label>
    <link:labelArc xlink:arcrole="http://www.xbrl.org/2003/arcrole/concept-label" xlink:from="Loc_dart_ProceedsFromSalesOfFairValueFinancialAsset" xlink:to="Label_label_dart_ProceedsFromSalesOfFairValueFinancialAsset_ko" xlink:type="arc" priority="1" />
    <link:loc xlink:href="http://dart.fss.or.kr/Resource/Taxonomy/ifrs/2019-10-01/dart_2019-10-01.xsd#dart_PurchaseOfFairValueFinancialAsset" xlink:label="Loc_dart_PurchaseOfFairValueFinancialAsset" xlink:type="locator" />
    <link:label xlink:type="resource" xlink:role="http://www.xbrl.org/2003/role/label" xlink:label="Label_label_dart_PurchaseOfFairValueFinancialAsset_ko" xml:lang="ko" id="Label_label_dart_PurchaseOfFairValueFinancialAsset_ko">당기손익-공정가치 측정 금융상품의 취득</link:label>
    <link:labelArc xlink:arcrole="http://www.xbrl.org/2003/arcrole/concept-label" xlink:from="Loc_dart_PurchaseOfFairValueFinancialAsset" xlink:to="Label_label_dart_PurchaseOfFairValueFinancialAsset_ko" xlink:type="arc" priority="1" />
    <link:loc xlink:href="http://dart.fss.or.kr/Resource/Taxonomy/ifrs/2019-10-01/dart_2019-10-01.xsd#dart_ProceedsFromShortTermBorrowings" xlink:label="Loc_dart_ProceedsFromShortTermBorrowings" xlink:type="locator" />
    <link:label xlink:type="resource" xlink:role="http://www.xbrl.org/2003/role/label" xlink:label="Label_label_dart_ProceedsFromShortTermBorrowings_ko" xml:lang="ko" id="Label_label_dart_ProceedsFromShortTermBorrowings_ko">단기차입금의 차입</link:label>
    <link:labelArc xlink:arcrole="http://www.xbrl.org/2003/arcrole/concept-label" xlink:from="Loc_dart_ProceedsFromShortTermBorrowings" xlink:to="Label_label_dart_ProceedsFromShortTermBorrowings_ko" xlink:type="arc" priority="1" />
    <link:loc xlink:href="http://dart.fss.or.kr/Resource/Taxonomy/ifrs/2019-10-01/dart_2019-10-01.xsd#dart_ProceedsFromLongTermBorrowings" xlink:label="Loc_dart_ProceedsFromLongTermBorrowings" xlink:type="locator" />
    <link:label xlink:type="resource" xlink:role="http://www.xbrl.org/2003/role/label" xlink:label="Label_label_dart_ProceedsFromLongTermBorrowings_ko" xml:lang="ko" id="Label_label_dart_ProceedsFromLongTermBorrowings_ko">장기차입금의 차입</link:label>
    <link:labelArc xlink:arcrole="http://www.xbrl.org/2003/arcrole/concept-label" xlink:from="Loc_dart_ProceedsFromLongTermBorrowings" xlink:to="Label_label_dart_ProceedsFromLongTermBorrowings_ko" xlink:type="arc" priority="1" />
    <link:loc xlink:href="../00309503_entry_point_2014-03-31.xsd#entity00309503_udf_CF_2019111222433476_CashFlowsFromUsedInFinancingActivities" xlink:label="Loc_entity00309503_udf_CF_2019111222433476_CashFlowsFromUsedInFinancingActivities" xlink:type="locator" />
    <link:label xlink:type="resource" xlink:role="http://www.xbrl.org/2003/role/label" xlink:label="Label_label_entity00309503_udf_CF_2019111222433476_CashFlowsFromUsedInFinancingActivities_ko" xml:lang="ko" id="Label_label_entity00309503_udf_CF_2019111222433476_CashFlowsFromUsedInFinancingActivities_ko">유동성장기차입금의 상환</link:label>
    <link:labelArc xlink:arcrole="http://www.xbrl.org/2003/arcrole/concept-label" xlink:from="Loc_entity00309503_udf_CF_2019111222433476_CashFlowsFromUsedInFinancingActivities" xlink:to="Label_label_entity00309503_udf_CF_2019111222433476_CashFlowsFromUsedInFinancingActivities_ko" xlink:type="arc" />
    <link:label xlink:type="resource" xlink:role="http://www.xbrl.org/2003/role/documentation" xlink:label="Label_entity00309503_udf_CF_2019111222433476_CashFlowsFromUsedInFinancingActivities_ko_doc" xml:lang="ko">
    </link:label>
    <link:labelArc xlink:arcrole="http://www.xbrl.org/2003/arcrole/concept-label" xlink:from="Loc_entity00309503_udf_CF_2019111222433476_CashFlowsFromUsedInFinancingActivities" xlink:to="Label_entity00309503_udf_CF_2019111222433476_CashFlowsFromUsedInFinancingActivities_ko_doc" xlink:type="arc" />
    <link:loc xlink:href="http://dart.fss.or.kr/Resource/Taxonomy/ifrs/2019-10-01/dart_2019-10-01.xsd#dart_ProceedsFromBonds" xlink:label="Loc_dart_ProceedsFromBonds" xlink:type="locator" />
    <link:label xlink:type="resource" xlink:role="http://www.xbrl.org/2003/role/label" xlink:label="Label_label_dart_ProceedsFromBonds_ko" xml:lang="ko" id="Label_label_dart_ProceedsFromBonds_ko">사채의 발행</link:label>
    <link:labelArc xlink:arcrole="http://www.xbrl.org/2003/arcrole/concept-label" xlink:from="Loc_dart_ProceedsFromBonds" xlink:to="Label_label_dart_ProceedsFromBonds_ko" xlink:type="arc" priority="1" />
    <link:loc xlink:href="http://dart.fss.or.kr/Resource/Taxonomy/ifrs/2019-10-01/full_ifrs-cor_2019-03-27.xsd#ifrs-full_DividendsPaidClassifiedAsFinancingActivities" xlink:label="Loc_ifrs-full_DividendsPaidClassifiedAsFinancingActivities" xlink:type="locator" />
    <link:label xlink:type="resource" xlink:role="http://www.xbrl.org/2009/role/negatedTerseLabel" xlink:label="Label_negatedTerseLabel_ifrs-full_DividendsPaidClassifiedAsFinancingActivities_ko" xml:lang="ko" id="Label_negatedTerseLabel_ifrs-full_DividendsPaidClassifiedAsFinancingActivities_ko">배당금의 지급</link:label>
    <link:labelArc xlink:arcrole="http://www.xbrl.org/2003/arcrole/concept-label" xlink:from="Loc_ifrs-full_DividendsPaidClassifiedAsFinancingActivities" xlink:to="Label_negatedTerseLabel_ifrs-full_DividendsPaidClassifiedAsFinancingActivities_ko" xlink:type="arc" priority="1" />
    <link:loc xlink:href="http://dart.fss.or.kr/Resource/Taxonomy/ifrs/2019-10-01/full_ifrs-cor_2019-03-27.xsd#ifrs-full_PaymentsOfFinanceLeaseLiabilitiesClassifiedAsFinancingActivities" xlink:label="Loc_ifrs-full_PaymentsOfFinanceLeaseLiabilitiesClassifiedAsFinancingActivities" xlink:type="locator" />
    <link:label xlink:type="resource" xlink:role="http://www.xbrl.org/2009/role/negatedTerseLabel" xlink:label="Label_negatedTerseLabel_ifrs-full_PaymentsOfFinanceLeaseLiabilitiesClassifiedAsFinancingActivities_ko" xml:lang="ko" id="Label_negatedTerseLabel_ifrs-full_PaymentsOfFinanceLeaseLiabilitiesClassifiedAsFinancingActivities_ko">리스부채의 상환</link:label>
    <link:labelArc xlink:arcrole="http://www.xbrl.org/2003/arcrole/concept-label" xlink:from="Loc_ifrs-full_PaymentsOfFinanceLeaseLiabilitiesClassifiedAsFinancingActivities" xlink:to="Label_negatedTerseLabel_ifrs-full_PaymentsOfFinanceLeaseLiabilitiesClassifiedAsFinancingActivities_ko" xlink:type="arc" priority="1" />
    <link:loc xlink:href="http://dart.fss.or.kr/Resource/Taxonomy/ifrs/2019-10-01/full_ifrs-cor_2019-03-27.xsd#ifrs-full_IncreaseDecreaseInCashAndCashEquivalents" xlink:label="Loc_ifrs-full_IncreaseDecreaseInCashAndCashEquivalents" xlink:type="locator" />
    <link:label xlink:type="resource" xlink:role="http://www.xbrl.org/2009/role/netLabel" xlink:label="Label_netLabel_ifrs-full_IncreaseDecreaseInCashAndCashEquivalents_ko" xml:lang="ko" id="Label_netLabel_ifrs-full_IncreaseDecreaseInCashAndCashEquivalents_ko">현금및현금성자산의 증감</link:label>
    <link:labelArc xlink:arcrole="http://www.xbrl.org/2003/arcrole/concept-label" xlink:from="Loc_ifrs-full_IncreaseDecreaseInCashAndCashEquivalents" xlink:to="Label_netLabel_ifrs-full_IncreaseDecreaseInCashAndCashEquivalents_ko" xlink:type="arc" priority="1" />
    <link:loc xlink:href="../00309503_entry_point_2014-03-31.xsd#entity00309503_udf_CF_2022317104535882_StatementOfCashFlowsAbstract" xlink:label="Loc_entity00309503_udf_CF_2022317104535882_StatementOfCashFlowsAbstract" xlink:type="locator" />
    <link:label xlink:type="resource" xlink:role="http://www.xbrl.org/2003/role/label" xlink:label="Label_label_entity00309503_udf_CF_2022317104535882_StatementOfCashFlowsAbstract_ko" xml:lang="ko" id="Label_label_entity00309503_udf_CF_2022317104535882_StatementOfCashFlowsAbstract_ko">외화표시 현금및현금성자산의 환율변동효과</link:label>
    <link:labelArc xlink:arcrole="http://www.xbrl.org/2003/arcrole/concept-label" xlink:from="Loc_entity00309503_udf_CF_2022317104535882_StatementOfCashFlowsAbstract" xlink:to="Label_label_entity00309503_udf_CF_2022317104535882_StatementOfCashFlowsAbstract_ko" xlink:type="arc" />
    <link:label xlink:type="resource" xlink:role="http://www.xbrl.org/2003/role/documentation" xlink:label="Label_entity00309503_udf_CF_2022317104535882_StatementOfCashFlowsAbstract_ko_doc" xml:lang="ko">
    </link:label>
    <link:labelArc xlink:arcrole="http://www.xbrl.org/2003/arcrole/concept-label" xlink:from="Loc_entity00309503_udf_CF_2022317104535882_StatementOfCashFlowsAbstract" xlink:to="Label_entity00309503_udf_CF_2022317104535882_StatementOfCashFlowsAbstract_ko_doc" xlink:type="arc" />
    <link:loc xlink:href="http://dart.fss.or.kr/Resource/Taxonomy/ifrs/2019-10-01/dart_2019-10-01.xsd#dart_CashAndCashEquivalentsAtBeginningOfPeriodCf" xlink:label="Loc_dart_CashAndCashEquivalentsAtBeginningOfPeriodCf" xlink:type="locator" />
    <link:label xlink:type="resource" xlink:role="http://www.xbrl.org/2003/role/label" xlink:label="Label_label_dart_CashAndCashEquivalentsAtBeginningOfPeriodCf_ko" xml:lang="ko" id="Label_label_dart_CashAndCashEquivalentsAtBeginningOfPeriodCf_ko">기초의 현금및현금성자산</link:label>
    <link:labelArc xlink:arcrole="http://www.xbrl.org/2003/arcrole/concept-label" xlink:from="Loc_dart_CashAndCashEquivalentsAtBeginningOfPeriodCf" xlink:to="Label_label_dart_CashAndCashEquivalentsAtBeginningOfPeriodCf_ko" xlink:type="arc" priority="1" />
    <link:loc xlink:href="http://dart.fss.or.kr/Resource/Taxonomy/ifrs/2019-10-01/dart_2019-10-01.xsd#dart_CashAndCashEquivalentsAtEndOfPeriodCf" xlink:label="Loc_dart_CashAndCashEquivalentsAtEndOfPeriodCf" xlink:type="locator" />
    <link:label xlink:type="resource" xlink:role="http://www.xbrl.org/2003/role/label" xlink:label="Label_label_dart_CashAndCashEquivalentsAtEndOfPeriodCf_ko" xml:lang="ko" id="Label_label_dart_CashAndCashEquivalentsAtEndOfPeriodCf_ko">기말의 현금및현금성자산</link:label>
    <link:labelArc xlink:arcrole="http://www.xbrl.org/2003/arcrole/concept-label" xlink:from="Loc_dart_CashAndCashEquivalentsAtEndOfPeriodCf" xlink:to="Label_label_dart_CashAndCashEquivalentsAtEndOfPeriodCf_ko" xlink:type="arc" priority="1" />
    <link:loc xlink:href="../00309503_entry_point_2014-03-31.xsd#entity00309503_udf_CF_202231781657465_CashFlowsFromUsedInOperatingActivities" xlink:label="Loc_entity00309503_udf_CF_202231781657465_CashFlowsFromUsedInOperatingActivities" xlink:type="locator" />
    <link:label xlink:type="resource" xlink:role="http://www.xbrl.org/2003/role/label" xlink:label="Label_label_entity00309503_udf_CF_202231781657465_CashFlowsFromUsedInOperatingActivities_ko" xml:lang="ko" id="Label_label_entity00309503_udf_CF_202231781657465_CashFlowsFromUsedInOperatingActivities_ko">영업에서 창출된 현금흐름</link:label>
    <link:labelArc xlink:arcrole="http://www.xbrl.org/2003/arcrole/concept-label" xlink:from="Loc_entity00309503_udf_CF_202231781657465_CashFlowsFromUsedInOperatingActivities" xlink:to="Label_label_entity00309503_udf_CF_202231781657465_CashFlowsFromUsedInOperatingActivities_ko" xlink:type="arc" />
    <link:label xlink:type="resource" xlink:role="http://www.xbrl.org/2003/role/documentation" xlink:label="Label_entity00309503_udf_CF_202231781657465_CashFlowsFromUsedInOperatingActivities_ko_doc" xml:lang="ko">
    </link:label>
    <link:labelArc xlink:arcrole="http://www.xbrl.org/2003/arcrole/concept-label" xlink:from="Loc_entity00309503_udf_CF_202231781657465_CashFlowsFromUsedInOperatingActivities" xlink:to="Label_entity00309503_udf_CF_202231781657465_CashFlowsFromUsedInOperatingActivities_ko_doc" xlink:type="arc" />
    <link:loc xlink:href="../00309503_entry_point_2014-03-31.xsd#entity00309503_udf_CF_2023314885063_CashFlowsFromUsedInInvestingActivities" xlink:label="Loc_entity00309503_udf_CF_2023314885063_CashFlowsFromUsedInInvestingActivities" xlink:type="locator" />
    <link:label xlink:type="resource" xlink:role="http://www.xbrl.org/2003/role/label" xlink:label="Label_label_entity00309503_udf_CF_2023314885063_CashFlowsFromUsedInInvestingActivities_ko" xml:lang="ko" id="Label_label_entity00309503_udf_CF_2023314885063_CashFlowsFromUsedInInvestingActivities_ko">매각예정비유동자산의 처분</link:label>
    <link:labelArc xlink:arcrole="http://www.xbrl.org/2003/arcrole/concept-label" xlink:from="Loc_entity00309503_udf_CF_2023314885063_CashFlowsFromUsedInInvestingActivities" xlink:to="Label_label_entity00309503_udf_CF_2023314885063_CashFlowsFromUsedInInvestingActivities_ko" xlink:type="arc" />
    <link:label xlink:type="resource" xlink:role="http://www.xbrl.org/2003/role/documentation" xlink:label="Label_entity00309503_udf_CF_2023314885063_CashFlowsFromUsedInInvestingActivities_ko_doc" xml:lang="ko">
    </link:label>
    <link:labelArc xlink:arcrole="http://www.xbrl.org/2003/arcrole/concept-label" xlink:from="Loc_entity00309503_udf_CF_2023314885063_CashFlowsFromUsedInInvestingActivities" xlink:to="Label_entity00309503_udf_CF_2023314885063_CashFlowsFromUsedInInvestingActivities_ko_doc" xlink:type="arc" />
    <link:loc xlink:href="../00309503_entry_point_2014-03-31.xsd#entity00309503_udf_CF_20191112223344603_CashFlowsFromUsedInFinancingActivities" xlink:label="Loc_entity00309503_udf_CF_20191112223344603_CashFlowsFromUsedInFinancingActivities" xlink:type="locator" />
    <link:label xlink:type="resource" xlink:role="http://www.xbrl.org/2003/role/label" xlink:label="Label_label_entity00309503_udf_CF_20191112223344603_CashFlowsFromUsedInFinancingActivities_ko" xml:lang="ko" id="Label_label_entity00309503_udf_CF_20191112223344603_CashFlowsFromUsedInFinancingActivities_ko">유동성장기차입금의 상환</link:label>
    <link:labelArc xlink:arcrole="http://www.xbrl.org/2003/arcrole/concept-label" xlink:from="Loc_entity00309503_udf_CF_20191112223344603_CashFlowsFromUsedInFinancingActivities" xlink:to="Label_label_entity00309503_udf_CF_20191112223344603_CashFlowsFromUsedInFinancingActivities_ko" xlink:type="arc" />
    <link:label xlink:type="resource" xlink:role="http://www.xbrl.org/2003/role/documentation" xlink:label="Label_entity00309503_udf_CF_20191112223344603_CashFlowsFromUsedInFinancingActivities_ko_doc" xml:lang="ko">
    </link:label>
    <link:labelArc xlink:arcrole="http://www.xbrl.org/2003/arcrole/concept-label" xlink:from="Loc_entity00309503_udf_CF_20191112223344603_CashFlowsFromUsedInFinancingActivities" xlink:to="Label_entity00309503_udf_CF_20191112223344603_CashFlowsFromUsedInFinancingActivities_ko_doc" xlink:type="arc" />
    <link:loc xlink:href="../00309503_entry_point_2014-03-31.xsd#entity00309503_udf_CF_202231783540840_StatementOfCashFlowsAbstract" xlink:label="Loc_entity00309503_udf_CF_202231783540840_StatementOfCashFlowsAbstract" xlink:type="locator" />
    <link:label xlink:type="resource" xlink:role="http://www.xbrl.org/2003/role/label" xlink:label="Label_label_entity00309503_udf_CF_202231783540840_StatementOfCashFlowsAbstract_ko" xml:lang="ko" id="Label_label_entity00309503_udf_CF_202231783540840_StatementOfCashFlowsAbstract_ko">외화표시 현금및현금성자산의 환율변동효과</link:label>
    <link:labelArc xlink:arcrole="http://www.xbrl.org/2003/arcrole/concept-label" xlink:from="Loc_entity00309503_udf_CF_202231783540840_StatementOfCashFlowsAbstract" xlink:to="Label_label_entity00309503_udf_CF_202231783540840_StatementOfCashFlowsAbstract_ko" xlink:type="arc" />
    <link:label xlink:type="resource" xlink:role="http://www.xbrl.org/2003/role/documentation" xlink:label="Label_entity00309503_udf_CF_202231783540840_StatementOfCashFlowsAbstract_ko_doc" xml:lang="ko">
    </link:label>
    <link:labelArc xlink:arcrole="http://www.xbrl.org/2003/arcrole/concept-label" xlink:from="Loc_entity00309503_udf_CF_202231783540840_StatementOfCashFlowsAbstract" xlink:to="Label_entity00309503_udf_CF_202231783540840_StatementOfCashFlowsAbstract_ko_doc" xlink:type="arc" />
    <link:loc xlink:href="../00309503_entry_point_2014-03-31.xsd#entity00309503_udf_BS_20223171095927_CurrentAssets" xlink:label="Loc_entity00309503_udf_BS_20223171095927_CurrentAssets" xlink:type="locator" />
    <link:label xlink:type="resource" xlink:role="http://www.xbrl.org/2003/role/label" xlink:label="Label_label_entity00309503_udf_BS_20223171095927_CurrentAssets_ko" xml:lang="ko" id="Label_label_entity00309503_udf_BS_20223171095927_CurrentAssets_ko">당기손익-공정가치 측정 금융상품</link:label>
    <link:labelArc xlink:arcrole="http://www.xbrl.org/2003/arcrole/concept-label" xlink:from="Loc_entity00309503_udf_BS_20223171095927_CurrentAssets" xlink:to="Label_label_entity00309503_udf_BS_20223171095927_CurrentAssets_ko" xlink:type="arc" />
    <link:label xlink:type="resource" xlink:role="http://www.xbrl.org/2003/role/documentation" xlink:label="Label_entity00309503_udf_BS_20223171095927_CurrentAssets_ko_doc" xml:lang="ko">
    </link:label>
    <link:labelArc xlink:arcrole="http://www.xbrl.org/2003/arcrole/concept-label" xlink:from="Loc_entity00309503_udf_BS_20223171095927_CurrentAssets" xlink:to="Label_entity00309503_udf_BS_20223171095927_CurrentAssets_ko_doc" xlink:type="arc" />
    <link:loc xlink:href="http://dart.fss.or.kr/Resource/Taxonomy/ifrs/2019-10-01/full_ifrs-cor_2019-03-27.xsd#ifrs-full_CurrentContractAssets" xlink:label="Loc_ifrs-full_CurrentContractAssets" xlink:type="locator" />
    <link:label xlink:type="resource" xlink:role="http://www.xbrl.org/2003/role/label" xlink:label="Label_label_ifrs-full_CurrentContractAssets_ko" xml:lang="ko" id="Label_label_ifrs-full_CurrentContractAssets_ko">계약자산</link:label>
    <link:labelArc xlink:arcrole="http://www.xbrl.org/2003/arcrole/concept-label" xlink:from="Loc_ifrs-full_CurrentContractAssets" xlink:to="Label_label_ifrs-full_CurrentContractAssets_ko" xlink:type="arc" priority="1" />
    <link:loc xlink:href="http://dart.fss.or.kr/Resource/Taxonomy/ifrs/2019-10-01/full_ifrs-cor_2019-03-27.xsd#ifrs-full_OtherCurrentFinancialAssets" xlink:label="Loc_ifrs-full_OtherCurrentFinancialAssets" xlink:type="locator" />
    <link:label xlink:type="resource" xlink:role="http://www.xbrl.org/2003/role/label" xlink:label="Label_label_ifrs-full_OtherCurrentFinancialAssets_ko" xml:lang="ko" id="Label_label_ifrs-full_OtherCurrentFinancialAssets_ko">기타금융자산</link:label>
    <link:labelArc xlink:arcrole="http://www.xbrl.org/2003/arcrole/concept-label" xlink:from="Loc_ifrs-full_OtherCurrentFinancialAssets" xlink:to="Label_label_ifrs-full_OtherCurrentFinancialAssets_ko" xlink:type="arc" priority="1" />
    <link:loc xlink:href="http://dart.fss.or.kr/Resource/Taxonomy/ifrs/2019-10-01/dart_2019-10-01.xsd#dart_OtherCurrentAssets" xlink:label="Loc_dart_OtherCurrentAssets" xlink:type="locator" />
    <link:label xlink:type="resource" xlink:role="http://www.xbrl.org/2003/role/label" xlink:label="Label_label_dart_OtherCurrentAssets_ko" xml:lang="ko" id="Label_label_dart_OtherCurrentAssets_ko">기타자산</link:label>
    <link:labelArc xlink:arcrole="http://www.xbrl.org/2003/arcrole/concept-label" xlink:from="Loc_dart_OtherCurrentAssets" xlink:to="Label_label_dart_OtherCurrentAssets_ko" xlink:type="arc" priority="1" />
    <link:loc xlink:href="../00309503_entry_point_2014-03-31.xsd#entity00309503_udf_BS_2022317101012703_CurrentAssets" xlink:label="Loc_entity00309503_udf_BS_2022317101012703_CurrentAssets" xlink:type="locator" />
    <link:label xlink:type="resource" xlink:role="http://www.xbrl.org/2003/role/label" xlink:label="Label_label_entity00309503_udf_BS_2022317101012703_CurrentAssets_ko" xml:lang="ko" id="Label_label_entity00309503_udf_BS_2022317101012703_CurrentAssets_ko">매각예정비유동자산</link:label>
    <link:labelArc xlink:arcrole="http://www.xbrl.org/2003/arcrole/concept-label" xlink:from="Loc_entity00309503_udf_BS_2022317101012703_CurrentAssets" xlink:to="Label_label_entity00309503_udf_BS_2022317101012703_CurrentAssets_ko" xlink:type="arc" />
    <link:label xlink:type="resource" xlink:role="http://www.xbrl.org/2003/role/documentation" xlink:label="Label_entity00309503_udf_BS_2022317101012703_CurrentAssets_ko_doc" xml:lang="ko">
    </link:label>
    <link:labelArc xlink:arcrole="http://www.xbrl.org/2003/arcrole/concept-label" xlink:from="Loc_entity00309503_udf_BS_2022317101012703_CurrentAssets" xlink:to="Label_entity00309503_udf_BS_2022317101012703_CurrentAssets_ko_doc" xlink:type="arc" />
    <link:loc xlink:href="../00309503_entry_point_2014-03-31.xsd#entity00309503_udf_BS_201851216552749_NoncurrentAssets" xlink:label="Loc_entity00309503_udf_BS_201851216552749_NoncurrentAssets" xlink:type="locator" />
    <link:label xlink:type="resource" xlink:role="http://www.xbrl.org/2003/role/label" xlink:label="Label_label_entity00309503_udf_BS_201851216552749_NoncurrentAssets_ko" xml:lang="ko" id="Label_label_entity00309503_udf_BS_201851216552749_NoncurrentAssets_ko">당기손익-공정가치 측정 금융상품</link:label>
    <link:labelArc xlink:arcrole="http://www.xbrl.org/2003/arcrole/concept-label" xlink:from="Loc_entity00309503_udf_BS_201851216552749_NoncurrentAssets" xlink:to="Label_label_entity00309503_udf_BS_201851216552749_NoncurrentAssets_ko" xlink:type="arc" />
    <link:label xlink:type="resource" xlink:role="http://www.xbrl.org/2003/role/documentation" xlink:label="Label_entity00309503_udf_BS_201851216552749_NoncurrentAssets_ko_doc" xml:lang="ko">
    </link:label>
    <link:labelArc xlink:arcrole="http://www.xbrl.org/2003/arcrole/concept-label" xlink:from="Loc_entity00309503_udf_BS_201851216552749_NoncurrentAssets" xlink:to="Label_entity00309503_udf_BS_201851216552749_NoncurrentAssets_ko_doc" xlink:type="arc" />
    <link:loc xlink:href="http://dart.fss.or.kr/Resource/Taxonomy/ifrs/2019-10-01/dart_2019-10-01.xsd#dart_LongTermTradeReceivablesGross" xlink:label="Loc_dart_LongTermTradeReceivablesGross" xlink:type="locator" />
    <link:label xlink:type="resource" xlink:role="http://www.xbrl.org/2003/role/label" xlink:label="Label_label_dart_LongTermTradeReceivablesGross_ko" xml:lang="ko" id="Label_label_dart_LongTermTradeReceivablesGross_ko">매출채권</link:label>
    <link:labelArc xlink:arcrole="http://www.xbrl.org/2003/arcrole/concept-label" xlink:from="Loc_dart_LongTermTradeReceivablesGross" xlink:to="Label_label_dart_LongTermTradeReceivablesGross_ko" xlink:type="arc" priority="1" />
    <link:loc xlink:href="http://dart.fss.or.kr/Resource/Taxonomy/ifrs/2019-10-01/full_ifrs-cor_2019-03-27.xsd#ifrs-full_NoncurrentContractAssets" xlink:label="Loc_ifrs-full_NoncurrentContractAssets" xlink:type="locator" />
    <link:label xlink:type="resource" xlink:role="http://www.xbrl.org/2003/role/label" xlink:label="Label_label_ifrs-full_NoncurrentContractAssets_ko" xml:lang="ko" id="Label_label_ifrs-full_NoncurrentContractAssets_ko">계약자산</link:label>
    <link:labelArc xlink:arcrole="http://www.xbrl.org/2003/arcrole/concept-label" xlink:from="Loc_ifrs-full_NoncurrentContractAssets" xlink:to="Label_label_ifrs-full_NoncurrentContractAssets_ko" xlink:type="arc" priority="1" />
    <link:loc xlink:href="http://dart.fss.or.kr/Resource/Taxonomy/ifrs/2019-10-01/full_ifrs-cor_2019-03-27.xsd#ifrs-full_OtherNoncurrentFinancialAssets" xlink:label="Loc_ifrs-full_OtherNoncurrentFinancialAssets" xlink:type="locator" />
    <link:label xlink:type="resource" xlink:role="http://www.xbrl.org/2003/role/label" xlink:label="Label_label_ifrs-full_OtherNoncurrentFinancialAssets_ko" xml:lang="ko" id="Label_label_ifrs-full_OtherNoncurrentFinancialAssets_ko">기타장기금융자산</link:label>
    <link:labelArc xlink:arcrole="http://www.xbrl.org/2003/arcrole/concept-label" xlink:from="Loc_ifrs-full_OtherNoncurrentFinancialAssets" xlink:to="Label_label_ifrs-full_OtherNoncurrentFinancialAssets_ko" xlink:type="arc" priority="1" />
    <link:loc xlink:href="http://dart.fss.or.kr/Resource/Taxonomy/ifrs/2019-10-01/full_ifrs-cor_2019-03-27.xsd#ifrs-full_InvestmentsInSubsidiariesJointVenturesAndAssociates" xlink:label="Loc_ifrs-full_InvestmentsInSubsidiariesJointVenturesAndAssociates" xlink:type="locator" />
    <link:label xlink:type="resource" xlink:role="http://www.xbrl.org/2003/role/label" xlink:label="Label_label_ifrs-full_InvestmentsInSubsidiariesJointVenturesAndAssociates_ko" xml:lang="ko" id="Label_label_ifrs-full_InvestmentsInSubsidiariesJointVenturesAndAssociates_ko">종속기업, 관계기업 및 공동기업</link:label>
    <link:labelArc xlink:arcrole="http://www.xbrl.org/2003/arcrole/concept-label" xlink:from="Loc_ifrs-full_InvestmentsInSubsidiariesJointVenturesAndAssociates" xlink:to="Label_label_ifrs-full_InvestmentsInSubsidiariesJointVenturesAndAssociates_ko" xlink:type="arc" priority="1" />
    <link:loc xlink:href="http://dart.fss.or.kr/Resource/Taxonomy/ifrs/2019-10-01/full_ifrs-cor_2019-03-27.xsd#ifrs-full_IntangibleAssetsOtherThanGoodwill" xlink:label="Loc_ifrs-full_IntangibleAssetsOtherThanGoodwill" xlink:type="locator" />
    <link:label xlink:type="resource" xlink:role="http://www.xbrl.org/2003/role/label" xlink:label="Label_label_ifrs-full_IntangibleAssetsOtherThanGoodwill_ko" xml:lang="ko" id="Label_label_ifrs-full_IntangibleAssetsOtherThanGoodwill_ko">무형자산</link:label>
    <link:labelArc xlink:arcrole="http://www.xbrl.org/2003/arcrole/concept-label" xlink:from="Loc_ifrs-full_IntangibleAssetsOtherThanGoodwill" xlink:to="Label_label_ifrs-full_IntangibleAssetsOtherThanGoodwill_ko" xlink:type="arc" priority="1" />
    <link:loc xlink:href="../00309503_entry_point_2014-03-31.xsd#entity00309503_udf_BS_20191110175352285_NoncurrentAssets" xlink:label="Loc_entity00309503_udf_BS_20191110175352285_NoncurrentAssets" xlink:type="locator" />
    <link:label xlink:type="resource" xlink:role="http://www.xbrl.org/2003/role/label" xlink:label="Label_label_entity00309503_udf_BS_20191110175352285_NoncurrentAssets_ko" xml:lang="ko" id="Label_label_entity00309503_udf_BS_20191110175352285_NoncurrentAssets_ko">기타자산</link:label>
    <link:labelArc xlink:arcrole="http://www.xbrl.org/2003/arcrole/concept-label" xlink:from="Loc_entity00309503_udf_BS_20191110175352285_NoncurrentAssets" xlink:to="Label_label_entity00309503_udf_BS_20191110175352285_NoncurrentAssets_ko" xlink:type="arc" />
    <link:label xlink:type="resource" xlink:role="http://www.xbrl.org/2003/role/documentation" xlink:label="Label_entity00309503_udf_BS_20191110175352285_NoncurrentAssets_ko_doc" xml:lang="ko">
    </link:label>
    <link:labelArc xlink:arcrole="http://www.xbrl.org/2003/arcrole/concept-label" xlink:from="Loc_entity00309503_udf_BS_20191110175352285_NoncurrentAssets" xlink:to="Label_entity00309503_udf_BS_20191110175352285_NoncurrentAssets_ko_doc" xlink:type="arc" />
    <link:loc xlink:href="http://dart.fss.or.kr/Resource/Taxonomy/ifrs/2019-10-01/dart_2019-10-01.xsd#dart_ShortTermTradePayables" xlink:label="Loc_dart_ShortTermTradePayables" xlink:type="locator" />
    <link:label xlink:type="resource" xlink:role="http://www.xbrl.org/2003/role/label" xlink:label="Label_label_dart_ShortTermTradePayables_ko" xml:lang="ko" id="Label_label_dart_ShortTermTradePayables_ko">매입채무</link:label>
    <link:labelArc xlink:arcrole="http://www.xbrl.org/2003/arcrole/concept-label" xlink:from="Loc_dart_ShortTermTradePayables" xlink:to="Label_label_dart_ShortTermTradePayables_ko" xlink:type="arc" priority="1" />
    <link:loc xlink:href="http://dart.fss.or.kr/Resource/Taxonomy/ifrs/2019-10-01/full_ifrs-cor_2019-03-27.xsd#ifrs-full_OtherCurrentFinancialLiabilities" xlink:label="Loc_ifrs-full_OtherCurrentFinancialLiabilities" xlink:type="locator" />
    <link:label xlink:type="resource" xlink:role="http://www.xbrl.org/2003/role/label" xlink:label="Label_label_ifrs-full_OtherCurrentFinancialLiabilities_ko" xml:lang="ko" id="Label_label_ifrs-full_OtherCurrentFinancialLiabilities_ko">기타금융부채</link:label>
    <link:labelArc xlink:arcrole="http://www.xbrl.org/2003/arcrole/concept-label" xlink:from="Loc_ifrs-full_OtherCurrentFinancialLiabilities" xlink:to="Label_label_ifrs-full_OtherCurrentFinancialLiabilities_ko" xlink:type="arc" priority="1" />
    <link:loc xlink:href="http://dart.fss.or.kr/Resource/Taxonomy/ifrs/2019-10-01/full_ifrs-cor_2019-03-27.xsd#ifrs-full_CurrentContractLiabilities" xlink:label="Loc_ifrs-full_CurrentContractLiabilities" xlink:type="locator" />
    <link:label xlink:type="resource" xlink:role="http://www.xbrl.org/2003/role/label" xlink:label="Label_label_ifrs-full_CurrentContractLiabilities_ko" xml:lang="ko" id="Label_label_ifrs-full_CurrentContractLiabilities_ko">계약부채</link:label>
    <link:labelArc xlink:arcrole="http://www.xbrl.org/2003/arcrole/concept-label" xlink:from="Loc_ifrs-full_CurrentContractLiabilities" xlink:to="Label_label_ifrs-full_CurrentContractLiabilities_ko" xlink:type="arc" priority="1" />
    <link:loc xlink:href="http://dart.fss.or.kr/Resource/Taxonomy/ifrs/2019-10-01/full_ifrs-cor_2019-03-27.xsd#ifrs-full_CurrentProvisions" xlink:label="Loc_ifrs-full_CurrentProvisions" xlink:type="locator" />
    <link:label xlink:type="resource" xlink:role="http://dart.fss.or.kr/role/2019-10-01/ifrs/dart_label" xlink:label="Label_dart_label_ifrs-full_CurrentProvisions_ko" xml:lang="ko" id="Label_dart_label_ifrs-full_CurrentProvisions_ko">충당부채</link:label>
    <link:labelArc xlink:arcrole="http://www.xbrl.org/2003/arcrole/concept-label" xlink:from="Loc_ifrs-full_CurrentProvisions" xlink:to="Label_dart_label_ifrs-full_CurrentProvisions_ko" xlink:type="arc" priority="1" />
    <link:loc xlink:href="http://dart.fss.or.kr/Resource/Taxonomy/ifrs/2019-10-01/dart_2019-10-01.xsd#dart_OtherCurrentLiabilities" xlink:label="Loc_dart_OtherCurrentLiabilities" xlink:type="locator" />
    <link:label xlink:type="resource" xlink:role="http://www.xbrl.org/2003/role/label" xlink:label="Label_label_dart_OtherCurrentLiabilities_ko" xml:lang="ko" id="Label_label_dart_OtherCurrentLiabilities_ko">기타부채</link:label>
    <link:labelArc xlink:arcrole="http://www.xbrl.org/2003/arcrole/concept-label" xlink:from="Loc_dart_OtherCurrentLiabilities" xlink:to="Label_label_dart_OtherCurrentLiabilities_ko" xlink:type="arc" priority="1" />
    <link:loc xlink:href="http://dart.fss.or.kr/Resource/Taxonomy/ifrs/2019-10-01/full_ifrs-cor_2019-03-27.xsd#ifrs-full_OtherNoncurrentFinancialLiabilities" xlink:label="Loc_ifrs-full_OtherNoncurrentFinancialLiabilities" xlink:type="locator" />
    <link:label xlink:type="resource" xlink:role="http://www.xbrl.org/2003/role/label" xlink:label="Label_label_ifrs-full_OtherNoncurrentFinancialLiabilities_ko" xml:lang="ko" id="Label_label_ifrs-full_OtherNoncurrentFinancialLiabilities_ko">기타장기금융부채</link:label>
    <link:labelArc xlink:arcrole="http://www.xbrl.org/2003/arcrole/concept-label" xlink:from="Loc_ifrs-full_OtherNoncurrentFinancialLiabilities" xlink:to="Label_label_ifrs-full_OtherNoncurrentFinancialLiabilities_ko" xlink:type="arc" priority="1" />
    <link:loc xlink:href="http://dart.fss.or.kr/Resource/Taxonomy/ifrs/2019-10-01/dart_2019-10-01.xsd#dart_PostemploymentBenefitObligations" xlink:label="Loc_dart_PostemploymentBenefitObligations" xlink:type="locator" />
    <link:label xlink:type="resource" xlink:role="http://www.xbrl.org/2003/role/label" xlink:label="Label_label_dart_PostemploymentBenefitObligations_ko" xml:lang="ko" id="Label_label_dart_PostemploymentBenefitObligations_ko">순확정급여부채</link:label>
    <link:labelArc xlink:arcrole="http://www.xbrl.org/2003/arcrole/concept-label" xlink:from="Loc_dart_PostemploymentBenefitObligations" xlink:to="Label_label_dart_PostemploymentBenefitObligations_ko" xlink:type="arc" priority="1" />
    <link:loc xlink:href="http://dart.fss.or.kr/Resource/Taxonomy/ifrs/2019-10-01/full_ifrs-cor_2019-03-27.xsd#ifrs-full_NoncurrentProvisions" xlink:label="Loc_ifrs-full_NoncurrentProvisions" xlink:type="locator" />
    <link:label xlink:type="resource" xlink:role="http://dart.fss.or.kr/role/2019-10-01/ifrs/dart_label" xlink:label="Label_dart_label_ifrs-full_NoncurrentProvisions_ko" xml:lang="ko" id="Label_dart_label_ifrs-full_NoncurrentProvisions_ko">충당부채</link:label>
    <link:labelArc xlink:arcrole="http://www.xbrl.org/2003/arcrole/concept-label" xlink:from="Loc_ifrs-full_NoncurrentProvisions" xlink:to="Label_dart_label_ifrs-full_NoncurrentProvisions_ko" xlink:type="arc" priority="1" />
    <link:loc xlink:href="../00309503_entry_point_2014-03-31.xsd#entity00309503_udf_BS_201958162928526_NoncurrentLiabilities" xlink:label="Loc_entity00309503_udf_BS_201958162928526_NoncurrentLiabilities" xlink:type="locator" />
    <link:label xlink:type="resource" xlink:role="http://www.xbrl.org/2003/role/label" xlink:label="Label_label_entity00309503_udf_BS_201958162928526_NoncurrentLiabilities_ko" xml:lang="ko" id="Label_label_entity00309503_udf_BS_201958162928526_NoncurrentLiabilities_ko">파생상품금융부채</link:label>
    <link:labelArc xlink:arcrole="http://www.xbrl.org/2003/arcrole/concept-label" xlink:from="Loc_entity00309503_udf_BS_201958162928526_NoncurrentLiabilities" xlink:to="Label_label_entity00309503_udf_BS_201958162928526_NoncurrentLiabilities_ko" xlink:type="arc" />
    <link:label xlink:type="resource" xlink:role="http://www.xbrl.org/2003/role/documentation" xlink:label="Label_entity00309503_udf_BS_201958162928526_NoncurrentLiabilities_ko_doc" xml:lang="ko">
    </link:label>
    <link:labelArc xlink:arcrole="http://www.xbrl.org/2003/arcrole/concept-label" xlink:from="Loc_entity00309503_udf_BS_201958162928526_NoncurrentLiabilities" xlink:to="Label_entity00309503_udf_BS_201958162928526_NoncurrentLiabilities_ko_doc" xlink:type="arc" />
    <link:loc xlink:href="http://dart.fss.or.kr/Resource/Taxonomy/ifrs/2019-10-01/full_ifrs-cor_2019-03-27.xsd#ifrs-full_RetainedEarnings" xlink:label="Loc_ifrs-full_RetainedEarnings" xlink:type="locator" />
    <link:label xlink:type="resource" xlink:role="http://dart.fss.or.kr/role/2019-10-01/ifrs/dart_label" xlink:label="Label_dart_label_ifrs-full_RetainedEarnings_ko" xml:lang="ko" id="Label_dart_label_ifrs-full_RetainedEarnings_ko">이익잉여금</link:label>
    <link:labelArc xlink:arcrole="http://www.xbrl.org/2003/arcrole/concept-label" xlink:from="Loc_ifrs-full_RetainedEarnings" xlink:to="Label_dart_label_ifrs-full_RetainedEarnings_ko" xlink:type="arc" priority="1" />
    <link:loc xlink:href="http://dart.fss.or.kr/Resource/Taxonomy/ifrs/2019-10-01/dart_2019-10-01.xsd#dart_ElementsOfOtherStockholdersEquity" xlink:label="Loc_dart_ElementsOfOtherStockholdersEquity" xlink:type="locator" />
    <link:label xlink:type="resource" xlink:role="http://www.xbrl.org/2003/role/label" xlink:label="Label_label_dart_ElementsOfOtherStockholdersEquity_ko" xml:lang="ko" id="Label_label_dart_ElementsOfOtherStockholdersEquity_ko">기타자본항목</link:label>
    <link:labelArc xlink:arcrole="http://www.xbrl.org/2003/arcrole/concept-label" xlink:from="Loc_dart_ElementsOfOtherStockholdersEquity" xlink:to="Label_label_dart_ElementsOfOtherStockholdersEquity_ko" xlink:type="arc" priority="1" />
    <link:loc xlink:href="../00309503_entry_point_2014-03-31.xsd#entity00309503_udf_BS_202032012483827_CurrentAssets" xlink:label="Loc_entity00309503_udf_BS_202032012483827_CurrentAssets" xlink:type="locator" />
    <link:label xlink:type="resource" xlink:role="http://www.xbrl.org/2003/role/label" xlink:label="Label_label_entity00309503_udf_BS_202032012483827_CurrentAssets_ko" xml:lang="ko" id="Label_label_entity00309503_udf_BS_202032012483827_CurrentAssets_ko">당기손익-공정가치 측정 금융상품</link:label>
    <link:labelArc xlink:arcrole="http://www.xbrl.org/2003/arcrole/concept-label" xlink:from="Loc_entity00309503_udf_BS_202032012483827_CurrentAssets" xlink:to="Label_label_entity00309503_udf_BS_202032012483827_CurrentAssets_ko" xlink:type="arc" />
    <link:label xlink:type="resource" xlink:role="http://www.xbrl.org/2003/role/documentation" xlink:label="Label_entity00309503_udf_BS_202032012483827_CurrentAssets_ko_doc" xml:lang="ko">
    </link:label>
    <link:labelArc xlink:arcrole="http://www.xbrl.org/2003/arcrole/concept-label" xlink:from="Loc_entity00309503_udf_BS_202032012483827_CurrentAssets" xlink:to="Label_entity00309503_udf_BS_202032012483827_CurrentAssets_ko_doc" xlink:type="arc" />
    <link:loc xlink:href="../00309503_entry_point_2014-03-31.xsd#entity00309503_udf_BS_2022316181042109_CurrentAssets" xlink:label="Loc_entity00309503_udf_BS_2022316181042109_CurrentAssets" xlink:type="locator" />
    <link:label xlink:type="resource" xlink:role="http://www.xbrl.org/2003/role/label" xlink:label="Label_label_entity00309503_udf_BS_2022316181042109_CurrentAssets_ko" xml:lang="ko" id="Label_label_entity00309503_udf_BS_2022316181042109_CurrentAssets_ko">매각예정비유동자산</link:label>
    <link:labelArc xlink:arcrole="http://www.xbrl.org/2003/arcrole/concept-label" xlink:from="Loc_entity00309503_udf_BS_2022316181042109_CurrentAssets" xlink:to="Label_label_entity00309503_udf_BS_2022316181042109_CurrentAssets_ko" xlink:type="arc" />
    <link:label xlink:type="resource" xlink:role="http://www.xbrl.org/2003/role/documentation" xlink:label="Label_entity00309503_udf_BS_2022316181042109_CurrentAssets_ko_doc" xml:lang="ko">
    </link:label>
    <link:labelArc xlink:arcrole="http://www.xbrl.org/2003/arcrole/concept-label" xlink:from="Loc_entity00309503_udf_BS_2022316181042109_CurrentAssets" xlink:to="Label_entity00309503_udf_BS_2022316181042109_CurrentAssets_ko_doc" xlink:type="arc" />
    <link:loc xlink:href="../00309503_entry_point_2014-03-31.xsd#entity00309503_udf_BS_201851216220729_NoncurrentAssets" xlink:label="Loc_entity00309503_udf_BS_201851216220729_NoncurrentAssets" xlink:type="locator" />
    <link:label xlink:type="resource" xlink:role="http://www.xbrl.org/2003/role/label" xlink:label="Label_label_entity00309503_udf_BS_201851216220729_NoncurrentAssets_ko" xml:lang="ko" id="Label_label_entity00309503_udf_BS_201851216220729_NoncurrentAssets_ko">당기손익-공정가치 측정 금융상품</link:label>
    <link:labelArc xlink:arcrole="http://www.xbrl.org/2003/arcrole/concept-label" xlink:from="Loc_entity00309503_udf_BS_201851216220729_NoncurrentAssets" xlink:to="Label_label_entity00309503_udf_BS_201851216220729_NoncurrentAssets_ko" xlink:type="arc" />
    <link:label xlink:type="resource" xlink:role="http://www.xbrl.org/2003/role/documentation" xlink:label="Label_entity00309503_udf_BS_201851216220729_NoncurrentAssets_ko_doc" xml:lang="ko">
    </link:label>
    <link:labelArc xlink:arcrole="http://www.xbrl.org/2003/arcrole/concept-label" xlink:from="Loc_entity00309503_udf_BS_201851216220729_NoncurrentAssets" xlink:to="Label_entity00309503_udf_BS_201851216220729_NoncurrentAssets_ko_doc" xlink:type="arc" />
    <link:loc xlink:href="../00309503_entry_point_2014-03-31.xsd#entity00309503_udf_BS_2022316181257543_NoncurrentAssets" xlink:label="Loc_entity00309503_udf_BS_2022316181257543_NoncurrentAssets" xlink:type="locator" />
    <link:label xlink:type="resource" xlink:role="http://www.xbrl.org/2003/role/label" xlink:label="Label_label_entity00309503_udf_BS_2022316181257543_NoncurrentAssets_ko" xml:lang="ko" id="Label_label_entity00309503_udf_BS_2022316181257543_NoncurrentAssets_ko">계약자산</link:label>
    <link:labelArc xlink:arcrole="http://www.xbrl.org/2003/arcrole/concept-label" xlink:from="Loc_entity00309503_udf_BS_2022316181257543_NoncurrentAssets" xlink:to="Label_label_entity00309503_udf_BS_2022316181257543_NoncurrentAssets_ko" xlink:type="arc" />
    <link:label xlink:type="resource" xlink:role="http://www.xbrl.org/2003/role/documentation" xlink:label="Label_entity00309503_udf_BS_2022316181257543_NoncurrentAssets_ko_doc" xml:lang="ko">
    </link:label>
    <link:labelArc xlink:arcrole="http://www.xbrl.org/2003/arcrole/concept-label" xlink:from="Loc_entity00309503_udf_BS_2022316181257543_NoncurrentAssets" xlink:to="Label_entity00309503_udf_BS_2022316181257543_NoncurrentAssets_ko_doc" xlink:type="arc" />
    <link:loc xlink:href="../00309503_entry_point_2014-03-31.xsd#entity00309503_udf_BS_20191110171238644_NoncurrentAssets" xlink:label="Loc_entity00309503_udf_BS_20191110171238644_NoncurrentAssets" xlink:type="locator" />
    <link:label xlink:type="resource" xlink:role="http://www.xbrl.org/2003/role/label" xlink:label="Label_label_entity00309503_udf_BS_20191110171238644_NoncurrentAssets_ko" xml:lang="ko" id="Label_label_entity00309503_udf_BS_20191110171238644_NoncurrentAssets_ko">기타자산</link:label>
    <link:labelArc xlink:arcrole="http://www.xbrl.org/2003/arcrole/concept-label" xlink:from="Loc_entity00309503_udf_BS_20191110171238644_NoncurrentAssets" xlink:to="Label_label_entity00309503_udf_BS_20191110171238644_NoncurrentAssets_ko" xlink:type="arc" />
    <link:label xlink:type="resource" xlink:role="http://www.xbrl.org/2003/role/documentation" xlink:label="Label_entity00309503_udf_BS_20191110171238644_NoncurrentAssets_ko_doc" xml:lang="ko">
    </link:label>
    <link:labelArc xlink:arcrole="http://www.xbrl.org/2003/arcrole/concept-label" xlink:from="Loc_entity00309503_udf_BS_20191110171238644_NoncurrentAssets" xlink:to="Label_entity00309503_udf_BS_20191110171238644_NoncurrentAssets_ko_doc" xlink:type="arc" />
    <link:loc xlink:href="../00309503_entry_point_2014-03-31.xsd#entity00309503_udf_BS_2020320124949259_CurrentLiabilities" xlink:label="Loc_entity00309503_udf_BS_2020320124949259_CurrentLiabilities" xlink:type="locator" />
    <link:label xlink:type="resource" xlink:role="http://www.xbrl.org/2003/role/label" xlink:label="Label_label_entity00309503_udf_BS_2020320124949259_CurrentLiabilities_ko" xml:lang="ko" id="Label_label_entity00309503_udf_BS_2020320124949259_CurrentLiabilities_ko">파생금융부채</link:label>
    <link:labelArc xlink:arcrole="http://www.xbrl.org/2003/arcrole/concept-label" xlink:from="Loc_entity00309503_udf_BS_2020320124949259_CurrentLiabilities" xlink:to="Label_label_entity00309503_udf_BS_2020320124949259_CurrentLiabilities_ko" xlink:type="arc" />
    <link:label xlink:type="resource" xlink:role="http://www.xbrl.org/2003/role/documentation" xlink:label="Label_entity00309503_udf_BS_2020320124949259_CurrentLiabilities_ko_doc" xml:lang="ko">
    </link:label>
    <link:labelArc xlink:arcrole="http://www.xbrl.org/2003/arcrole/concept-label" xlink:from="Loc_entity00309503_udf_BS_2020320124949259_CurrentLiabilities" xlink:to="Label_entity00309503_udf_BS_2020320124949259_CurrentLiabilities_ko_doc" xlink:type="arc" />
    <link:loc xlink:href="../00309503_entry_point_2014-03-31.xsd#entity00309503_udf_BS_2022316181830356_NoncurrentLiabilities" xlink:label="Loc_entity00309503_udf_BS_2022316181830356_NoncurrentLiabilities" xlink:type="locator" />
    <link:label xlink:type="resource" xlink:role="http://www.xbrl.org/2003/role/label" xlink:label="Label_label_entity00309503_udf_BS_2022316181830356_NoncurrentLiabilities_ko" xml:lang="ko" id="Label_label_entity00309503_udf_BS_2022316181830356_NoncurrentLiabilities_ko">충당부채</link:label>
    <link:labelArc xlink:arcrole="http://www.xbrl.org/2003/arcrole/concept-label" xlink:from="Loc_entity00309503_udf_BS_2022316181830356_NoncurrentLiabilities" xlink:to="Label_label_entity00309503_udf_BS_2022316181830356_NoncurrentLiabilities_ko" xlink:type="arc" />
    <link:label xlink:type="resource" xlink:role="http://www.xbrl.org/2003/role/documentation" xlink:label="Label_entity00309503_udf_BS_2022316181830356_NoncurrentLiabilities_ko_doc" xml:lang="ko">
    </link:label>
    <link:labelArc xlink:arcrole="http://www.xbrl.org/2003/arcrole/concept-label" xlink:from="Loc_entity00309503_udf_BS_2022316181830356_NoncurrentLiabilities" xlink:to="Label_entity00309503_udf_BS_2022316181830356_NoncurrentLiabilities_ko_doc" xlink:type="arc" />
    <link:loc xlink:href="../00309503_entry_point_2014-03-31.xsd#entity00309503_udf_BS_202231618185976_NoncurrentLiabilities" xlink:label="Loc_entity00309503_udf_BS_202231618185976_NoncurrentLiabilities" xlink:type="locator" />
    <link:label xlink:type="resource" xlink:role="http://www.xbrl.org/2003/role/label" xlink:label="Label_label_entity00309503_udf_BS_202231618185976_NoncurrentLiabilities_ko" xml:lang="ko" id="Label_label_entity00309503_udf_BS_202231618185976_NoncurrentLiabilities_ko">파생금융부채</link:label>
    <link:labelArc xlink:arcrole="http://www.xbrl.org/2003/arcrole/concept-label" xlink:from="Loc_entity00309503_udf_BS_202231618185976_NoncurrentLiabilities" xlink:to="Label_label_entity00309503_udf_BS_202231618185976_NoncurrentLiabilities_ko" xlink:type="arc" />
    <link:label xlink:type="resource" xlink:role="http://www.xbrl.org/2003/role/documentation" xlink:label="Label_entity00309503_udf_BS_202231618185976_NoncurrentLiabilities_ko_doc" xml:lang="ko">
    </link:label>
    <link:labelArc xlink:arcrole="http://www.xbrl.org/2003/arcrole/concept-label" xlink:from="Loc_entity00309503_udf_BS_202231618185976_NoncurrentLiabilities" xlink:to="Label_entity00309503_udf_BS_202231618185976_NoncurrentLiabilities_ko_doc" xlink:type="arc" />
  </link:labelLink>
</link:linkbase>