<?xml version="1.0" encoding="UTF-8"?>
<!-- Generated by DART -->
<link:linkbase xmlns:link="http://www.xbrl.org/2003/linkbase" xmlns:xlink="http://www.w3.org/1999/xlink" xmlns:xsi="http://www.w3.org/2001/XMLSchema-instance" xmlns:xbrli="http://www.xbrl.org/2003/instance" xsi:schemaLocation="http://www.xbrl.org/2003/linkbase http://www.xbrl.org/2003/xbrl-linkbase-2003-12-31.xsd">
  <link:roleRef roleURI="http://www.xbrl.org/2009/role/negatedLabel" xlink:type="simple" xlink:href="http://www.xbrl.org/lrr/role/negated-2009-12-16.xsd#negatedLabel" />
  <link:roleRef roleURI="http://www.xbrl.org/2009/role/negatedTerseLabel" xlink:type="simple" xlink:href="http://www.xbrl.org/lrr/role/negated-2009-12-16.xsd#negatedTerseLabel" />
  <link:roleRef roleURI="http://www.xbrl.org/2009/role/negatedTotalLabel" xlink:type="simple" xlink:href="http://www.xbrl.org/lrr/role/negated-2009-12-16.xsd#negatedTotalLabel" />
  <link:roleRef roleURI="http://www.xbrl.org/2009/role/negatedPeriodStartLabel" xlink:type="simple" xlink:href="http://www.xbrl.org/lrr/role/negated-2009-12-16.xsd#negatedPeriodStartLabel" />
  <link:roleRef roleURI="http://www.xbrl.org/2009/role/negatedPeriodEndLabel" xlink:type="simple" xlink:href="http://www.xbrl.org/lrr/role/negated-2009-12-16.xsd#negatedPeriodEndLabel" />
  <link:roleRef roleURI="http://www.xbrl.org/2009/role/netLabel" xlink:type="simple" xlink:href="http://www.xbrl.org/lrr/role/net-2009-12-16.xsd#netLabel" />
  <link:roleRef roleURI="http://dart.fss.or.kr/role/2019-10-01/ifrs/dart_label" xlink:type="simple" xlink:href="http://dart.fss.or.kr/Resource/Taxonomy/ifrs/2019-10-01/ifrs_for_dart/rol_dart-label_2019-10-01.xsd#dartLabel" />
  <link:labelLink xlink:type="extended" xlink:role="http://www.xbrl.org/2003/role/link">
    <link:loc xlink:href="http://dart.fss.or.kr/Resource/Taxonomy/ifrs/2019-10-01/full_ifrs-cor_2019-03-27.xsd#ifrs-full_Revenue" xlink:label="Loc_ifrs-full_Revenue" xlink:type="locator" />
    <link:label xlink:type="resource" xlink:role="http://www.xbrl.org/2003/role/label" xlink:label="Label_label_ifrs-full_Revenue_en" xml:lang="en" id="Label_label_ifrs-full_Revenue_en">Sales</link:label>
    <link:labelArc xlink:arcrole="http://www.xbrl.org/2003/arcrole/concept-label" xlink:from="Loc_ifrs-full_Revenue" xlink:to="Label_label_ifrs-full_Revenue_en" xlink:type="arc" priority="1" />
    <link:loc xlink:href="http://dart.fss.or.kr/Resource/Taxonomy/ifrs/2019-10-01/full_ifrs-cor_2019-03-27.xsd#ifrs-full_ProfitLossBeforeTax" xlink:label="Loc_ifrs-full_ProfitLossBeforeTax" xlink:type="locator" />
    <link:label xlink:type="resource" xlink:role="http://www.xbrl.org/2003/role/label" xlink:label="Label_label_ifrs-full_ProfitLossBeforeTax_en" xml:lang="en" id="Label_label_ifrs-full_ProfitLossBeforeTax_en">Profit before tax</link:label>
    <link:labelArc xlink:arcrole="http://www.xbrl.org/2003/arcrole/concept-label" xlink:from="Loc_ifrs-full_ProfitLossBeforeTax" xlink:to="Label_label_ifrs-full_ProfitLossBeforeTax_en" xlink:type="arc" priority="1" />
    <link:loc xlink:href="../00309503_entry_point_2014-03-31.xsd#entity00309503_udf_IS_2022317102322690_OtherComprehensiveIncome" xlink:label="Loc_entity00309503_udf_IS_2022317102322690_OtherComprehensiveIncome" xlink:type="locator" />
    <link:label xlink:type="resource" xlink:role="http://www.xbrl.org/2003/role/label" xlink:label="Label_label_entity00309503_udf_IS_2022317102322690_OtherComprehensiveIncome_en" xml:lang="en" id="Label_label_entity00309503_udf_IS_2022317102322690_OtherComprehensiveIncome_en">Other comprehensive income that will not be reclassified to profit or loss</link:label>
    <link:labelArc xlink:arcrole="http://www.xbrl.org/2003/arcrole/concept-label" xlink:from="Loc_entity00309503_udf_IS_2022317102322690_OtherComprehensiveIncome" xlink:to="Label_label_entity00309503_udf_IS_2022317102322690_OtherComprehensiveIncome_en" xlink:type="arc" />
    <link:label xlink:type="resource" xlink:role="http://www.xbrl.org/2003/role/documentation" xlink:label="Label_entity00309503_udf_IS_2022317102322690_OtherComprehensiveIncome_en_doc" xml:lang="en">
    </link:label>
    <link:labelArc xlink:arcrole="http://www.xbrl.org/2003/arcrole/concept-label" xlink:from="Loc_entity00309503_udf_IS_2022317102322690_OtherComprehensiveIncome" xlink:to="Label_entity00309503_udf_IS_2022317102322690_OtherComprehensiveIncome_en_doc" xlink:type="arc" />
    <link:loc xlink:href="../00309503_entry_point_2014-03-31.xsd#entity00309503_udf_IS_2022317102341121_udf_IS_2022317102322690_OtherComprehensiveIncome" xlink:label="Loc_entity00309503_udf_IS_2022317102341121_udf_IS_2022317102322690_OtherComprehensiveIncome" xlink:type="locator" />
    <link:label xlink:type="resource" xlink:role="http://www.xbrl.org/2003/role/label" xlink:label="Label_label_entity00309503_udf_IS_2022317102341121_udf_IS_2022317102322690_OtherComprehensiveIncome_en" xml:lang="en" id="Label_label_entity00309503_udf_IS_2022317102341121_udf_IS_2022317102322690_OtherComprehensiveIncome_en">Other comprehensive income, net of tax, gains (losses) on</link:label>
    <link:labelArc xlink:arcrole="http://www.xbrl.org/2003/arcrole/concept-label" xlink:from="Loc_entity00309503_udf_IS_2022317102341121_udf_IS_2022317102322690_OtherComprehensiveIncome" xlink:to="Label_label_entity00309503_udf_IS_2022317102341121_udf_IS_2022317102322690_OtherComprehensiveIncome_en" xlink:type="arc" />
    <link:label xlink:type="resource" xlink:role="http://www.xbrl.org/2003/role/documentation" xlink:label="Label_entity00309503_udf_IS_2022317102341121_udf_IS_2022317102322690_OtherComprehensiveIncome_en_doc" xml:lang="en">
    </link:label>
    <link:labelArc xlink:arcrole="http://www.xbrl.org/2003/arcrole/concept-label" xlink:from="Loc_entity00309503_udf_IS_2022317102341121_udf_IS_2022317102322690_OtherComprehensiveIncome" xlink:to="Label_entity00309503_udf_IS_2022317102341121_udf_IS_2022317102322690_OtherComprehensiveIncome_en_doc" xlink:type="arc" />
    <link:loc xlink:href="../00309503_entry_point_2014-03-31.xsd#entity00309503_udf_IS_202231710235426_udf_IS_2022317102322690_OtherComprehensiveIncome" xlink:label="Loc_entity00309503_udf_IS_202231710235426_udf_IS_2022317102322690_OtherComprehensiveIncome" xlink:type="locator" />
    <link:label xlink:type="resource" xlink:role="http://www.xbrl.org/2003/role/label" xlink:label="Label_label_entity00309503_udf_IS_202231710235426_udf_IS_2022317102322690_OtherComprehensiveIncome_en" xml:lang="en" id="Label_label_entity00309503_udf_IS_202231710235426_udf_IS_2022317102322690_OtherComprehensiveIncome_en">Related tax effects on other comprehensive income</link:label>
    <link:labelArc xlink:arcrole="http://www.xbrl.org/2003/arcrole/concept-label" xlink:from="Loc_entity00309503_udf_IS_202231710235426_udf_IS_2022317102322690_OtherComprehensiveIncome" xlink:to="Label_label_entity00309503_udf_IS_202231710235426_udf_IS_2022317102322690_OtherComprehensiveIncome_en" xlink:type="arc" />
    <link:label xlink:type="resource" xlink:role="http://www.xbrl.org/2003/role/documentation" xlink:label="Label_entity00309503_udf_IS_202231710235426_udf_IS_2022317102322690_OtherComprehensiveIncome_en_doc" xml:lang="en">
    </link:label>
    <link:labelArc xlink:arcrole="http://www.xbrl.org/2003/arcrole/concept-label" xlink:from="Loc_entity00309503_udf_IS_202231710235426_udf_IS_2022317102322690_OtherComprehensiveIncome" xlink:to="Label_entity00309503_udf_IS_202231710235426_udf_IS_2022317102322690_OtherComprehensiveIncome_en_doc" xlink:type="arc" />
    <link:loc xlink:href="http://dart.fss.or.kr/Resource/Taxonomy/ifrs/2019-10-01/full_ifrs-cor_2019-03-27.xsd#ifrs-full_BasicEarningsLossPerShare" xlink:label="Loc_ifrs-full_BasicEarningsLossPerShare" xlink:type="locator" />
    <link:label xlink:type="resource" xlink:role="http://www.xbrl.org/2003/role/label" xlink:label="Label_label_ifrs-full_BasicEarningsLossPerShare_en" xml:lang="en" id="Label_label_ifrs-full_BasicEarningsLossPerShare_en">Basic and diluted earnings (loss) per share</link:label>
    <link:labelArc xlink:arcrole="http://www.xbrl.org/2003/arcrole/concept-label" xlink:from="Loc_ifrs-full_BasicEarningsLossPerShare" xlink:to="Label_label_ifrs-full_BasicEarningsLossPerShare_en" xlink:type="arc" priority="1" />
    <link:loc xlink:href="../00309503_entry_point_2014-03-31.xsd#entity00309503_udf_IS_201989135813189_StatementOfComprehensiveIncomeAbstract" xlink:label="Loc_entity00309503_udf_IS_201989135813189_StatementOfComprehensiveIncomeAbstract" xlink:type="locator" />
    <link:label xlink:type="resource" xlink:role="http://www.xbrl.org/2003/role/label" xlink:label="Label_label_entity00309503_udf_IS_201989135813189_StatementOfComprehensiveIncomeAbstract_en" xml:lang="en" id="Label_label_entity00309503_udf_IS_201989135813189_StatementOfComprehensiveIncomeAbstract_en">Profits of associates and joint ventures accounted for using equity</link:label>
    <link:labelArc xlink:arcrole="http://www.xbrl.org/2003/arcrole/concept-label" xlink:from="Loc_entity00309503_udf_IS_201989135813189_StatementOfComprehensiveIncomeAbstract" xlink:to="Label_label_entity00309503_udf_IS_201989135813189_StatementOfComprehensiveIncomeAbstract_en" xlink:type="arc" />
    <link:label xlink:type="resource" xlink:role="http://www.xbrl.org/2003/role/documentation" xlink:label="Label_entity00309503_udf_IS_201989135813189_StatementOfComprehensiveIncomeAbstract_en_doc" xml:lang="en">
    </link:label>
    <link:labelArc xlink:arcrole="http://www.xbrl.org/2003/arcrole/concept-label" xlink:from="Loc_entity00309503_udf_IS_201989135813189_StatementOfComprehensiveIncomeAbstract" xlink:to="Label_entity00309503_udf_IS_201989135813189_StatementOfComprehensiveIncomeAbstract_en_doc" xlink:type="arc" />
    <link:loc xlink:href="../00309503_entry_point_2014-03-31.xsd#entity00309503_udf_IS_2017111013826941_StatementOfComprehensiveIncomeAbstract" xlink:label="Loc_entity00309503_udf_IS_2017111013826941_StatementOfComprehensiveIncomeAbstract" xlink:type="locator" />
    <link:label xlink:type="resource" xlink:role="http://www.xbrl.org/2003/role/label" xlink:label="Label_label_entity00309503_udf_IS_2017111013826941_StatementOfComprehensiveIncomeAbstract_en" xml:lang="en" id="Label_label_entity00309503_udf_IS_2017111013826941_StatementOfComprehensiveIncomeAbstract_en">Losses of associates and joint ventures accounted for using equity</link:label>
    <link:labelArc xlink:arcrole="http://www.xbrl.org/2003/arcrole/concept-label" xlink:from="Loc_entity00309503_udf_IS_2017111013826941_StatementOfComprehensiveIncomeAbstract" xlink:to="Label_label_entity00309503_udf_IS_2017111013826941_StatementOfComprehensiveIncomeAbstract_en" xlink:type="arc" />
    <link:label xlink:type="resource" xlink:role="http://www.xbrl.org/2003/role/documentation" xlink:label="Label_entity00309503_udf_IS_2017111013826941_StatementOfComprehensiveIncomeAbstract_en_doc" xml:lang="en">
    </link:label>
    <link:labelArc xlink:arcrole="http://www.xbrl.org/2003/arcrole/concept-label" xlink:from="Loc_entity00309503_udf_IS_2017111013826941_StatementOfComprehensiveIncomeAbstract" xlink:to="Label_entity00309503_udf_IS_2017111013826941_StatementOfComprehensiveIncomeAbstract_en_doc" xlink:type="arc" />
    <link:loc xlink:href="../00309503_entry_point_2014-03-31.xsd#entity00309503_udf_IS_2020320131740852_OtherComprehensiveIncomeThatWillNotBeReclassifiedToProfitOrLossNetOfTax" xlink:label="Loc_entity00309503_udf_IS_2020320131740852_OtherComprehensiveIncomeThatWillNotBeReclassifiedToProfitOrLossNetOfTax" xlink:type="locator" />
    <link:label xlink:type="resource" xlink:role="http://www.xbrl.org/2003/role/label" xlink:label="Label_label_entity00309503_udf_IS_2020320131740852_OtherComprehensiveIncomeThatWillNotBeReclassifiedToProfitOrLossNetOfTax_en" xml:lang="en" id="Label_label_entity00309503_udf_IS_2020320131740852_OtherComprehensiveIncomeThatWillNotBeReclassifiedToProfitOrLossNetOfTax_en">Related tax effects on other comprehensive income</link:label>
    <link:labelArc xlink:arcrole="http://www.xbrl.org/2003/arcrole/concept-label" xlink:from="Loc_entity00309503_udf_IS_2020320131740852_OtherComprehensiveIncomeThatWillNotBeReclassifiedToProfitOrLossNetOfTax" xlink:to="Label_label_entity00309503_udf_IS_2020320131740852_OtherComprehensiveIncomeThatWillNotBeReclassifiedToProfitOrLossNetOfTax_en" xlink:type="arc" />
    <link:label xlink:type="resource" xlink:role="http://www.xbrl.org/2003/role/documentation" xlink:label="Label_entity00309503_udf_IS_2020320131740852_OtherComprehensiveIncomeThatWillNotBeReclassifiedToProfitOrLossNetOfTax_en_doc" xml:lang="en">
    </link:label>
    <link:labelArc xlink:arcrole="http://www.xbrl.org/2003/arcrole/concept-label" xlink:from="Loc_entity00309503_udf_IS_2020320131740852_OtherComprehensiveIncomeThatWillNotBeReclassifiedToProfitOrLossNetOfTax" xlink:to="Label_entity00309503_udf_IS_2020320131740852_OtherComprehensiveIncomeThatWillNotBeReclassifiedToProfitOrLossNetOfTax_en_doc" xlink:type="arc" />
    <link:loc xlink:href="../00309503_entry_point_2014-03-31.xsd#entity00309503_udf_IS_202231711823686_OtherComprehensiveIncomeThatWillBeReclassifiedToProfitOrLossNetOfTax" xlink:label="Loc_entity00309503_udf_IS_202231711823686_OtherComprehensiveIncomeThatWillBeReclassifiedToProfitOrLossNetOfTax" xlink:type="locator" />
    <link:label xlink:type="resource" xlink:role="http://www.xbrl.org/2003/role/label" xlink:label="Label_label_entity00309503_udf_IS_202231711823686_OtherComprehensiveIncomeThatWillBeReclassifiedToProfitOrLossNetOfTax_en" xml:lang="en" id="Label_label_entity00309503_udf_IS_202231711823686_OtherComprehensiveIncomeThatWillBeReclassifiedToProfitOrLossNetOfTax_en">Change from equity method</link:label>
    <link:labelArc xlink:arcrole="http://www.xbrl.org/2003/arcrole/concept-label" xlink:from="Loc_entity00309503_udf_IS_202231711823686_OtherComprehensiveIncomeThatWillBeReclassifiedToProfitOrLossNetOfTax" xlink:to="Label_label_entity00309503_udf_IS_202231711823686_OtherComprehensiveIncomeThatWillBeReclassifiedToProfitOrLossNetOfTax_en" xlink:type="arc" />
    <link:label xlink:type="resource" xlink:role="http://www.xbrl.org/2003/role/documentation" xlink:label="Label_entity00309503_udf_IS_202231711823686_OtherComprehensiveIncomeThatWillBeReclassifiedToProfitOrLossNetOfTax_en_doc" xml:lang="en">
    </link:label>
    <link:labelArc xlink:arcrole="http://www.xbrl.org/2003/arcrole/concept-label" xlink:from="Loc_entity00309503_udf_IS_202231711823686_OtherComprehensiveIncomeThatWillBeReclassifiedToProfitOrLossNetOfTax" xlink:to="Label_entity00309503_udf_IS_202231711823686_OtherComprehensiveIncomeThatWillBeReclassifiedToProfitOrLossNetOfTax_en_doc" xlink:type="arc" />
    <link:loc xlink:href="../00309503_entry_point_2014-03-31.xsd#entity00309503_udf_CE_202032014272964_StatementOfChangesInEquityLineItems" xlink:label="Loc_entity00309503_udf_CE_202032014272964_StatementOfChangesInEquityLineItems" xlink:type="locator" />
    <link:label xlink:type="resource" xlink:role="http://www.xbrl.org/2003/role/label" xlink:label="Label_label_entity00309503_udf_CE_202032014272964_StatementOfChangesInEquityLineItems_en" xml:lang="en" id="Label_label_entity00309503_udf_CE_202032014272964_StatementOfChangesInEquityLineItems_en">Remeasurement factor of net defined benefit liability</link:label>
    <link:labelArc xlink:arcrole="http://www.xbrl.org/2003/arcrole/concept-label" xlink:from="Loc_entity00309503_udf_CE_202032014272964_StatementOfChangesInEquityLineItems" xlink:to="Label_label_entity00309503_udf_CE_202032014272964_StatementOfChangesInEquityLineItems_en" xlink:type="arc" />
    <link:label xlink:type="resource" xlink:role="http://www.xbrl.org/2003/role/documentation" xlink:label="Label_entity00309503_udf_CE_202032014272964_StatementOfChangesInEquityLineItems_en_doc" xml:lang="en">
    </link:label>
    <link:labelArc xlink:arcrole="http://www.xbrl.org/2003/arcrole/concept-label" xlink:from="Loc_entity00309503_udf_CE_202032014272964_StatementOfChangesInEquityLineItems" xlink:to="Label_entity00309503_udf_CE_202032014272964_StatementOfChangesInEquityLineItems_en_doc" xlink:type="arc" />
    <link:loc xlink:href="../00309503_entry_point_2014-03-31.xsd#entity00309503_udf_CE_20195822295923_StatementOfChangesInEquityLineItems" xlink:label="Loc_entity00309503_udf_CE_20195822295923_StatementOfChangesInEquityLineItems" xlink:type="locator" />
    <link:label xlink:type="resource" xlink:role="http://www.xbrl.org/2003/role/label" xlink:label="Label_label_entity00309503_udf_CE_20195822295923_StatementOfChangesInEquityLineItems_en" xml:lang="en" id="Label_label_entity00309503_udf_CE_20195822295923_StatementOfChangesInEquityLineItems_en">Overseas business translation gains / losses</link:label>
    <link:labelArc xlink:arcrole="http://www.xbrl.org/2003/arcrole/concept-label" xlink:from="Loc_entity00309503_udf_CE_20195822295923_StatementOfChangesInEquityLineItems" xlink:to="Label_label_entity00309503_udf_CE_20195822295923_StatementOfChangesInEquityLineItems_en" xlink:type="arc" />
    <link:label xlink:type="resource" xlink:role="http://www.xbrl.org/2003/role/documentation" xlink:label="Label_entity00309503_udf_CE_20195822295923_StatementOfChangesInEquityLineItems_en_doc" xml:lang="en">
    </link:label>
    <link:labelArc xlink:arcrole="http://www.xbrl.org/2003/arcrole/concept-label" xlink:from="Loc_entity00309503_udf_CE_20195822295923_StatementOfChangesInEquityLineItems" xlink:to="Label_entity00309503_udf_CE_20195822295923_StatementOfChangesInEquityLineItems_en_doc" xlink:type="arc" />
    <link:loc xlink:href="../00309503_entry_point_2014-03-31.xsd#entity00309503_udf_CE_2023313165130258_StatementOfChangesInEquityLineItems" xlink:label="Loc_entity00309503_udf_CE_2023313165130258_StatementOfChangesInEquityLineItems" xlink:type="locator" />
    <link:label xlink:type="resource" xlink:role="http://www.xbrl.org/2003/role/label" xlink:label="Label_label_entity00309503_udf_CE_2023313165130258_StatementOfChangesInEquityLineItems_en" xml:lang="en" id="Label_label_entity00309503_udf_CE_2023313165130258_StatementOfChangesInEquityLineItems_en">Unrealized Gain on Equity Securities under Equity</link:label>
    <link:labelArc xlink:arcrole="http://www.xbrl.org/2003/arcrole/concept-label" xlink:from="Loc_entity00309503_udf_CE_2023313165130258_StatementOfChangesInEquityLineItems" xlink:to="Label_label_entity00309503_udf_CE_2023313165130258_StatementOfChangesInEquityLineItems_en" xlink:type="arc" />
    <link:label xlink:type="resource" xlink:role="http://www.xbrl.org/2003/role/documentation" xlink:label="Label_entity00309503_udf_CE_2023313165130258_StatementOfChangesInEquityLineItems_en_doc" xml:lang="en">
    </link:label>
    <link:labelArc xlink:arcrole="http://www.xbrl.org/2003/arcrole/concept-label" xlink:from="Loc_entity00309503_udf_CE_2023313165130258_StatementOfChangesInEquityLineItems" xlink:to="Label_entity00309503_udf_CE_2023313165130258_StatementOfChangesInEquityLineItems_en_doc" xlink:type="arc" />
    <link:loc xlink:href="../00309503_entry_point_2014-03-31.xsd#entity00309503_udf_CE_2020320132431197_StatementOfChangesInEquityLineItems" xlink:label="Loc_entity00309503_udf_CE_2020320132431197_StatementOfChangesInEquityLineItems" xlink:type="locator" />
    <link:label xlink:type="resource" xlink:role="http://www.xbrl.org/2003/role/label" xlink:label="Label_label_entity00309503_udf_CE_2020320132431197_StatementOfChangesInEquityLineItems_en" xml:lang="en" id="Label_label_entity00309503_udf_CE_2020320132431197_StatementOfChangesInEquityLineItems_en">Other comprehensive income, net of tax, gains (losses) on</link:label>
    <link:labelArc xlink:arcrole="http://www.xbrl.org/2003/arcrole/concept-label" xlink:from="Loc_entity00309503_udf_CE_2020320132431197_StatementOfChangesInEquityLineItems" xlink:to="Label_label_entity00309503_udf_CE_2020320132431197_StatementOfChangesInEquityLineItems_en" xlink:type="arc" />
    <link:label xlink:type="resource" xlink:role="http://www.xbrl.org/2003/role/documentation" xlink:label="Label_entity00309503_udf_CE_2020320132431197_StatementOfChangesInEquityLineItems_en_doc" xml:lang="en">
    </link:label>
    <link:labelArc xlink:arcrole="http://www.xbrl.org/2003/arcrole/concept-label" xlink:from="Loc_entity00309503_udf_CE_2020320132431197_StatementOfChangesInEquityLineItems" xlink:to="Label_entity00309503_udf_CE_2020320132431197_StatementOfChangesInEquityLineItems_en_doc" xlink:type="arc" />
    <link:loc xlink:href="../00309503_entry_point_2014-03-31.xsd#entity00309503_udf_CE_2020320133140614_StatementOfChangesInEquityLineItems" xlink:label="Loc_entity00309503_udf_CE_2020320133140614_StatementOfChangesInEquityLineItems" xlink:type="locator" />
    <link:label xlink:type="resource" xlink:role="http://www.xbrl.org/2003/role/label" xlink:label="Label_label_entity00309503_udf_CE_2020320133140614_StatementOfChangesInEquityLineItems_en" xml:lang="en" id="Label_label_entity00309503_udf_CE_2020320133140614_StatementOfChangesInEquityLineItems_en">Share of other comprehensive income of associates and joint</link:label>
    <link:labelArc xlink:arcrole="http://www.xbrl.org/2003/arcrole/concept-label" xlink:from="Loc_entity00309503_udf_CE_2020320133140614_StatementOfChangesInEquityLineItems" xlink:to="Label_label_entity00309503_udf_CE_2020320133140614_StatementOfChangesInEquityLineItems_en" xlink:type="arc" />
    <link:label xlink:type="resource" xlink:role="http://www.xbrl.org/2003/role/documentation" xlink:label="Label_entity00309503_udf_CE_2020320133140614_StatementOfChangesInEquityLineItems_en_doc" xml:lang="en">
    </link:label>
    <link:labelArc xlink:arcrole="http://www.xbrl.org/2003/arcrole/concept-label" xlink:from="Loc_entity00309503_udf_CE_2020320133140614_StatementOfChangesInEquityLineItems" xlink:to="Label_entity00309503_udf_CE_2020320133140614_StatementOfChangesInEquityLineItems_en_doc" xlink:type="arc" />
    <link:loc xlink:href="../00309503_entry_point_2014-03-31.xsd#entity00309503_udf_CF_2022317103515644_CashFlowsFromUsedInOperatingActivities" xlink:label="Loc_entity00309503_udf_CF_2022317103515644_CashFlowsFromUsedInOperatingActivities" xlink:type="locator" />
    <link:label xlink:type="resource" xlink:role="http://www.xbrl.org/2003/role/label" xlink:label="Label_label_entity00309503_udf_CF_2022317103515644_CashFlowsFromUsedInOperatingActivities_en" xml:lang="en" id="Label_label_entity00309503_udf_CF_2022317103515644_CashFlowsFromUsedInOperatingActivities_en">Cashflow generated from sales</link:label>
    <link:labelArc xlink:arcrole="http://www.xbrl.org/2003/arcrole/concept-label" xlink:from="Loc_entity00309503_udf_CF_2022317103515644_CashFlowsFromUsedInOperatingActivities" xlink:to="Label_label_entity00309503_udf_CF_2022317103515644_CashFlowsFromUsedInOperatingActivities_en" xlink:type="arc" />
    <link:label xlink:type="resource" xlink:role="http://www.xbrl.org/2003/role/documentation" xlink:label="Label_entity00309503_udf_CF_2022317103515644_CashFlowsFromUsedInOperatingActivities_en_doc" xml:lang="en">
    </link:label>
    <link:labelArc xlink:arcrole="http://www.xbrl.org/2003/arcrole/concept-label" xlink:from="Loc_entity00309503_udf_CF_2022317103515644_CashFlowsFromUsedInOperatingActivities" xlink:to="Label_entity00309503_udf_CF_2022317103515644_CashFlowsFromUsedInOperatingActivities_en_doc" xlink:type="arc" />
    <link:loc xlink:href="http://dart.fss.or.kr/Resource/Taxonomy/ifrs/2019-10-01/dart_2019-10-01.xsd#dart_ProfitLossForStatementOfCashFlows" xlink:label="Loc_dart_ProfitLossForStatementOfCashFlows" xlink:type="locator" />
    <link:label xlink:type="resource" xlink:role="http://www.xbrl.org/2003/role/label" xlink:label="Label_label_dart_ProfitLossForStatementOfCashFlows_en" xml:lang="en" id="Label_label_dart_ProfitLossForStatementOfCashFlows_en">Profit</link:label>
    <link:labelArc xlink:arcrole="http://www.xbrl.org/2003/arcrole/concept-label" xlink:from="Loc_dart_ProfitLossForStatementOfCashFlows" xlink:to="Label_label_dart_ProfitLossForStatementOfCashFlows_en" xlink:type="arc" priority="1" />
    <link:loc xlink:href="../00309503_entry_point_2014-03-31.xsd#entity00309503_udf_CF_201851217383353_CashFlowsFromUsedInInvestingActivities" xlink:label="Loc_entity00309503_udf_CF_201851217383353_CashFlowsFromUsedInInvestingActivities" xlink:type="locator" />
    <link:label xlink:type="resource" xlink:role="http://www.xbrl.org/2003/role/label" xlink:label="Label_label_entity00309503_udf_CF_201851217383353_CashFlowsFromUsedInInvestingActivities_en" xml:lang="en" id="Label_label_entity00309503_udf_CF_201851217383353_CashFlowsFromUsedInInvestingActivities_en">Purchase of pair value measure financial assets</link:label>
    <link:labelArc xlink:arcrole="http://www.xbrl.org/2003/arcrole/concept-label" xlink:from="Loc_entity00309503_udf_CF_201851217383353_CashFlowsFromUsedInInvestingActivities" xlink:to="Label_label_entity00309503_udf_CF_201851217383353_CashFlowsFromUsedInInvestingActivities_en" xlink:type="arc" />
    <link:label xlink:type="resource" xlink:role="http://www.xbrl.org/2003/role/documentation" xlink:label="Label_entity00309503_udf_CF_201851217383353_CashFlowsFromUsedInInvestingActivities_en_doc" xml:lang="en">
    </link:label>
    <link:labelArc xlink:arcrole="http://www.xbrl.org/2003/arcrole/concept-label" xlink:from="Loc_entity00309503_udf_CF_201851217383353_CashFlowsFromUsedInInvestingActivities" xlink:to="Label_entity00309503_udf_CF_201851217383353_CashFlowsFromUsedInInvestingActivities_en_doc" xlink:type="arc" />
    <link:loc xlink:href="http://dart.fss.or.kr/Resource/Taxonomy/ifrs/2019-10-01/dart_2019-10-01.xsd#dart_PurchaseOfOtherFinancialAssets" xlink:label="Loc_dart_PurchaseOfOtherFinancialAssets" xlink:type="locator" />
    <link:label xlink:type="resource" xlink:role="http://www.xbrl.org/2003/role/label" xlink:label="Label_label_dart_PurchaseOfOtherFinancialAssets_en" xml:lang="en" id="Label_label_dart_PurchaseOfOtherFinancialAssets_en">Increase of other financial assets</link:label>
    <link:labelArc xlink:arcrole="http://www.xbrl.org/2003/arcrole/concept-label" xlink:from="Loc_dart_PurchaseOfOtherFinancialAssets" xlink:to="Label_label_dart_PurchaseOfOtherFinancialAssets_en" xlink:type="arc" priority="1" />
    <link:loc xlink:href="http://dart.fss.or.kr/Resource/Taxonomy/ifrs/2019-10-01/dart_2019-10-01.xsd#dart_ProceedsFromSalesOfOtherFinancialAssets" xlink:label="Loc_dart_ProceedsFromSalesOfOtherFinancialAssets" xlink:type="locator" />
    <link:label xlink:type="resource" xlink:role="http://www.xbrl.org/2003/role/label" xlink:label="Label_label_dart_ProceedsFromSalesOfOtherFinancialAssets_en" xml:lang="en" id="Label_label_dart_ProceedsFromSalesOfOtherFinancialAssets_en">Decrease from sales of other financial assets</link:label>
    <link:labelArc xlink:arcrole="http://www.xbrl.org/2003/arcrole/concept-label" xlink:from="Loc_dart_ProceedsFromSalesOfOtherFinancialAssets" xlink:to="Label_label_dart_ProceedsFromSalesOfOtherFinancialAssets_en" xlink:type="arc" priority="1" />
    <link:loc xlink:href="../00309503_entry_point_2014-03-31.xsd#entity00309503_udf_CF_20191110182545831_CashFlowsFromUsedInInvestingActivities" xlink:label="Loc_entity00309503_udf_CF_20191110182545831_CashFlowsFromUsedInInvestingActivities" xlink:type="locator" />
    <link:label xlink:type="resource" xlink:role="http://www.xbrl.org/2003/role/label" xlink:label="Label_label_entity00309503_udf_CF_20191110182545831_CashFlowsFromUsedInInvestingActivities_en" xml:lang="en" id="Label_label_entity00309503_udf_CF_20191110182545831_CashFlowsFromUsedInInvestingActivities_en">Acquisition of Investments in Subsidiaries</link:label>
    <link:labelArc xlink:arcrole="http://www.xbrl.org/2003/arcrole/concept-label" xlink:from="Loc_entity00309503_udf_CF_20191110182545831_CashFlowsFromUsedInInvestingActivities" xlink:to="Label_label_entity00309503_udf_CF_20191110182545831_CashFlowsFromUsedInInvestingActivities_en" xlink:type="arc" />
    <link:label xlink:type="resource" xlink:role="http://www.xbrl.org/2003/role/documentation" xlink:label="Label_entity00309503_udf_CF_20191110182545831_CashFlowsFromUsedInInvestingActivities_en_doc" xml:lang="en">
    </link:label>
    <link:labelArc xlink:arcrole="http://www.xbrl.org/2003/arcrole/concept-label" xlink:from="Loc_entity00309503_udf_CF_20191110182545831_CashFlowsFromUsedInInvestingActivities" xlink:to="Label_entity00309503_udf_CF_20191110182545831_CashFlowsFromUsedInInvestingActivities_en_doc" xlink:type="arc" />
    <link:loc xlink:href="../00309503_entry_point_2014-03-31.xsd#entity00309503_udf_CF_202331410737613_CashFlowsFromUsedInInvestingActivities" xlink:label="Loc_entity00309503_udf_CF_202331410737613_CashFlowsFromUsedInInvestingActivities" xlink:type="locator" />
    <link:label xlink:type="resource" xlink:role="http://www.xbrl.org/2003/role/label" xlink:label="Label_label_entity00309503_udf_CF_202331410737613_CashFlowsFromUsedInInvestingActivities_en" xml:lang="en" id="Label_label_entity00309503_udf_CF_202331410737613_CashFlowsFromUsedInInvestingActivities_en">Proceeds from Non-current assets held for sale</link:label>
    <link:labelArc xlink:arcrole="http://www.xbrl.org/2003/arcrole/concept-label" xlink:from="Loc_entity00309503_udf_CF_202331410737613_CashFlowsFromUsedInInvestingActivities" xlink:to="Label_label_entity00309503_udf_CF_202331410737613_CashFlowsFromUsedInInvestingActivities_en" xlink:type="arc" />
    <link:label xlink:type="resource" xlink:role="http://www.xbrl.org/2003/role/documentation" xlink:label="Label_entity00309503_udf_CF_202331410737613_CashFlowsFromUsedInInvestingActivities_en_doc" xml:lang="en">
    </link:label>
    <link:labelArc xlink:arcrole="http://www.xbrl.org/2003/arcrole/concept-label" xlink:from="Loc_entity00309503_udf_CF_202331410737613_CashFlowsFromUsedInInvestingActivities" xlink:to="Label_entity00309503_udf_CF_202331410737613_CashFlowsFromUsedInInvestingActivities_en_doc" xlink:type="arc" />
    <link:loc xlink:href="../00309503_entry_point_2014-03-31.xsd#entity00309503_udf_CF_2019111222433476_CashFlowsFromUsedInFinancingActivities" xlink:label="Loc_entity00309503_udf_CF_2019111222433476_CashFlowsFromUsedInFinancingActivities" xlink:type="locator" />
    <link:label xlink:type="resource" xlink:role="http://www.xbrl.org/2003/role/label" xlink:label="Label_label_entity00309503_udf_CF_2019111222433476_CashFlowsFromUsedInFinancingActivities_en" xml:lang="en" id="Label_label_entity00309503_udf_CF_2019111222433476_CashFlowsFromUsedInFinancingActivities_en">Repayment of Current Growth Borrowings</link:label>
    <link:labelArc xlink:arcrole="http://www.xbrl.org/2003/arcrole/concept-label" xlink:from="Loc_entity00309503_udf_CF_2019111222433476_CashFlowsFromUsedInFinancingActivities" xlink:to="Label_label_entity00309503_udf_CF_2019111222433476_CashFlowsFromUsedInFinancingActivities_en" xlink:type="arc" />
    <link:label xlink:type="resource" xlink:role="http://www.xbrl.org/2003/role/documentation" xlink:label="Label_entity00309503_udf_CF_2019111222433476_CashFlowsFromUsedInFinancingActivities_en_doc" xml:lang="en">
    </link:label>
    <link:labelArc xlink:arcrole="http://www.xbrl.org/2003/arcrole/concept-label" xlink:from="Loc_entity00309503_udf_CF_2019111222433476_CashFlowsFromUsedInFinancingActivities" xlink:to="Label_entity00309503_udf_CF_2019111222433476_CashFlowsFromUsedInFinancingActivities_en_doc" xlink:type="arc" />
    <link:loc xlink:href="../00309503_entry_point_2014-03-31.xsd#entity00309503_udf_CF_2022317104535882_StatementOfCashFlowsAbstract" xlink:label="Loc_entity00309503_udf_CF_2022317104535882_StatementOfCashFlowsAbstract" xlink:type="locator" />
    <link:label xlink:type="resource" xlink:role="http://www.xbrl.org/2003/role/label" xlink:label="Label_label_entity00309503_udf_CF_2022317104535882_StatementOfCashFlowsAbstract_en" xml:lang="en" id="Label_label_entity00309503_udf_CF_2022317104535882_StatementOfCashFlowsAbstract_en">Effect of exchange rate change from foreign currency cash and cash equivalent assets</link:label>
    <link:labelArc xlink:arcrole="http://www.xbrl.org/2003/arcrole/concept-label" xlink:from="Loc_entity00309503_udf_CF_2022317104535882_StatementOfCashFlowsAbstract" xlink:to="Label_label_entity00309503_udf_CF_2022317104535882_StatementOfCashFlowsAbstract_en" xlink:type="arc" />
    <link:label xlink:type="resource" xlink:role="http://www.xbrl.org/2003/role/documentation" xlink:label="Label_entity00309503_udf_CF_2022317104535882_StatementOfCashFlowsAbstract_en_doc" xml:lang="en">
    </link:label>
    <link:labelArc xlink:arcrole="http://www.xbrl.org/2003/arcrole/concept-label" xlink:from="Loc_entity00309503_udf_CF_2022317104535882_StatementOfCashFlowsAbstract" xlink:to="Label_entity00309503_udf_CF_2022317104535882_StatementOfCashFlowsAbstract_en_doc" xlink:type="arc" />
    <link:loc xlink:href="../00309503_entry_point_2014-03-31.xsd#entity00309503_udf_CF_202231781657465_CashFlowsFromUsedInOperatingActivities" xlink:label="Loc_entity00309503_udf_CF_202231781657465_CashFlowsFromUsedInOperatingActivities" xlink:type="locator" />
    <link:label xlink:type="resource" xlink:role="http://www.xbrl.org/2003/role/label" xlink:label="Label_label_entity00309503_udf_CF_202231781657465_CashFlowsFromUsedInOperatingActivities_en" xml:lang="en" id="Label_label_entity00309503_udf_CF_202231781657465_CashFlowsFromUsedInOperatingActivities_en">Cash flow generated from sales</link:label>
    <link:labelArc xlink:arcrole="http://www.xbrl.org/2003/arcrole/concept-label" xlink:from="Loc_entity00309503_udf_CF_202231781657465_CashFlowsFromUsedInOperatingActivities" xlink:to="Label_label_entity00309503_udf_CF_202231781657465_CashFlowsFromUsedInOperatingActivities_en" xlink:type="arc" />
    <link:label xlink:type="resource" xlink:role="http://www.xbrl.org/2003/role/documentation" xlink:label="Label_entity00309503_udf_CF_202231781657465_CashFlowsFromUsedInOperatingActivities_en_doc" xml:lang="en">
    </link:label>
    <link:labelArc xlink:arcrole="http://www.xbrl.org/2003/arcrole/concept-label" xlink:from="Loc_entity00309503_udf_CF_202231781657465_CashFlowsFromUsedInOperatingActivities" xlink:to="Label_entity00309503_udf_CF_202231781657465_CashFlowsFromUsedInOperatingActivities_en_doc" xlink:type="arc" />
    <link:loc xlink:href="../00309503_entry_point_2014-03-31.xsd#entity00309503_udf_CF_2023314885063_CashFlowsFromUsedInInvestingActivities" xlink:label="Loc_entity00309503_udf_CF_2023314885063_CashFlowsFromUsedInInvestingActivities" xlink:type="locator" />
    <link:label xlink:type="resource" xlink:role="http://www.xbrl.org/2003/role/label" xlink:label="Label_label_entity00309503_udf_CF_2023314885063_CashFlowsFromUsedInInvestingActivities_en" xml:lang="en" id="Label_label_entity00309503_udf_CF_2023314885063_CashFlowsFromUsedInInvestingActivities_en">Proceeds from Non-current assets held for sale</link:label>
    <link:labelArc xlink:arcrole="http://www.xbrl.org/2003/arcrole/concept-label" xlink:from="Loc_entity00309503_udf_CF_2023314885063_CashFlowsFromUsedInInvestingActivities" xlink:to="Label_label_entity00309503_udf_CF_2023314885063_CashFlowsFromUsedInInvestingActivities_en" xlink:type="arc" />
    <link:label xlink:type="resource" xlink:role="http://www.xbrl.org/2003/role/documentation" xlink:label="Label_entity00309503_udf_CF_2023314885063_CashFlowsFromUsedInInvestingActivities_en_doc" xml:lang="en">
    </link:label>
    <link:labelArc xlink:arcrole="http://www.xbrl.org/2003/arcrole/concept-label" xlink:from="Loc_entity00309503_udf_CF_2023314885063_CashFlowsFromUsedInInvestingActivities" xlink:to="Label_entity00309503_udf_CF_2023314885063_CashFlowsFromUsedInInvestingActivities_en_doc" xlink:type="arc" />
    <link:loc xlink:href="../00309503_entry_point_2014-03-31.xsd#entity00309503_udf_CF_20191112223344603_CashFlowsFromUsedInFinancingActivities" xlink:label="Loc_entity00309503_udf_CF_20191112223344603_CashFlowsFromUsedInFinancingActivities" xlink:type="locator" />
    <link:label xlink:type="resource" xlink:role="http://www.xbrl.org/2003/role/label" xlink:label="Label_label_entity00309503_udf_CF_20191112223344603_CashFlowsFromUsedInFinancingActivities_en" xml:lang="en" id="Label_label_entity00309503_udf_CF_20191112223344603_CashFlowsFromUsedInFinancingActivities_en">Repayment of Current Growth Borrowings</link:label>
    <link:labelArc xlink:arcrole="http://www.xbrl.org/2003/arcrole/concept-label" xlink:from="Loc_entity00309503_udf_CF_20191112223344603_CashFlowsFromUsedInFinancingActivities" xlink:to="Label_label_entity00309503_udf_CF_20191112223344603_CashFlowsFromUsedInFinancingActivities_en" xlink:type="arc" />
    <link:label xlink:type="resource" xlink:role="http://www.xbrl.org/2003/role/documentation" xlink:label="Label_entity00309503_udf_CF_20191112223344603_CashFlowsFromUsedInFinancingActivities_en_doc" xml:lang="en">
    </link:label>
    <link:labelArc xlink:arcrole="http://www.xbrl.org/2003/arcrole/concept-label" xlink:from="Loc_entity00309503_udf_CF_20191112223344603_CashFlowsFromUsedInFinancingActivities" xlink:to="Label_entity00309503_udf_CF_20191112223344603_CashFlowsFromUsedInFinancingActivities_en_doc" xlink:type="arc" />
    <link:loc xlink:href="../00309503_entry_point_2014-03-31.xsd#entity00309503_udf_CF_202231783540840_StatementOfCashFlowsAbstract" xlink:label="Loc_entity00309503_udf_CF_202231783540840_StatementOfCashFlowsAbstract" xlink:type="locator" />
    <link:label xlink:type="resource" xlink:role="http://www.xbrl.org/2003/role/label" xlink:label="Label_label_entity00309503_udf_CF_202231783540840_StatementOfCashFlowsAbstract_en" xml:lang="en" id="Label_label_entity00309503_udf_CF_202231783540840_StatementOfCashFlowsAbstract_en">Effect of exchange rate change from foreign currency cash and cash equivalent assets</link:label>
    <link:labelArc xlink:arcrole="http://www.xbrl.org/2003/arcrole/concept-label" xlink:from="Loc_entity00309503_udf_CF_202231783540840_StatementOfCashFlowsAbstract" xlink:to="Label_label_entity00309503_udf_CF_202231783540840_StatementOfCashFlowsAbstract_en" xlink:type="arc" />
    <link:label xlink:type="resource" xlink:role="http://www.xbrl.org/2003/role/documentation" xlink:label="Label_entity00309503_udf_CF_202231783540840_StatementOfCashFlowsAbstract_en_doc" xml:lang="en">
    </link:label>
    <link:labelArc xlink:arcrole="http://www.xbrl.org/2003/arcrole/concept-label" xlink:from="Loc_entity00309503_udf_CF_202231783540840_StatementOfCashFlowsAbstract" xlink:to="Label_entity00309503_udf_CF_202231783540840_StatementOfCashFlowsAbstract_en_doc" xlink:type="arc" />
    <link:loc xlink:href="../00309503_entry_point_2014-03-31.xsd#entity00309503_udf_BS_20223171095927_CurrentAssets" xlink:label="Loc_entity00309503_udf_BS_20223171095927_CurrentAssets" xlink:type="locator" />
    <link:label xlink:type="resource" xlink:role="http://www.xbrl.org/2003/role/label" xlink:label="Label_label_entity00309503_udf_BS_20223171095927_CurrentAssets_en" xml:lang="en" id="Label_label_entity00309503_udf_BS_20223171095927_CurrentAssets_en">Purchase of available-for-sale financial assets</link:label>
    <link:labelArc xlink:arcrole="http://www.xbrl.org/2003/arcrole/concept-label" xlink:from="Loc_entity00309503_udf_BS_20223171095927_CurrentAssets" xlink:to="Label_label_entity00309503_udf_BS_20223171095927_CurrentAssets_en" xlink:type="arc" />
    <link:label xlink:type="resource" xlink:role="http://www.xbrl.org/2003/role/documentation" xlink:label="Label_entity00309503_udf_BS_20223171095927_CurrentAssets_en_doc" xml:lang="en">
    </link:label>
    <link:labelArc xlink:arcrole="http://www.xbrl.org/2003/arcrole/concept-label" xlink:from="Loc_entity00309503_udf_BS_20223171095927_CurrentAssets" xlink:to="Label_entity00309503_udf_BS_20223171095927_CurrentAssets_en_doc" xlink:type="arc" />
    <link:loc xlink:href="../00309503_entry_point_2014-03-31.xsd#entity00309503_udf_BS_2022317101012703_CurrentAssets" xlink:label="Loc_entity00309503_udf_BS_2022317101012703_CurrentAssets" xlink:type="locator" />
    <link:label xlink:type="resource" xlink:role="http://www.xbrl.org/2003/role/label" xlink:label="Label_label_entity00309503_udf_BS_2022317101012703_CurrentAssets_en" xml:lang="en" id="Label_label_entity00309503_udf_BS_2022317101012703_CurrentAssets_en">Current assets to be sold</link:label>
    <link:labelArc xlink:arcrole="http://www.xbrl.org/2003/arcrole/concept-label" xlink:from="Loc_entity00309503_udf_BS_2022317101012703_CurrentAssets" xlink:to="Label_label_entity00309503_udf_BS_2022317101012703_CurrentAssets_en" xlink:type="arc" />
    <link:label xlink:type="resource" xlink:role="http://www.xbrl.org/2003/role/documentation" xlink:label="Label_entity00309503_udf_BS_2022317101012703_CurrentAssets_en_doc" xml:lang="en">
    </link:label>
    <link:labelArc xlink:arcrole="http://www.xbrl.org/2003/arcrole/concept-label" xlink:from="Loc_entity00309503_udf_BS_2022317101012703_CurrentAssets" xlink:to="Label_entity00309503_udf_BS_2022317101012703_CurrentAssets_en_doc" xlink:type="arc" />
    <link:loc xlink:href="../00309503_entry_point_2014-03-31.xsd#entity00309503_udf_BS_201851216552749_NoncurrentAssets" xlink:label="Loc_entity00309503_udf_BS_201851216552749_NoncurrentAssets" xlink:type="locator" />
    <link:label xlink:type="resource" xlink:role="http://www.xbrl.org/2003/role/label" xlink:label="Label_label_entity00309503_udf_BS_201851216552749_NoncurrentAssets_en" xml:lang="en" id="Label_label_entity00309503_udf_BS_201851216552749_NoncurrentAssets_en">Purchase of available-for-sale financial assets</link:label>
    <link:labelArc xlink:arcrole="http://www.xbrl.org/2003/arcrole/concept-label" xlink:from="Loc_entity00309503_udf_BS_201851216552749_NoncurrentAssets" xlink:to="Label_label_entity00309503_udf_BS_201851216552749_NoncurrentAssets_en" xlink:type="arc" />
    <link:label xlink:type="resource" xlink:role="http://www.xbrl.org/2003/role/documentation" xlink:label="Label_entity00309503_udf_BS_201851216552749_NoncurrentAssets_en_doc" xml:lang="en">
    </link:label>
    <link:labelArc xlink:arcrole="http://www.xbrl.org/2003/arcrole/concept-label" xlink:from="Loc_entity00309503_udf_BS_201851216552749_NoncurrentAssets" xlink:to="Label_entity00309503_udf_BS_201851216552749_NoncurrentAssets_en_doc" xlink:type="arc" />
    <link:loc xlink:href="http://dart.fss.or.kr/Resource/Taxonomy/ifrs/2019-10-01/full_ifrs-cor_2019-03-27.xsd#ifrs-full_OtherNoncurrentFinancialAssets" xlink:label="Loc_ifrs-full_OtherNoncurrentFinancialAssets" xlink:type="locator" />
    <link:label xlink:type="resource" xlink:role="http://www.xbrl.org/2003/role/label" xlink:label="Label_label_ifrs-full_OtherNoncurrentFinancialAssets_en" xml:lang="en" id="Label_label_ifrs-full_OtherNoncurrentFinancialAssets_en">Other long-term financial assets</link:label>
    <link:labelArc xlink:arcrole="http://www.xbrl.org/2003/arcrole/concept-label" xlink:from="Loc_ifrs-full_OtherNoncurrentFinancialAssets" xlink:to="Label_label_ifrs-full_OtherNoncurrentFinancialAssets_en" xlink:type="arc" priority="1" />
    <link:loc xlink:href="http://dart.fss.or.kr/Resource/Taxonomy/ifrs/2019-10-01/full_ifrs-cor_2019-03-27.xsd#ifrs-full_InvestmentsInSubsidiariesJointVenturesAndAssociates" xlink:label="Loc_ifrs-full_InvestmentsInSubsidiariesJointVenturesAndAssociates" xlink:type="locator" />
    <link:label xlink:type="resource" xlink:role="http://www.xbrl.org/2003/role/label" xlink:label="Label_label_ifrs-full_InvestmentsInSubsidiariesJointVenturesAndAssociates_en" xml:lang="en" id="Label_label_ifrs-full_InvestmentsInSubsidiariesJointVenturesAndAssociates_en">Joint ventures and associates</link:label>
    <link:labelArc xlink:arcrole="http://www.xbrl.org/2003/arcrole/concept-label" xlink:from="Loc_ifrs-full_InvestmentsInSubsidiariesJointVenturesAndAssociates" xlink:to="Label_label_ifrs-full_InvestmentsInSubsidiariesJointVenturesAndAssociates_en" xlink:type="arc" priority="1" />
    <link:loc xlink:href="../00309503_entry_point_2014-03-31.xsd#entity00309503_udf_BS_20191110175352285_NoncurrentAssets" xlink:label="Loc_entity00309503_udf_BS_20191110175352285_NoncurrentAssets" xlink:type="locator" />
    <link:label xlink:type="resource" xlink:role="http://www.xbrl.org/2003/role/label" xlink:label="Label_label_entity00309503_udf_BS_20191110175352285_NoncurrentAssets_en" xml:lang="en" id="Label_label_entity00309503_udf_BS_20191110175352285_NoncurrentAssets_en">Other assets</link:label>
    <link:labelArc xlink:arcrole="http://www.xbrl.org/2003/arcrole/concept-label" xlink:from="Loc_entity00309503_udf_BS_20191110175352285_NoncurrentAssets" xlink:to="Label_label_entity00309503_udf_BS_20191110175352285_NoncurrentAssets_en" xlink:type="arc" />
    <link:label xlink:type="resource" xlink:role="http://www.xbrl.org/2003/role/documentation" xlink:label="Label_entity00309503_udf_BS_20191110175352285_NoncurrentAssets_en_doc" xml:lang="en">
    </link:label>
    <link:labelArc xlink:arcrole="http://www.xbrl.org/2003/arcrole/concept-label" xlink:from="Loc_entity00309503_udf_BS_20191110175352285_NoncurrentAssets" xlink:to="Label_entity00309503_udf_BS_20191110175352285_NoncurrentAssets_en_doc" xlink:type="arc" />
    <link:loc xlink:href="../00309503_entry_point_2014-03-31.xsd#entity00309503_udf_BS_201958162928526_NoncurrentLiabilities" xlink:label="Loc_entity00309503_udf_BS_201958162928526_NoncurrentLiabilities" xlink:type="locator" />
    <link:label xlink:type="resource" xlink:role="http://www.xbrl.org/2003/role/label" xlink:label="Label_label_entity00309503_udf_BS_201958162928526_NoncurrentLiabilities_en" xml:lang="en" id="Label_label_entity00309503_udf_BS_201958162928526_NoncurrentLiabilities_en">Derivative financial liabilities</link:label>
    <link:labelArc xlink:arcrole="http://www.xbrl.org/2003/arcrole/concept-label" xlink:from="Loc_entity00309503_udf_BS_201958162928526_NoncurrentLiabilities" xlink:to="Label_label_entity00309503_udf_BS_201958162928526_NoncurrentLiabilities_en" xlink:type="arc" />
    <link:label xlink:type="resource" xlink:role="http://www.xbrl.org/2003/role/documentation" xlink:label="Label_entity00309503_udf_BS_201958162928526_NoncurrentLiabilities_en_doc" xml:lang="en">
    </link:label>
    <link:labelArc xlink:arcrole="http://www.xbrl.org/2003/arcrole/concept-label" xlink:from="Loc_entity00309503_udf_BS_201958162928526_NoncurrentLiabilities" xlink:to="Label_entity00309503_udf_BS_201958162928526_NoncurrentLiabilities_en_doc" xlink:type="arc" />
    <link:loc xlink:href="../00309503_entry_point_2014-03-31.xsd#entity00309503_udf_BS_202032012483827_CurrentAssets" xlink:label="Loc_entity00309503_udf_BS_202032012483827_CurrentAssets" xlink:type="locator" />
    <link:label xlink:type="resource" xlink:role="http://www.xbrl.org/2003/role/label" xlink:label="Label_label_entity00309503_udf_BS_202032012483827_CurrentAssets_en" xml:lang="en" id="Label_label_entity00309503_udf_BS_202032012483827_CurrentAssets_en">Purchase of available-for-sale financial assets</link:label>
    <link:labelArc xlink:arcrole="http://www.xbrl.org/2003/arcrole/concept-label" xlink:from="Loc_entity00309503_udf_BS_202032012483827_CurrentAssets" xlink:to="Label_label_entity00309503_udf_BS_202032012483827_CurrentAssets_en" xlink:type="arc" />
    <link:label xlink:type="resource" xlink:role="http://www.xbrl.org/2003/role/documentation" xlink:label="Label_entity00309503_udf_BS_202032012483827_CurrentAssets_en_doc" xml:lang="en">
    </link:label>
    <link:labelArc xlink:arcrole="http://www.xbrl.org/2003/arcrole/concept-label" xlink:from="Loc_entity00309503_udf_BS_202032012483827_CurrentAssets" xlink:to="Label_entity00309503_udf_BS_202032012483827_CurrentAssets_en_doc" xlink:type="arc" />
    <link:loc xlink:href="../00309503_entry_point_2014-03-31.xsd#entity00309503_udf_BS_2022316181042109_CurrentAssets" xlink:label="Loc_entity00309503_udf_BS_2022316181042109_CurrentAssets" xlink:type="locator" />
    <link:label xlink:type="resource" xlink:role="http://www.xbrl.org/2003/role/label" xlink:label="Label_label_entity00309503_udf_BS_2022316181042109_CurrentAssets_en" xml:lang="en" id="Label_label_entity00309503_udf_BS_2022316181042109_CurrentAssets_en">Non-current asset to be sold</link:label>
    <link:labelArc xlink:arcrole="http://www.xbrl.org/2003/arcrole/concept-label" xlink:from="Loc_entity00309503_udf_BS_2022316181042109_CurrentAssets" xlink:to="Label_label_entity00309503_udf_BS_2022316181042109_CurrentAssets_en" xlink:type="arc" />
    <link:label xlink:type="resource" xlink:role="http://www.xbrl.org/2003/role/documentation" xlink:label="Label_entity00309503_udf_BS_2022316181042109_CurrentAssets_en_doc" xml:lang="en">
    </link:label>
    <link:labelArc xlink:arcrole="http://www.xbrl.org/2003/arcrole/concept-label" xlink:from="Loc_entity00309503_udf_BS_2022316181042109_CurrentAssets" xlink:to="Label_entity00309503_udf_BS_2022316181042109_CurrentAssets_en_doc" xlink:type="arc" />
    <link:loc xlink:href="../00309503_entry_point_2014-03-31.xsd#entity00309503_udf_BS_201851216220729_NoncurrentAssets" xlink:label="Loc_entity00309503_udf_BS_201851216220729_NoncurrentAssets" xlink:type="locator" />
    <link:label xlink:type="resource" xlink:role="http://www.xbrl.org/2003/role/label" xlink:label="Label_label_entity00309503_udf_BS_201851216220729_NoncurrentAssets_en" xml:lang="en" id="Label_label_entity00309503_udf_BS_201851216220729_NoncurrentAssets_en">Purchase of available-for-sale financial assets</link:label>
    <link:labelArc xlink:arcrole="http://www.xbrl.org/2003/arcrole/concept-label" xlink:from="Loc_entity00309503_udf_BS_201851216220729_NoncurrentAssets" xlink:to="Label_label_entity00309503_udf_BS_201851216220729_NoncurrentAssets_en" xlink:type="arc" />
    <link:label xlink:type="resource" xlink:role="http://www.xbrl.org/2003/role/documentation" xlink:label="Label_entity00309503_udf_BS_201851216220729_NoncurrentAssets_en_doc" xml:lang="en">
    </link:label>
    <link:labelArc xlink:arcrole="http://www.xbrl.org/2003/arcrole/concept-label" xlink:from="Loc_entity00309503_udf_BS_201851216220729_NoncurrentAssets" xlink:to="Label_entity00309503_udf_BS_201851216220729_NoncurrentAssets_en_doc" xlink:type="arc" />
    <link:loc xlink:href="../00309503_entry_point_2014-03-31.xsd#entity00309503_udf_BS_2022316181257543_NoncurrentAssets" xlink:label="Loc_entity00309503_udf_BS_2022316181257543_NoncurrentAssets" xlink:type="locator" />
    <link:label xlink:type="resource" xlink:role="http://www.xbrl.org/2003/role/label" xlink:label="Label_label_entity00309503_udf_BS_2022316181257543_NoncurrentAssets_en" xml:lang="en" id="Label_label_entity00309503_udf_BS_2022316181257543_NoncurrentAssets_en">Contract assets</link:label>
    <link:labelArc xlink:arcrole="http://www.xbrl.org/2003/arcrole/concept-label" xlink:from="Loc_entity00309503_udf_BS_2022316181257543_NoncurrentAssets" xlink:to="Label_label_entity00309503_udf_BS_2022316181257543_NoncurrentAssets_en" xlink:type="arc" />
    <link:label xlink:type="resource" xlink:role="http://www.xbrl.org/2003/role/documentation" xlink:label="Label_entity00309503_udf_BS_2022316181257543_NoncurrentAssets_en_doc" xml:lang="en">
    </link:label>
    <link:labelArc xlink:arcrole="http://www.xbrl.org/2003/arcrole/concept-label" xlink:from="Loc_entity00309503_udf_BS_2022316181257543_NoncurrentAssets" xlink:to="Label_entity00309503_udf_BS_2022316181257543_NoncurrentAssets_en_doc" xlink:type="arc" />
    <link:loc xlink:href="../00309503_entry_point_2014-03-31.xsd#entity00309503_udf_BS_20191110171238644_NoncurrentAssets" xlink:label="Loc_entity00309503_udf_BS_20191110171238644_NoncurrentAssets" xlink:type="locator" />
    <link:label xlink:type="resource" xlink:role="http://www.xbrl.org/2003/role/label" xlink:label="Label_label_entity00309503_udf_BS_20191110171238644_NoncurrentAssets_en" xml:lang="en" id="Label_label_entity00309503_udf_BS_20191110171238644_NoncurrentAssets_en">Other assets</link:label>
    <link:labelArc xlink:arcrole="http://www.xbrl.org/2003/arcrole/concept-label" xlink:from="Loc_entity00309503_udf_BS_20191110171238644_NoncurrentAssets" xlink:to="Label_label_entity00309503_udf_BS_20191110171238644_NoncurrentAssets_en" xlink:type="arc" />
    <link:label xlink:type="resource" xlink:role="http://www.xbrl.org/2003/role/documentation" xlink:label="Label_entity00309503_udf_BS_20191110171238644_NoncurrentAssets_en_doc" xml:lang="en">
    </link:label>
    <link:labelArc xlink:arcrole="http://www.xbrl.org/2003/arcrole/concept-label" xlink:from="Loc_entity00309503_udf_BS_20191110171238644_NoncurrentAssets" xlink:to="Label_entity00309503_udf_BS_20191110171238644_NoncurrentAssets_en_doc" xlink:type="arc" />
    <link:loc xlink:href="../00309503_entry_point_2014-03-31.xsd#entity00309503_udf_BS_2020320124949259_CurrentLiabilities" xlink:label="Loc_entity00309503_udf_BS_2020320124949259_CurrentLiabilities" xlink:type="locator" />
    <link:label xlink:type="resource" xlink:role="http://www.xbrl.org/2003/role/label" xlink:label="Label_label_entity00309503_udf_BS_2020320124949259_CurrentLiabilities_en" xml:lang="en" id="Label_label_entity00309503_udf_BS_2020320124949259_CurrentLiabilities_en">derivative financial instruments</link:label>
    <link:labelArc xlink:arcrole="http://www.xbrl.org/2003/arcrole/concept-label" xlink:from="Loc_entity00309503_udf_BS_2020320124949259_CurrentLiabilities" xlink:to="Label_label_entity00309503_udf_BS_2020320124949259_CurrentLiabilities_en" xlink:type="arc" />
    <link:label xlink:type="resource" xlink:role="http://www.xbrl.org/2003/role/documentation" xlink:label="Label_entity00309503_udf_BS_2020320124949259_CurrentLiabilities_en_doc" xml:lang="en">
    </link:label>
    <link:labelArc xlink:arcrole="http://www.xbrl.org/2003/arcrole/concept-label" xlink:from="Loc_entity00309503_udf_BS_2020320124949259_CurrentLiabilities" xlink:to="Label_entity00309503_udf_BS_2020320124949259_CurrentLiabilities_en_doc" xlink:type="arc" />
    <link:loc xlink:href="../00309503_entry_point_2014-03-31.xsd#entity00309503_udf_BS_2022316181830356_NoncurrentLiabilities" xlink:label="Loc_entity00309503_udf_BS_2022316181830356_NoncurrentLiabilities" xlink:type="locator" />
    <link:label xlink:type="resource" xlink:role="http://www.xbrl.org/2003/role/label" xlink:label="Label_label_entity00309503_udf_BS_2022316181830356_NoncurrentLiabilities_en" xml:lang="en" id="Label_label_entity00309503_udf_BS_2022316181830356_NoncurrentLiabilities_en">Provision</link:label>
    <link:labelArc xlink:arcrole="http://www.xbrl.org/2003/arcrole/concept-label" xlink:from="Loc_entity00309503_udf_BS_2022316181830356_NoncurrentLiabilities" xlink:to="Label_label_entity00309503_udf_BS_2022316181830356_NoncurrentLiabilities_en" xlink:type="arc" />
    <link:label xlink:type="resource" xlink:role="http://www.xbrl.org/2003/role/documentation" xlink:label="Label_entity00309503_udf_BS_2022316181830356_NoncurrentLiabilities_en_doc" xml:lang="en">
    </link:label>
    <link:labelArc xlink:arcrole="http://www.xbrl.org/2003/arcrole/concept-label" xlink:from="Loc_entity00309503_udf_BS_2022316181830356_NoncurrentLiabilities" xlink:to="Label_entity00309503_udf_BS_2022316181830356_NoncurrentLiabilities_en_doc" xlink:type="arc" />
    <link:loc xlink:href="../00309503_entry_point_2014-03-31.xsd#entity00309503_udf_BS_202231618185976_NoncurrentLiabilities" xlink:label="Loc_entity00309503_udf_BS_202231618185976_NoncurrentLiabilities" xlink:type="locator" />
    <link:label xlink:type="resource" xlink:role="http://www.xbrl.org/2003/role/label" xlink:label="Label_label_entity00309503_udf_BS_202231618185976_NoncurrentLiabilities_en" xml:lang="en" id="Label_label_entity00309503_udf_BS_202231618185976_NoncurrentLiabilities_en">Derivatives liabilities</link:label>
    <link:labelArc xlink:arcrole="http://www.xbrl.org/2003/arcrole/concept-label" xlink:from="Loc_entity00309503_udf_BS_202231618185976_NoncurrentLiabilities" xlink:to="Label_label_entity00309503_udf_BS_202231618185976_NoncurrentLiabilities_en" xlink:type="arc" />
    <link:label xlink:type="resource" xlink:role="http://www.xbrl.org/2003/role/documentation" xlink:label="Label_entity00309503_udf_BS_202231618185976_NoncurrentLiabilities_en_doc" xml:lang="en">
    </link:label>
    <link:labelArc xlink:arcrole="http://www.xbrl.org/2003/arcrole/concept-label" xlink:from="Loc_entity00309503_udf_BS_202231618185976_NoncurrentLiabilities" xlink:to="Label_entity00309503_udf_BS_202231618185976_NoncurrentLiabilities_en_doc" xlink:type="arc" />
  </link:labelLink>
</link:linkbase>