<?xml version="1.0" encoding="UTF-8"?>
<!-- Generated by DART -->
<link:linkbase xmlns:link="http://www.xbrl.org/2003/linkbase" xmlns:xlink="http://www.w3.org/1999/xlink" xmlns:xsi="http://www.w3.org/2001/XMLSchema-instance" xmlns:xbrli="http://www.xbrl.org/2003/instance" xsi:schemaLocation="http://www.xbrl.org/2003/linkbase http://www.xbrl.org/2003/xbrl-linkbase-2003-12-31.xsd">
  <link:roleRef roleURI="http://www.xbrl.org/2009/role/negatedLabel" xlink:type="simple" xlink:href="http://www.xbrl.org/lrr/role/negated-2009-12-16.xsd#negatedLabel" />
  <link:roleRef roleURI="http://www.xbrl.org/2009/role/negatedTerseLabel" xlink:type="simple" xlink:href="http://www.xbrl.org/lrr/role/negated-2009-12-16.xsd#negatedTerseLabel" />
  <link:roleRef roleURI="http://www.xbrl.org/2009/role/negatedTotalLabel" xlink:type="simple" xlink:href="http://www.xbrl.org/lrr/role/negated-2009-12-16.xsd#negatedTotalLabel" />
  <link:roleRef roleURI="http://www.xbrl.org/2009/role/negatedPeriodStartLabel" xlink:type="simple" xlink:href="http://www.xbrl.org/lrr/role/negated-2009-12-16.xsd#negatedPeriodStartLabel" />
  <link:roleRef roleURI="http://www.xbrl.org/2009/role/negatedPeriodEndLabel" xlink:type="simple" xlink:href="http://www.xbrl.org/lrr/role/negated-2009-12-16.xsd#negatedPeriodEndLabel" />
  <link:roleRef roleURI="http://www.xbrl.org/2009/role/netLabel" xlink:type="simple" xlink:href="http://www.xbrl.org/lrr/role/net-2009-12-16.xsd#netLabel" />
  <link:roleRef roleURI="http://dart.fss.or.kr/role/2019-10-01/ifrs/dart_label" xlink:type="simple" xlink:href="http://dart.fss.or.kr/Resource/Taxonomy/ifrs/2019-10-01/ifrs_for_dart/rol_dart-label_2019-10-01.xsd#dartLabel" />
  <link:labelLink xlink:type="extended" xlink:role="http://www.xbrl.org/2003/role/link">
    <link:loc xlink:href="../00164609_entry_point_2011-05-19.xsd#entity00164609_udf_IS_2022513101936833_OtherComprehensiveIncomeThatWillNotBeReclassifiedToProfitOrLossNetOfTax" xlink:label="Loc_entity00164609_udf_IS_2022513101936833_OtherComprehensiveIncomeThatWillNotBeReclassifiedToProfitOrLossNetOfTax" xlink:type="locator" />
    <link:label xlink:type="resource" xlink:role="http://www.xbrl.org/2003/role/label" xlink:label="Label_label_entity00164609_udf_IS_2022513101936833_OtherComprehensiveIncomeThatWillNotBeReclassifiedToProfitOrLossNetOfTax_en" xml:lang="en" id="Label_label_entity00164609_udf_IS_2022513101936833_OtherComprehensiveIncomeThatWillNotBeReclassifiedToProfitOrLossNetOfTax_en">remeasurements of the net defined benefit liability</link:label>
    <link:labelArc xlink:arcrole="http://www.xbrl.org/2003/arcrole/concept-label" xlink:from="Loc_entity00164609_udf_IS_2022513101936833_OtherComprehensiveIncomeThatWillNotBeReclassifiedToProfitOrLossNetOfTax" xlink:to="Label_label_entity00164609_udf_IS_2022513101936833_OtherComprehensiveIncomeThatWillNotBeReclassifiedToProfitOrLossNetOfTax_en" xlink:type="arc" />
    <link:label xlink:type="resource" xlink:role="http://www.xbrl.org/2003/role/documentation" xlink:label="Label_entity00164609_udf_IS_2022513101936833_OtherComprehensiveIncomeThatWillNotBeReclassifiedToProfitOrLossNetOfTax_en_doc" xml:lang="en">
    </link:label>
    <link:labelArc xlink:arcrole="http://www.xbrl.org/2003/arcrole/concept-label" xlink:from="Loc_entity00164609_udf_IS_2022513101936833_OtherComprehensiveIncomeThatWillNotBeReclassifiedToProfitOrLossNetOfTax" xlink:to="Label_entity00164609_udf_IS_2022513101936833_OtherComprehensiveIncomeThatWillNotBeReclassifiedToProfitOrLossNetOfTax_en_doc" xlink:type="arc" />
    <link:loc xlink:href="../00164609_entry_point_2011-05-19.xsd#entity00164609_udf_IS_2022314175535413_OtherComprehensiveIncomeThatWillNotBeReclassifiedToProfitOrLossNetOfTax" xlink:label="Loc_entity00164609_udf_IS_2022314175535413_OtherComprehensiveIncomeThatWillNotBeReclassifiedToProfitOrLossNetOfTax" xlink:type="locator" />
    <link:label xlink:type="resource" xlink:role="http://www.xbrl.org/2003/role/label" xlink:label="Label_label_entity00164609_udf_IS_2022314175535413_OtherComprehensiveIncomeThatWillNotBeReclassifiedToProfitOrLossNetOfTax_en" xml:lang="en" id="Label_label_entity00164609_udf_IS_2022314175535413_OtherComprehensiveIncomeThatWillNotBeReclassifiedToProfitOrLossNetOfTax_en">remeasurements of the net defined benefit liability</link:label>
    <link:labelArc xlink:arcrole="http://www.xbrl.org/2003/arcrole/concept-label" xlink:from="Loc_entity00164609_udf_IS_2022314175535413_OtherComprehensiveIncomeThatWillNotBeReclassifiedToProfitOrLossNetOfTax" xlink:to="Label_label_entity00164609_udf_IS_2022314175535413_OtherComprehensiveIncomeThatWillNotBeReclassifiedToProfitOrLossNetOfTax_en" xlink:type="arc" />
    <link:label xlink:type="resource" xlink:role="http://www.xbrl.org/2003/role/documentation" xlink:label="Label_entity00164609_udf_IS_2022314175535413_OtherComprehensiveIncomeThatWillNotBeReclassifiedToProfitOrLossNetOfTax_en_doc" xml:lang="en">
    </link:label>
    <link:labelArc xlink:arcrole="http://www.xbrl.org/2003/arcrole/concept-label" xlink:from="Loc_entity00164609_udf_IS_2022314175535413_OtherComprehensiveIncomeThatWillNotBeReclassifiedToProfitOrLossNetOfTax" xlink:to="Label_entity00164609_udf_IS_2022314175535413_OtherComprehensiveIncomeThatWillNotBeReclassifiedToProfitOrLossNetOfTax_en_doc" xlink:type="arc" />
    <link:loc xlink:href="../00164609_entry_point_2011-05-19.xsd#entity00164609_udf_CE_202172614264447_StatementOfChangesInEquityLineItems" xlink:label="Loc_entity00164609_udf_CE_202172614264447_StatementOfChangesInEquityLineItems" xlink:type="locator" />
    <link:label xlink:type="resource" xlink:role="http://www.xbrl.org/2003/role/label" xlink:label="Label_label_entity00164609_udf_CE_202172614264447_StatementOfChangesInEquityLineItems_en" xml:lang="en" id="Label_label_entity00164609_udf_CE_202172614264447_StatementOfChangesInEquityLineItems_en">Gain on valuation of financial assets at fair value through other comprehensive income</link:label>
    <link:labelArc xlink:arcrole="http://www.xbrl.org/2003/arcrole/concept-label" xlink:from="Loc_entity00164609_udf_CE_202172614264447_StatementOfChangesInEquityLineItems" xlink:to="Label_label_entity00164609_udf_CE_202172614264447_StatementOfChangesInEquityLineItems_en" xlink:type="arc" />
    <link:label xlink:type="resource" xlink:role="http://www.xbrl.org/2003/role/documentation" xlink:label="Label_entity00164609_udf_CE_202172614264447_StatementOfChangesInEquityLineItems_en_doc" xml:lang="en">
    </link:label>
    <link:labelArc xlink:arcrole="http://www.xbrl.org/2003/arcrole/concept-label" xlink:from="Loc_entity00164609_udf_CE_202172614264447_StatementOfChangesInEquityLineItems" xlink:to="Label_entity00164609_udf_CE_202172614264447_StatementOfChangesInEquityLineItems_en_doc" xlink:type="arc" />
    <link:loc xlink:href="../00164609_entry_point_2011-05-19.xsd#entity00164609_udf_CE_2020812103045638_StatementOfChangesInEquityLineItems" xlink:label="Loc_entity00164609_udf_CE_2020812103045638_StatementOfChangesInEquityLineItems" xlink:type="locator" />
    <link:label xlink:type="resource" xlink:role="http://www.xbrl.org/2003/role/label" xlink:label="Label_label_entity00164609_udf_CE_2020812103045638_StatementOfChangesInEquityLineItems_en" xml:lang="en" id="Label_label_entity00164609_udf_CE_2020812103045638_StatementOfChangesInEquityLineItems_en">Land revaluation gains</link:label>
    <link:labelArc xlink:arcrole="http://www.xbrl.org/2003/arcrole/concept-label" xlink:from="Loc_entity00164609_udf_CE_2020812103045638_StatementOfChangesInEquityLineItems" xlink:to="Label_label_entity00164609_udf_CE_2020812103045638_StatementOfChangesInEquityLineItems_en" xlink:type="arc" />
    <link:label xlink:type="resource" xlink:role="http://www.xbrl.org/2003/role/documentation" xlink:label="Label_entity00164609_udf_CE_2020812103045638_StatementOfChangesInEquityLineItems_en_doc" xml:lang="en">
    </link:label>
    <link:labelArc xlink:arcrole="http://www.xbrl.org/2003/arcrole/concept-label" xlink:from="Loc_entity00164609_udf_CE_2020812103045638_StatementOfChangesInEquityLineItems" xlink:to="Label_entity00164609_udf_CE_2020812103045638_StatementOfChangesInEquityLineItems_en_doc" xlink:type="arc" />
    <link:loc xlink:href="../00164609_entry_point_2011-05-19.xsd#entity00164609_udf_CE_2022314182316420_StatementOfChangesInEquityLineItems" xlink:label="Loc_entity00164609_udf_CE_2022314182316420_StatementOfChangesInEquityLineItems" xlink:type="locator" />
    <link:label xlink:type="resource" xlink:role="http://www.xbrl.org/2003/role/label" xlink:label="Label_label_entity00164609_udf_CE_2022314182316420_StatementOfChangesInEquityLineItems_en" xml:lang="en" id="Label_label_entity00164609_udf_CE_2022314182316420_StatementOfChangesInEquityLineItems_en">remeasurements of the net defined benefit liability</link:label>
    <link:labelArc xlink:arcrole="http://www.xbrl.org/2003/arcrole/concept-label" xlink:from="Loc_entity00164609_udf_CE_2022314182316420_StatementOfChangesInEquityLineItems" xlink:to="Label_label_entity00164609_udf_CE_2022314182316420_StatementOfChangesInEquityLineItems_en" xlink:type="arc" />
    <link:label xlink:type="resource" xlink:role="http://www.xbrl.org/2003/role/documentation" xlink:label="Label_entity00164609_udf_CE_2022314182316420_StatementOfChangesInEquityLineItems_en_doc" xml:lang="en">
    </link:label>
    <link:labelArc xlink:arcrole="http://www.xbrl.org/2003/arcrole/concept-label" xlink:from="Loc_entity00164609_udf_CE_2022314182316420_StatementOfChangesInEquityLineItems" xlink:to="Label_entity00164609_udf_CE_2022314182316420_StatementOfChangesInEquityLineItems_en_doc" xlink:type="arc" />
    <link:loc xlink:href="../00164609_entry_point_2011-05-19.xsd#entity00164609_udf_CE_2021726165564_StatementOfChangesInEquityLineItems" xlink:label="Loc_entity00164609_udf_CE_2021726165564_StatementOfChangesInEquityLineItems" xlink:type="locator" />
    <link:label xlink:type="resource" xlink:role="http://www.xbrl.org/2003/role/label" xlink:label="Label_label_entity00164609_udf_CE_2021726165564_StatementOfChangesInEquityLineItems_en" xml:lang="en" id="Label_label_entity00164609_udf_CE_2021726165564_StatementOfChangesInEquityLineItems_en">Gain on valuation of financial assets at fair value through other comprehensive income</link:label>
    <link:labelArc xlink:arcrole="http://www.xbrl.org/2003/arcrole/concept-label" xlink:from="Loc_entity00164609_udf_CE_2021726165564_StatementOfChangesInEquityLineItems" xlink:to="Label_label_entity00164609_udf_CE_2021726165564_StatementOfChangesInEquityLineItems_en" xlink:type="arc" />
    <link:label xlink:type="resource" xlink:role="http://www.xbrl.org/2003/role/documentation" xlink:label="Label_entity00164609_udf_CE_2021726165564_StatementOfChangesInEquityLineItems_en_doc" xml:lang="en">
    </link:label>
    <link:labelArc xlink:arcrole="http://www.xbrl.org/2003/arcrole/concept-label" xlink:from="Loc_entity00164609_udf_CE_2021726165564_StatementOfChangesInEquityLineItems" xlink:to="Label_entity00164609_udf_CE_2021726165564_StatementOfChangesInEquityLineItems_en_doc" xlink:type="arc" />
    <link:loc xlink:href="../00164609_entry_point_2011-05-19.xsd#entity00164609_udf_CE_20193282212245_StatementOfChangesInEquityLineItems" xlink:label="Loc_entity00164609_udf_CE_20193282212245_StatementOfChangesInEquityLineItems" xlink:type="locator" />
    <link:label xlink:type="resource" xlink:role="http://www.xbrl.org/2003/role/label" xlink:label="Label_label_entity00164609_udf_CE_20193282212245_StatementOfChangesInEquityLineItems_en" xml:lang="en" id="Label_label_entity00164609_udf_CE_20193282212245_StatementOfChangesInEquityLineItems_en">Gains (losses) on exchange differences on translation, net of tax</link:label>
    <link:labelArc xlink:arcrole="http://www.xbrl.org/2003/arcrole/concept-label" xlink:from="Loc_entity00164609_udf_CE_20193282212245_StatementOfChangesInEquityLineItems" xlink:to="Label_label_entity00164609_udf_CE_20193282212245_StatementOfChangesInEquityLineItems_en" xlink:type="arc" />
    <link:label xlink:type="resource" xlink:role="http://www.xbrl.org/2003/role/documentation" xlink:label="Label_entity00164609_udf_CE_20193282212245_StatementOfChangesInEquityLineItems_en_doc" xml:lang="en">
    </link:label>
    <link:labelArc xlink:arcrole="http://www.xbrl.org/2003/arcrole/concept-label" xlink:from="Loc_entity00164609_udf_CE_20193282212245_StatementOfChangesInEquityLineItems" xlink:to="Label_entity00164609_udf_CE_20193282212245_StatementOfChangesInEquityLineItems_en_doc" xlink:type="arc" />
    <link:loc xlink:href="../00164609_entry_point_2011-05-19.xsd#entity00164609_udf_CE_2022314175839209_StatementOfChangesInEquityLineItems" xlink:label="Loc_entity00164609_udf_CE_2022314175839209_StatementOfChangesInEquityLineItems" xlink:type="locator" />
    <link:label xlink:type="resource" xlink:role="http://www.xbrl.org/2003/role/label" xlink:label="Label_label_entity00164609_udf_CE_2022314175839209_StatementOfChangesInEquityLineItems_en" xml:lang="en" id="Label_label_entity00164609_udf_CE_2022314175839209_StatementOfChangesInEquityLineItems_en">remeasurements of the net defined benefit liability</link:label>
    <link:labelArc xlink:arcrole="http://www.xbrl.org/2003/arcrole/concept-label" xlink:from="Loc_entity00164609_udf_CE_2022314175839209_StatementOfChangesInEquityLineItems" xlink:to="Label_label_entity00164609_udf_CE_2022314175839209_StatementOfChangesInEquityLineItems_en" xlink:type="arc" />
    <link:label xlink:type="resource" xlink:role="http://www.xbrl.org/2003/role/documentation" xlink:label="Label_entity00164609_udf_CE_2022314175839209_StatementOfChangesInEquityLineItems_en_doc" xml:lang="en">
    </link:label>
    <link:labelArc xlink:arcrole="http://www.xbrl.org/2003/arcrole/concept-label" xlink:from="Loc_entity00164609_udf_CE_2022314175839209_StatementOfChangesInEquityLineItems" xlink:to="Label_entity00164609_udf_CE_2022314175839209_StatementOfChangesInEquityLineItems_en_doc" xlink:type="arc" />
    <link:loc xlink:href="../00164609_entry_point_2011-05-19.xsd#entity00164609_udf_CE_202081210149114_StatementOfChangesInEquityLineItems" xlink:label="Loc_entity00164609_udf_CE_202081210149114_StatementOfChangesInEquityLineItems" xlink:type="locator" />
    <link:label xlink:type="resource" xlink:role="http://www.xbrl.org/2003/role/label" xlink:label="Label_label_entity00164609_udf_CE_202081210149114_StatementOfChangesInEquityLineItems_en" xml:lang="en" id="Label_label_entity00164609_udf_CE_202081210149114_StatementOfChangesInEquityLineItems_en">Land revaluation</link:label>
    <link:labelArc xlink:arcrole="http://www.xbrl.org/2003/arcrole/concept-label" xlink:from="Loc_entity00164609_udf_CE_202081210149114_StatementOfChangesInEquityLineItems" xlink:to="Label_label_entity00164609_udf_CE_202081210149114_StatementOfChangesInEquityLineItems_en" xlink:type="arc" />
    <link:label xlink:type="resource" xlink:role="http://www.xbrl.org/2003/role/documentation" xlink:label="Label_entity00164609_udf_CE_202081210149114_StatementOfChangesInEquityLineItems_en_doc" xml:lang="en">
    </link:label>
    <link:labelArc xlink:arcrole="http://www.xbrl.org/2003/arcrole/concept-label" xlink:from="Loc_entity00164609_udf_CE_202081210149114_StatementOfChangesInEquityLineItems" xlink:to="Label_entity00164609_udf_CE_202081210149114_StatementOfChangesInEquityLineItems_en_doc" xlink:type="arc" />
    <link:loc xlink:href="../00164609_entry_point_2011-05-19.xsd#entity00164609_udf_CF_2017111084757456_CashFlowsFromUsedInOperatingActivities" xlink:label="Loc_entity00164609_udf_CF_2017111084757456_CashFlowsFromUsedInOperatingActivities" xlink:type="locator" />
    <link:label xlink:type="resource" xlink:role="http://www.xbrl.org/2003/role/label" xlink:label="Label_label_entity00164609_udf_CF_2017111084757456_CashFlowsFromUsedInOperatingActivities_en" xml:lang="en" id="Label_label_entity00164609_udf_CF_2017111084757456_CashFlowsFromUsedInOperatingActivities_en">Cash flows from operating activities</link:label>
    <link:labelArc xlink:arcrole="http://www.xbrl.org/2003/arcrole/concept-label" xlink:from="Loc_entity00164609_udf_CF_2017111084757456_CashFlowsFromUsedInOperatingActivities" xlink:to="Label_label_entity00164609_udf_CF_2017111084757456_CashFlowsFromUsedInOperatingActivities_en" xlink:type="arc" />
    <link:label xlink:type="resource" xlink:role="http://www.xbrl.org/2003/role/documentation" xlink:label="Label_entity00164609_udf_CF_2017111084757456_CashFlowsFromUsedInOperatingActivities_en_doc" xml:lang="en">
    </link:label>
    <link:labelArc xlink:arcrole="http://www.xbrl.org/2003/arcrole/concept-label" xlink:from="Loc_entity00164609_udf_CF_2017111084757456_CashFlowsFromUsedInOperatingActivities" xlink:to="Label_entity00164609_udf_CF_2017111084757456_CashFlowsFromUsedInOperatingActivities_en_doc" xlink:type="arc" />
    <link:loc xlink:href="../00164609_entry_point_2011-05-19.xsd#entity00164609_udf_CF_2017111091551565_udf_CF_2017111084757456_CashFlowsFromUsedInOperatingActivities" xlink:label="Loc_entity00164609_udf_CF_2017111091551565_udf_CF_2017111084757456_CashFlowsFromUsedInOperatingActivities" xlink:type="locator" />
    <link:label xlink:type="resource" xlink:role="http://www.xbrl.org/2003/role/label" xlink:label="Label_label_entity00164609_udf_CF_2017111091551565_udf_CF_2017111084757456_CashFlowsFromUsedInOperatingActivities_en" xml:lang="en" id="Label_label_entity00164609_udf_CF_2017111091551565_udf_CF_2017111084757456_CashFlowsFromUsedInOperatingActivities_en">Profit(loss)</link:label>
    <link:labelArc xlink:arcrole="http://www.xbrl.org/2003/arcrole/concept-label" xlink:from="Loc_entity00164609_udf_CF_2017111091551565_udf_CF_2017111084757456_CashFlowsFromUsedInOperatingActivities" xlink:to="Label_label_entity00164609_udf_CF_2017111091551565_udf_CF_2017111084757456_CashFlowsFromUsedInOperatingActivities_en" xlink:type="arc" />
    <link:label xlink:type="resource" xlink:role="http://www.xbrl.org/2003/role/documentation" xlink:label="Label_entity00164609_udf_CF_2017111091551565_udf_CF_2017111084757456_CashFlowsFromUsedInOperatingActivities_en_doc" xml:lang="en">
    </link:label>
    <link:labelArc xlink:arcrole="http://www.xbrl.org/2003/arcrole/concept-label" xlink:from="Loc_entity00164609_udf_CF_2017111091551565_udf_CF_2017111084757456_CashFlowsFromUsedInOperatingActivities" xlink:to="Label_entity00164609_udf_CF_2017111091551565_udf_CF_2017111084757456_CashFlowsFromUsedInOperatingActivities_en_doc" xlink:type="arc" />
    <link:loc xlink:href="../00164609_entry_point_2011-05-19.xsd#entity00164609_udf_CF_201711109155421_udf_CF_2017111084757456_CashFlowsFromUsedInOperatingActivities" xlink:label="Loc_entity00164609_udf_CF_201711109155421_udf_CF_2017111084757456_CashFlowsFromUsedInOperatingActivities" xlink:type="locator" />
    <link:label xlink:type="resource" xlink:role="http://www.xbrl.org/2003/role/label" xlink:label="Label_label_entity00164609_udf_CF_201711109155421_udf_CF_2017111084757456_CashFlowsFromUsedInOperatingActivities_en" xml:lang="en" id="Label_label_entity00164609_udf_CF_201711109155421_udf_CF_2017111084757456_CashFlowsFromUsedInOperatingActivities_en">Adjustments</link:label>
    <link:labelArc xlink:arcrole="http://www.xbrl.org/2003/arcrole/concept-label" xlink:from="Loc_entity00164609_udf_CF_201711109155421_udf_CF_2017111084757456_CashFlowsFromUsedInOperatingActivities" xlink:to="Label_label_entity00164609_udf_CF_201711109155421_udf_CF_2017111084757456_CashFlowsFromUsedInOperatingActivities_en" xlink:type="arc" />
    <link:label xlink:type="resource" xlink:role="http://www.xbrl.org/2003/role/documentation" xlink:label="Label_entity00164609_udf_CF_201711109155421_udf_CF_2017111084757456_CashFlowsFromUsedInOperatingActivities_en_doc" xml:lang="en">
    </link:label>
    <link:labelArc xlink:arcrole="http://www.xbrl.org/2003/arcrole/concept-label" xlink:from="Loc_entity00164609_udf_CF_201711109155421_udf_CF_2017111084757456_CashFlowsFromUsedInOperatingActivities" xlink:to="Label_entity00164609_udf_CF_201711109155421_udf_CF_2017111084757456_CashFlowsFromUsedInOperatingActivities_en_doc" xlink:type="arc" />
    <link:loc xlink:href="../00164609_entry_point_2011-05-19.xsd#entity00164609_udf_CF_20227261672539_CashFlowsFromUsedInOperatingActivities" xlink:label="Loc_entity00164609_udf_CF_20227261672539_CashFlowsFromUsedInOperatingActivities" xlink:type="locator" />
    <link:label xlink:type="resource" xlink:role="http://www.xbrl.org/2003/role/label" xlink:label="Label_label_entity00164609_udf_CF_20227261672539_CashFlowsFromUsedInOperatingActivities_en" xml:lang="en" id="Label_label_entity00164609_udf_CF_20227261672539_CashFlowsFromUsedInOperatingActivities_en">Income taxes refund (paid)</link:label>
    <link:labelArc xlink:arcrole="http://www.xbrl.org/2003/arcrole/concept-label" xlink:from="Loc_entity00164609_udf_CF_20227261672539_CashFlowsFromUsedInOperatingActivities" xlink:to="Label_label_entity00164609_udf_CF_20227261672539_CashFlowsFromUsedInOperatingActivities_en" xlink:type="arc" />
    <link:label xlink:type="resource" xlink:role="http://www.xbrl.org/2003/role/documentation" xlink:label="Label_entity00164609_udf_CF_20227261672539_CashFlowsFromUsedInOperatingActivities_en_doc" xml:lang="en">
    </link:label>
    <link:labelArc xlink:arcrole="http://www.xbrl.org/2003/arcrole/concept-label" xlink:from="Loc_entity00164609_udf_CF_20227261672539_CashFlowsFromUsedInOperatingActivities" xlink:to="Label_entity00164609_udf_CF_20227261672539_CashFlowsFromUsedInOperatingActivities_en_doc" xlink:type="arc" />
    <link:loc xlink:href="../00164609_entry_point_2011-05-19.xsd#entity00164609_udf_CF_2022726105627926_CashFlowsFromUsedInInvestingActivities" xlink:label="Loc_entity00164609_udf_CF_2022726105627926_CashFlowsFromUsedInInvestingActivities" xlink:type="locator" />
    <link:label xlink:type="resource" xlink:role="http://www.xbrl.org/2003/role/label" xlink:label="Label_label_entity00164609_udf_CF_2022726105627926_CashFlowsFromUsedInInvestingActivities_en" xml:lang="en" id="Label_label_entity00164609_udf_CF_2022726105627926_CashFlowsFromUsedInInvestingActivities_en">Decrease in other long-term bonds</link:label>
    <link:labelArc xlink:arcrole="http://www.xbrl.org/2003/arcrole/concept-label" xlink:from="Loc_entity00164609_udf_CF_2022726105627926_CashFlowsFromUsedInInvestingActivities" xlink:to="Label_label_entity00164609_udf_CF_2022726105627926_CashFlowsFromUsedInInvestingActivities_en" xlink:type="arc" />
    <link:label xlink:type="resource" xlink:role="http://www.xbrl.org/2003/role/documentation" xlink:label="Label_entity00164609_udf_CF_2022726105627926_CashFlowsFromUsedInInvestingActivities_en_doc" xml:lang="en">
    </link:label>
    <link:labelArc xlink:arcrole="http://www.xbrl.org/2003/arcrole/concept-label" xlink:from="Loc_entity00164609_udf_CF_2022726105627926_CashFlowsFromUsedInInvestingActivities" xlink:to="Label_entity00164609_udf_CF_2022726105627926_CashFlowsFromUsedInInvestingActivities_en_doc" xlink:type="arc" />
    <link:loc xlink:href="../00164609_entry_point_2011-05-19.xsd#entity00164609_udf_CF_2022726105816464_CashFlowsFromUsedInInvestingActivities" xlink:label="Loc_entity00164609_udf_CF_2022726105816464_CashFlowsFromUsedInInvestingActivities" xlink:type="locator" />
    <link:label xlink:type="resource" xlink:role="http://www.xbrl.org/2003/role/label" xlink:label="Label_label_entity00164609_udf_CF_2022726105816464_CashFlowsFromUsedInInvestingActivities_en" xml:lang="en" id="Label_label_entity00164609_udf_CF_2022726105816464_CashFlowsFromUsedInInvestingActivities_en">Increase in other long-term bonds</link:label>
    <link:labelArc xlink:arcrole="http://www.xbrl.org/2003/arcrole/concept-label" xlink:from="Loc_entity00164609_udf_CF_2022726105816464_CashFlowsFromUsedInInvestingActivities" xlink:to="Label_label_entity00164609_udf_CF_2022726105816464_CashFlowsFromUsedInInvestingActivities_en" xlink:type="arc" />
    <link:label xlink:type="resource" xlink:role="http://www.xbrl.org/2003/role/documentation" xlink:label="Label_entity00164609_udf_CF_2022726105816464_CashFlowsFromUsedInInvestingActivities_en_doc" xml:lang="en">
    </link:label>
    <link:labelArc xlink:arcrole="http://www.xbrl.org/2003/arcrole/concept-label" xlink:from="Loc_entity00164609_udf_CF_2022726105816464_CashFlowsFromUsedInInvestingActivities" xlink:to="Label_entity00164609_udf_CF_2022726105816464_CashFlowsFromUsedInInvestingActivities_en_doc" xlink:type="arc" />
    <link:loc xlink:href="../00164609_entry_point_2011-05-19.xsd#entity00164609_udf_CF_2017111011130291_CashFlowsFromUsedInOperatingActivities" xlink:label="Loc_entity00164609_udf_CF_2017111011130291_CashFlowsFromUsedInOperatingActivities" xlink:type="locator" />
    <link:label xlink:type="resource" xlink:role="http://www.xbrl.org/2003/role/label" xlink:label="Label_label_entity00164609_udf_CF_2017111011130291_CashFlowsFromUsedInOperatingActivities_en" xml:lang="en" id="Label_label_entity00164609_udf_CF_2017111011130291_CashFlowsFromUsedInOperatingActivities_en">Cash flows from operating activities</link:label>
    <link:labelArc xlink:arcrole="http://www.xbrl.org/2003/arcrole/concept-label" xlink:from="Loc_entity00164609_udf_CF_2017111011130291_CashFlowsFromUsedInOperatingActivities" xlink:to="Label_label_entity00164609_udf_CF_2017111011130291_CashFlowsFromUsedInOperatingActivities_en" xlink:type="arc" />
    <link:label xlink:type="resource" xlink:role="http://www.xbrl.org/2003/role/documentation" xlink:label="Label_entity00164609_udf_CF_2017111011130291_CashFlowsFromUsedInOperatingActivities_en_doc" xml:lang="en">
    </link:label>
    <link:labelArc xlink:arcrole="http://www.xbrl.org/2003/arcrole/concept-label" xlink:from="Loc_entity00164609_udf_CF_2017111011130291_CashFlowsFromUsedInOperatingActivities" xlink:to="Label_entity00164609_udf_CF_2017111011130291_CashFlowsFromUsedInOperatingActivities_en_doc" xlink:type="arc" />
    <link:loc xlink:href="../00164609_entry_point_2011-05-19.xsd#entity00164609_udf_CF_2017111011145902_udf_CF_2017111011130291_CashFlowsFromUsedInOperatingActivities" xlink:label="Loc_entity00164609_udf_CF_2017111011145902_udf_CF_2017111011130291_CashFlowsFromUsedInOperatingActivities" xlink:type="locator" />
    <link:label xlink:type="resource" xlink:role="http://www.xbrl.org/2003/role/label" xlink:label="Label_label_entity00164609_udf_CF_2017111011145902_udf_CF_2017111011130291_CashFlowsFromUsedInOperatingActivities_en" xml:lang="en" id="Label_label_entity00164609_udf_CF_2017111011145902_udf_CF_2017111011130291_CashFlowsFromUsedInOperatingActivities_en">Profit (loss)</link:label>
    <link:labelArc xlink:arcrole="http://www.xbrl.org/2003/arcrole/concept-label" xlink:from="Loc_entity00164609_udf_CF_2017111011145902_udf_CF_2017111011130291_CashFlowsFromUsedInOperatingActivities" xlink:to="Label_label_entity00164609_udf_CF_2017111011145902_udf_CF_2017111011130291_CashFlowsFromUsedInOperatingActivities_en" xlink:type="arc" />
    <link:label xlink:type="resource" xlink:role="http://www.xbrl.org/2003/role/documentation" xlink:label="Label_entity00164609_udf_CF_2017111011145902_udf_CF_2017111011130291_CashFlowsFromUsedInOperatingActivities_en_doc" xml:lang="en">
    </link:label>
    <link:labelArc xlink:arcrole="http://www.xbrl.org/2003/arcrole/concept-label" xlink:from="Loc_entity00164609_udf_CF_2017111011145902_udf_CF_2017111011130291_CashFlowsFromUsedInOperatingActivities" xlink:to="Label_entity00164609_udf_CF_2017111011145902_udf_CF_2017111011130291_CashFlowsFromUsedInOperatingActivities_en_doc" xlink:type="arc" />
    <link:loc xlink:href="../00164609_entry_point_2011-05-19.xsd#entity00164609_udf_CF_20171110111418366_udf_CF_2017111011130291_CashFlowsFromUsedInOperatingActivities" xlink:label="Loc_entity00164609_udf_CF_20171110111418366_udf_CF_2017111011130291_CashFlowsFromUsedInOperatingActivities" xlink:type="locator" />
    <link:label xlink:type="resource" xlink:role="http://www.xbrl.org/2003/role/label" xlink:label="Label_label_entity00164609_udf_CF_20171110111418366_udf_CF_2017111011130291_CashFlowsFromUsedInOperatingActivities_en" xml:lang="en" id="Label_label_entity00164609_udf_CF_20171110111418366_udf_CF_2017111011130291_CashFlowsFromUsedInOperatingActivities_en">Adjustments</link:label>
    <link:labelArc xlink:arcrole="http://www.xbrl.org/2003/arcrole/concept-label" xlink:from="Loc_entity00164609_udf_CF_20171110111418366_udf_CF_2017111011130291_CashFlowsFromUsedInOperatingActivities" xlink:to="Label_label_entity00164609_udf_CF_20171110111418366_udf_CF_2017111011130291_CashFlowsFromUsedInOperatingActivities_en" xlink:type="arc" />
    <link:label xlink:type="resource" xlink:role="http://www.xbrl.org/2003/role/documentation" xlink:label="Label_entity00164609_udf_CF_20171110111418366_udf_CF_2017111011130291_CashFlowsFromUsedInOperatingActivities_en_doc" xml:lang="en">
    </link:label>
    <link:labelArc xlink:arcrole="http://www.xbrl.org/2003/arcrole/concept-label" xlink:from="Loc_entity00164609_udf_CF_20171110111418366_udf_CF_2017111011130291_CashFlowsFromUsedInOperatingActivities" xlink:to="Label_entity00164609_udf_CF_20171110111418366_udf_CF_2017111011130291_CashFlowsFromUsedInOperatingActivities_en_doc" xlink:type="arc" />
    <link:loc xlink:href="../00164609_entry_point_2011-05-19.xsd#entity00164609_udf_CF_2022726171537734_CashFlowsFromUsedInOperatingActivities" xlink:label="Loc_entity00164609_udf_CF_2022726171537734_CashFlowsFromUsedInOperatingActivities" xlink:type="locator" />
    <link:label xlink:type="resource" xlink:role="http://www.xbrl.org/2003/role/label" xlink:label="Label_label_entity00164609_udf_CF_2022726171537734_CashFlowsFromUsedInOperatingActivities_en" xml:lang="en" id="Label_label_entity00164609_udf_CF_2022726171537734_CashFlowsFromUsedInOperatingActivities_en">Income taxes refund (paid)</link:label>
    <link:labelArc xlink:arcrole="http://www.xbrl.org/2003/arcrole/concept-label" xlink:from="Loc_entity00164609_udf_CF_2022726171537734_CashFlowsFromUsedInOperatingActivities" xlink:to="Label_label_entity00164609_udf_CF_2022726171537734_CashFlowsFromUsedInOperatingActivities_en" xlink:type="arc" />
    <link:label xlink:type="resource" xlink:role="http://www.xbrl.org/2003/role/documentation" xlink:label="Label_entity00164609_udf_CF_2022726171537734_CashFlowsFromUsedInOperatingActivities_en_doc" xml:lang="en">
    </link:label>
    <link:labelArc xlink:arcrole="http://www.xbrl.org/2003/arcrole/concept-label" xlink:from="Loc_entity00164609_udf_CF_2022726171537734_CashFlowsFromUsedInOperatingActivities" xlink:to="Label_entity00164609_udf_CF_2022726171537734_CashFlowsFromUsedInOperatingActivities_en_doc" xlink:type="arc" />
    <link:loc xlink:href="../00164609_entry_point_2011-05-19.xsd#entity00164609_udf_CF_2022726102233116_CashFlowsFromUsedInInvestingActivities" xlink:label="Loc_entity00164609_udf_CF_2022726102233116_CashFlowsFromUsedInInvestingActivities" xlink:type="locator" />
    <link:label xlink:type="resource" xlink:role="http://www.xbrl.org/2003/role/label" xlink:label="Label_label_entity00164609_udf_CF_2022726102233116_CashFlowsFromUsedInInvestingActivities_en" xml:lang="en" id="Label_label_entity00164609_udf_CF_2022726102233116_CashFlowsFromUsedInInvestingActivities_en">Decrease in other long-term bonds</link:label>
    <link:labelArc xlink:arcrole="http://www.xbrl.org/2003/arcrole/concept-label" xlink:from="Loc_entity00164609_udf_CF_2022726102233116_CashFlowsFromUsedInInvestingActivities" xlink:to="Label_label_entity00164609_udf_CF_2022726102233116_CashFlowsFromUsedInInvestingActivities_en" xlink:type="arc" />
    <link:label xlink:type="resource" xlink:role="http://www.xbrl.org/2003/role/documentation" xlink:label="Label_entity00164609_udf_CF_2022726102233116_CashFlowsFromUsedInInvestingActivities_en_doc" xml:lang="en">
    </link:label>
    <link:labelArc xlink:arcrole="http://www.xbrl.org/2003/arcrole/concept-label" xlink:from="Loc_entity00164609_udf_CF_2022726102233116_CashFlowsFromUsedInInvestingActivities" xlink:to="Label_entity00164609_udf_CF_2022726102233116_CashFlowsFromUsedInInvestingActivities_en_doc" xlink:type="arc" />
    <link:loc xlink:href="../00164609_entry_point_2011-05-19.xsd#entity00164609_udf_CF_2022726102313601_CashFlowsFromUsedInInvestingActivities" xlink:label="Loc_entity00164609_udf_CF_2022726102313601_CashFlowsFromUsedInInvestingActivities" xlink:type="locator" />
    <link:label xlink:type="resource" xlink:role="http://www.xbrl.org/2003/role/label" xlink:label="Label_label_entity00164609_udf_CF_2022726102313601_CashFlowsFromUsedInInvestingActivities_en" xml:lang="en" id="Label_label_entity00164609_udf_CF_2022726102313601_CashFlowsFromUsedInInvestingActivities_en">Increase in other long-term bonds</link:label>
    <link:labelArc xlink:arcrole="http://www.xbrl.org/2003/arcrole/concept-label" xlink:from="Loc_entity00164609_udf_CF_2022726102313601_CashFlowsFromUsedInInvestingActivities" xlink:to="Label_label_entity00164609_udf_CF_2022726102313601_CashFlowsFromUsedInInvestingActivities_en" xlink:type="arc" />
    <link:label xlink:type="resource" xlink:role="http://www.xbrl.org/2003/role/documentation" xlink:label="Label_entity00164609_udf_CF_2022726102313601_CashFlowsFromUsedInInvestingActivities_en_doc" xml:lang="en">
    </link:label>
    <link:labelArc xlink:arcrole="http://www.xbrl.org/2003/arcrole/concept-label" xlink:from="Loc_entity00164609_udf_CF_2022726102313601_CashFlowsFromUsedInInvestingActivities" xlink:to="Label_entity00164609_udf_CF_2022726102313601_CashFlowsFromUsedInInvestingActivities_en_doc" xlink:type="arc" />
    <link:loc xlink:href="../00164609_entry_point_2011-05-19.xsd#entity00164609_udf_CF_2022726102814885_CashFlowsFromUsedInFinancingActivities" xlink:label="Loc_entity00164609_udf_CF_2022726102814885_CashFlowsFromUsedInFinancingActivities" xlink:type="locator" />
    <link:label xlink:type="resource" xlink:role="http://www.xbrl.org/2003/role/label" xlink:label="Label_label_entity00164609_udf_CF_2022726102814885_CashFlowsFromUsedInFinancingActivities_en" xml:lang="en" id="Label_label_entity00164609_udf_CF_2022726102814885_CashFlowsFromUsedInFinancingActivities_en">Decrease in non-controlling interests</link:label>
    <link:labelArc xlink:arcrole="http://www.xbrl.org/2003/arcrole/concept-label" xlink:from="Loc_entity00164609_udf_CF_2022726102814885_CashFlowsFromUsedInFinancingActivities" xlink:to="Label_label_entity00164609_udf_CF_2022726102814885_CashFlowsFromUsedInFinancingActivities_en" xlink:type="arc" />
    <link:label xlink:type="resource" xlink:role="http://www.xbrl.org/2003/role/documentation" xlink:label="Label_entity00164609_udf_CF_2022726102814885_CashFlowsFromUsedInFinancingActivities_en_doc" xml:lang="en">
    </link:label>
    <link:labelArc xlink:arcrole="http://www.xbrl.org/2003/arcrole/concept-label" xlink:from="Loc_entity00164609_udf_CF_2022726102814885_CashFlowsFromUsedInFinancingActivities" xlink:to="Label_entity00164609_udf_CF_2022726102814885_CashFlowsFromUsedInFinancingActivities_en_doc" xlink:type="arc" />
  </link:labelLink>
</link:linkbase>