<?xml version="1.0" encoding="UTF-8"?>
<!-- Generated by DART -->
<link:linkbase xmlns:link="http://www.xbrl.org/2003/linkbase" xmlns:xlink="http://www.w3.org/1999/xlink" xmlns:xsi="http://www.w3.org/2001/XMLSchema-instance" xmlns:xbrli="http://www.xbrl.org/2003/instance" xsi:schemaLocation="http://www.xbrl.org/2003/linkbase http://www.xbrl.org/2003/xbrl-linkbase-2003-12-31.xsd">
  <link:roleRef roleURI="http://www.xbrl.org/2009/role/negatedLabel" xlink:type="simple" xlink:href="http://www.xbrl.org/lrr/role/negated-2009-12-16.xsd#negatedLabel" />
  <link:roleRef roleURI="http://www.xbrl.org/2009/role/negatedTerseLabel" xlink:type="simple" xlink:href="http://www.xbrl.org/lrr/role/negated-2009-12-16.xsd#negatedTerseLabel" />
  <link:roleRef roleURI="http://www.xbrl.org/2009/role/negatedTotalLabel" xlink:type="simple" xlink:href="http://www.xbrl.org/lrr/role/negated-2009-12-16.xsd#negatedTotalLabel" />
  <link:roleRef roleURI="http://www.xbrl.org/2009/role/negatedPeriodStartLabel" xlink:type="simple" xlink:href="http://www.xbrl.org/lrr/role/negated-2009-12-16.xsd#negatedPeriodStartLabel" />
  <link:roleRef roleURI="http://www.xbrl.org/2009/role/negatedPeriodEndLabel" xlink:type="simple" xlink:href="http://www.xbrl.org/lrr/role/negated-2009-12-16.xsd#negatedPeriodEndLabel" />
  <link:roleRef roleURI="http://www.xbrl.org/2009/role/netLabel" xlink:type="simple" xlink:href="http://www.xbrl.org/lrr/role/net-2009-12-16.xsd#netLabel" />
  <link:roleRef roleURI="http://dart.fss.or.kr/role/2019-10-01/ifrs/dart_label" xlink:type="simple" xlink:href="http://dart.fss.or.kr/Resource/Taxonomy/ifrs/2019-10-01/ifrs_for_dart/rol_dart-label_2019-10-01.xsd#dartLabel" />
  <link:labelLink xlink:type="extended" xlink:role="http://www.xbrl.org/2003/role/link">
    <link:loc xlink:href="http://dart.fss.or.kr/Resource/Taxonomy/ifrs/2019-10-01/full_ifrs-cor_2019-03-27.xsd#ifrs-full_Revenue" xlink:label="Loc_ifrs-full_Revenue" xlink:type="locator" />
    <link:label xlink:type="resource" xlink:role="http://www.xbrl.org/2003/role/label" xlink:label="Label_label_ifrs-full_Revenue_ko" xml:lang="ko" id="Label_label_ifrs-full_Revenue_ko">매출액</link:label>
    <link:labelArc xlink:arcrole="http://www.xbrl.org/2003/arcrole/concept-label" xlink:from="Loc_ifrs-full_Revenue" xlink:to="Label_label_ifrs-full_Revenue_ko" xlink:type="arc" priority="1" />
    <link:loc xlink:href="http://dart.fss.or.kr/Resource/Taxonomy/ifrs/2019-10-01/full_ifrs-cor_2019-03-27.xsd#ifrs-full_GrossProfit" xlink:label="Loc_ifrs-full_GrossProfit" xlink:type="locator" />
    <link:label xlink:type="resource" xlink:role="http://www.xbrl.org/2003/role/label" xlink:label="Label_label_ifrs-full_GrossProfit_ko" xml:lang="ko" id="Label_label_ifrs-full_GrossProfit_ko">매출총이익(손실)</link:label>
    <link:labelArc xlink:arcrole="http://www.xbrl.org/2003/arcrole/concept-label" xlink:from="Loc_ifrs-full_GrossProfit" xlink:to="Label_label_ifrs-full_GrossProfit_ko" xlink:type="arc" priority="1" />
    <link:loc xlink:href="http://dart.fss.or.kr/Resource/Taxonomy/ifrs/2019-10-01/full_ifrs-cor_2019-03-27.xsd#ifrs-full_FinanceCosts" xlink:label="Loc_ifrs-full_FinanceCosts" xlink:type="locator" />
    <link:label xlink:type="resource" xlink:role="http://www.xbrl.org/2003/role/label" xlink:label="Label_label_ifrs-full_FinanceCosts_ko" xml:lang="ko" id="Label_label_ifrs-full_FinanceCosts_ko">금융비용</link:label>
    <link:labelArc xlink:arcrole="http://www.xbrl.org/2003/arcrole/concept-label" xlink:from="Loc_ifrs-full_FinanceCosts" xlink:to="Label_label_ifrs-full_FinanceCosts_ko" xlink:type="arc" priority="1" />
    <link:loc xlink:href="http://dart.fss.or.kr/Resource/Taxonomy/ifrs/2019-10-01/dart_2019-10-01.xsd#dart_OtherGains" xlink:label="Loc_dart_OtherGains" xlink:type="locator" />
    <link:label xlink:type="resource" xlink:role="http://www.xbrl.org/2003/role/label" xlink:label="Label_label_dart_OtherGains_ko" xml:lang="ko" id="Label_label_dart_OtherGains_ko">기타영업외수익</link:label>
    <link:labelArc xlink:arcrole="http://www.xbrl.org/2003/arcrole/concept-label" xlink:from="Loc_dart_OtherGains" xlink:to="Label_label_dart_OtherGains_ko" xlink:type="arc" priority="1" />
    <link:loc xlink:href="http://dart.fss.or.kr/Resource/Taxonomy/ifrs/2019-10-01/dart_2019-10-01.xsd#dart_OtherLosses" xlink:label="Loc_dart_OtherLosses" xlink:type="locator" />
    <link:label xlink:type="resource" xlink:role="http://www.xbrl.org/2003/role/label" xlink:label="Label_label_dart_OtherLosses_ko" xml:lang="ko" id="Label_label_dart_OtherLosses_ko">기타영업외비용</link:label>
    <link:labelArc xlink:arcrole="http://www.xbrl.org/2003/arcrole/concept-label" xlink:from="Loc_dart_OtherLosses" xlink:to="Label_label_dart_OtherLosses_ko" xlink:type="arc" priority="1" />
    <link:loc xlink:href="http://dart.fss.or.kr/Resource/Taxonomy/ifrs/2019-10-01/full_ifrs-cor_2019-03-27.xsd#ifrs-full_IncomeTaxExpenseContinuingOperations" xlink:label="Loc_ifrs-full_IncomeTaxExpenseContinuingOperations" xlink:type="locator" />
    <link:label xlink:type="resource" xlink:role="http://www.xbrl.org/2009/role/negatedTerseLabel" xlink:label="Label_negatedTerseLabel_ifrs-full_IncomeTaxExpenseContinuingOperations_ko" xml:lang="ko" id="Label_negatedTerseLabel_ifrs-full_IncomeTaxExpenseContinuingOperations_ko">법인세비용(수익)</link:label>
    <link:labelArc xlink:arcrole="http://www.xbrl.org/2003/arcrole/concept-label" xlink:from="Loc_ifrs-full_IncomeTaxExpenseContinuingOperations" xlink:to="Label_negatedTerseLabel_ifrs-full_IncomeTaxExpenseContinuingOperations_ko" xlink:type="arc" priority="1" />
    <link:loc xlink:href="http://dart.fss.or.kr/Resource/Taxonomy/ifrs/2019-10-01/dart_2019-10-01.xsd#dart_OtherComprehensiveIncomeThatWillNotBeReclassifiedToProfitOrLossNetOfTax" xlink:label="Loc_dart_OtherComprehensiveIncomeThatWillNotBeReclassifiedToProfitOrLossNetOfTax" xlink:type="locator" />
    <link:label xlink:type="resource" xlink:role="http://dart.fss.or.kr/role/2019-10-01/ifrs/dart_label" xlink:label="Label_dart_label_dart_OtherComprehensiveIncomeThatWillNotBeReclassifiedToProfitOrLossNetOfTax_ko" xml:lang="ko" id="Label_dart_label_dart_OtherComprehensiveIncomeThatWillNotBeReclassifiedToProfitOrLossNetOfTax_ko">후속적으로 당기손익으로 재분류되지 않는항목(세후기타포괄손익)</link:label>
    <link:labelArc xlink:arcrole="http://www.xbrl.org/2003/arcrole/concept-label" xlink:from="Loc_dart_OtherComprehensiveIncomeThatWillNotBeReclassifiedToProfitOrLossNetOfTax" xlink:to="Label_dart_label_dart_OtherComprehensiveIncomeThatWillNotBeReclassifiedToProfitOrLossNetOfTax_ko" xlink:type="arc" priority="1" />
    <link:loc xlink:href="../00164609_entry_point_2011-05-19.xsd#entity00164609_udf_IS_2022513101936833_OtherComprehensiveIncomeThatWillNotBeReclassifiedToProfitOrLossNetOfTax" xlink:label="Loc_entity00164609_udf_IS_2022513101936833_OtherComprehensiveIncomeThatWillNotBeReclassifiedToProfitOrLossNetOfTax" xlink:type="locator" />
    <link:label xlink:type="resource" xlink:role="http://www.xbrl.org/2003/role/label" xlink:label="Label_label_entity00164609_udf_IS_2022513101936833_OtherComprehensiveIncomeThatWillNotBeReclassifiedToProfitOrLossNetOfTax_ko" xml:lang="ko" id="Label_label_entity00164609_udf_IS_2022513101936833_OtherComprehensiveIncomeThatWillNotBeReclassifiedToProfitOrLossNetOfTax_ko">순확정급여부채의 재측정요소</link:label>
    <link:labelArc xlink:arcrole="http://www.xbrl.org/2003/arcrole/concept-label" xlink:from="Loc_entity00164609_udf_IS_2022513101936833_OtherComprehensiveIncomeThatWillNotBeReclassifiedToProfitOrLossNetOfTax" xlink:to="Label_label_entity00164609_udf_IS_2022513101936833_OtherComprehensiveIncomeThatWillNotBeReclassifiedToProfitOrLossNetOfTax_ko" xlink:type="arc" />
    <link:label xlink:type="resource" xlink:role="http://www.xbrl.org/2003/role/documentation" xlink:label="Label_entity00164609_udf_IS_2022513101936833_OtherComprehensiveIncomeThatWillNotBeReclassifiedToProfitOrLossNetOfTax_ko_doc" xml:lang="ko">
    </link:label>
    <link:labelArc xlink:arcrole="http://www.xbrl.org/2003/arcrole/concept-label" xlink:from="Loc_entity00164609_udf_IS_2022513101936833_OtherComprehensiveIncomeThatWillNotBeReclassifiedToProfitOrLossNetOfTax" xlink:to="Label_entity00164609_udf_IS_2022513101936833_OtherComprehensiveIncomeThatWillNotBeReclassifiedToProfitOrLossNetOfTax_ko_doc" xlink:type="arc" />
    <link:loc xlink:href="http://dart.fss.or.kr/Resource/Taxonomy/ifrs/2019-10-01/full_ifrs-cor_2019-03-27.xsd#ifrs-full_OtherComprehensiveIncomeNetOfTaxGainsLossesFromInvestmentsInEquityInstruments" xlink:label="Loc_ifrs-full_OtherComprehensiveIncomeNetOfTaxGainsLossesFromInvestmentsInEquityInstruments" xlink:type="locator" />
    <link:label xlink:type="resource" xlink:role="http://dart.fss.or.kr/role/2019-10-01/ifrs/dart_label" xlink:label="Label_dart_label_ifrs-full_OtherComprehensiveIncomeNetOfTaxGainsLossesFromInvestmentsInEquityInstruments_ko" xml:lang="ko" id="Label_dart_label_ifrs-full_OtherComprehensiveIncomeNetOfTaxGainsLossesFromInvestmentsInEquityInstruments_ko">기타포괄손익-공정가치금융자산평가손익</link:label>
    <link:labelArc xlink:arcrole="http://www.xbrl.org/2003/arcrole/concept-label" xlink:from="Loc_ifrs-full_OtherComprehensiveIncomeNetOfTaxGainsLossesFromInvestmentsInEquityInstruments" xlink:to="Label_dart_label_ifrs-full_OtherComprehensiveIncomeNetOfTaxGainsLossesFromInvestmentsInEquityInstruments_ko" xlink:type="arc" priority="1" />
    <link:loc xlink:href="http://dart.fss.or.kr/Resource/Taxonomy/ifrs/2019-10-01/full_ifrs-cor_2019-03-27.xsd#ifrs-full_OtherComprehensiveIncomeNetOfTaxGainsLossesOnRevaluation" xlink:label="Loc_ifrs-full_OtherComprehensiveIncomeNetOfTaxGainsLossesOnRevaluation" xlink:type="locator" />
    <link:label xlink:type="resource" xlink:role="http://dart.fss.or.kr/role/2019-10-01/ifrs/dart_label" xlink:label="Label_dart_label_ifrs-full_OtherComprehensiveIncomeNetOfTaxGainsLossesOnRevaluation_ko" xml:lang="ko" id="Label_dart_label_ifrs-full_OtherComprehensiveIncomeNetOfTaxGainsLossesOnRevaluation_ko">토지재평가이익</link:label>
    <link:labelArc xlink:arcrole="http://www.xbrl.org/2003/arcrole/concept-label" xlink:from="Loc_ifrs-full_OtherComprehensiveIncomeNetOfTaxGainsLossesOnRevaluation" xlink:to="Label_dart_label_ifrs-full_OtherComprehensiveIncomeNetOfTaxGainsLossesOnRevaluation_ko" xlink:type="arc" priority="1" />
    <link:loc xlink:href="http://dart.fss.or.kr/Resource/Taxonomy/ifrs/2019-10-01/dart_2019-10-01.xsd#dart_OtherComprehensiveIncomeThatWillBeReclassifiedToProfitOrLossNetOfTax" xlink:label="Loc_dart_OtherComprehensiveIncomeThatWillBeReclassifiedToProfitOrLossNetOfTax" xlink:type="locator" />
    <link:label xlink:type="resource" xlink:role="http://dart.fss.or.kr/role/2019-10-01/ifrs/dart_label" xlink:label="Label_dart_label_dart_OtherComprehensiveIncomeThatWillBeReclassifiedToProfitOrLossNetOfTax_ko" xml:lang="ko" id="Label_dart_label_dart_OtherComprehensiveIncomeThatWillBeReclassifiedToProfitOrLossNetOfTax_ko">후속적으로 당기손익으로 재분류될 수 있는 항목</link:label>
    <link:labelArc xlink:arcrole="http://www.xbrl.org/2003/arcrole/concept-label" xlink:from="Loc_dart_OtherComprehensiveIncomeThatWillBeReclassifiedToProfitOrLossNetOfTax" xlink:to="Label_dart_label_dart_OtherComprehensiveIncomeThatWillBeReclassifiedToProfitOrLossNetOfTax_ko" xlink:type="arc" priority="1" />
    <link:loc xlink:href="http://dart.fss.or.kr/Resource/Taxonomy/ifrs/2019-10-01/full_ifrs-cor_2019-03-27.xsd#ifrs-full_GainsLossesOnHedgesOfNetInvestmentsInForeignOperationsNetOfTax" xlink:label="Loc_ifrs-full_GainsLossesOnHedgesOfNetInvestmentsInForeignOperationsNetOfTax" xlink:type="locator" />
    <link:label xlink:type="resource" xlink:role="http://dart.fss.or.kr/role/2019-10-01/ifrs/dart_label" xlink:label="Label_dart_label_ifrs-full_GainsLossesOnHedgesOfNetInvestmentsInForeignOperationsNetOfTax_ko" xml:lang="ko" id="Label_dart_label_ifrs-full_GainsLossesOnHedgesOfNetInvestmentsInForeignOperationsNetOfTax_ko">해외사업환산손익</link:label>
    <link:labelArc xlink:arcrole="http://www.xbrl.org/2003/arcrole/concept-label" xlink:from="Loc_ifrs-full_GainsLossesOnHedgesOfNetInvestmentsInForeignOperationsNetOfTax" xlink:to="Label_dart_label_ifrs-full_GainsLossesOnHedgesOfNetInvestmentsInForeignOperationsNetOfTax_ko" xlink:type="arc" priority="1" />
    <link:loc xlink:href="http://dart.fss.or.kr/Resource/Taxonomy/ifrs/2019-10-01/full_ifrs-cor_2019-03-27.xsd#ifrs-full_EarningsPerShareAbstract" xlink:label="Loc_ifrs-full_EarningsPerShareAbstract" xlink:type="locator" />
    <link:label xlink:type="resource" xlink:role="http://www.xbrl.org/2003/role/label" xlink:label="Label_label_ifrs-full_EarningsPerShareAbstract_ko" xml:lang="ko" id="Label_label_ifrs-full_EarningsPerShareAbstract_ko">주당이익(손실)</link:label>
    <link:labelArc xlink:arcrole="http://www.xbrl.org/2003/arcrole/concept-label" xlink:from="Loc_ifrs-full_EarningsPerShareAbstract" xlink:to="Label_label_ifrs-full_EarningsPerShareAbstract_ko" xlink:type="arc" priority="1" />
    <link:loc xlink:href="../00164609_entry_point_2011-05-19.xsd#entity00164609_udf_IS_2022314175535413_OtherComprehensiveIncomeThatWillNotBeReclassifiedToProfitOrLossNetOfTax" xlink:label="Loc_entity00164609_udf_IS_2022314175535413_OtherComprehensiveIncomeThatWillNotBeReclassifiedToProfitOrLossNetOfTax" xlink:type="locator" />
    <link:label xlink:type="resource" xlink:role="http://www.xbrl.org/2003/role/label" xlink:label="Label_label_entity00164609_udf_IS_2022314175535413_OtherComprehensiveIncomeThatWillNotBeReclassifiedToProfitOrLossNetOfTax_ko" xml:lang="ko" id="Label_label_entity00164609_udf_IS_2022314175535413_OtherComprehensiveIncomeThatWillNotBeReclassifiedToProfitOrLossNetOfTax_ko">순확정급여부채의 재측정요소</link:label>
    <link:labelArc xlink:arcrole="http://www.xbrl.org/2003/arcrole/concept-label" xlink:from="Loc_entity00164609_udf_IS_2022314175535413_OtherComprehensiveIncomeThatWillNotBeReclassifiedToProfitOrLossNetOfTax" xlink:to="Label_label_entity00164609_udf_IS_2022314175535413_OtherComprehensiveIncomeThatWillNotBeReclassifiedToProfitOrLossNetOfTax_ko" xlink:type="arc" />
    <link:label xlink:type="resource" xlink:role="http://www.xbrl.org/2003/role/documentation" xlink:label="Label_entity00164609_udf_IS_2022314175535413_OtherComprehensiveIncomeThatWillNotBeReclassifiedToProfitOrLossNetOfTax_ko_doc" xml:lang="ko">
    </link:label>
    <link:labelArc xlink:arcrole="http://www.xbrl.org/2003/arcrole/concept-label" xlink:from="Loc_entity00164609_udf_IS_2022314175535413_OtherComprehensiveIncomeThatWillNotBeReclassifiedToProfitOrLossNetOfTax" xlink:to="Label_entity00164609_udf_IS_2022314175535413_OtherComprehensiveIncomeThatWillNotBeReclassifiedToProfitOrLossNetOfTax_ko_doc" xlink:type="arc" />
    <link:loc xlink:href="http://dart.fss.or.kr/Resource/Taxonomy/ifrs/2019-10-01/full_ifrs-cor_2019-03-27.xsd#ifrs-full_ProfitLossAttributableToOwnersOfParent" xlink:label="Loc_ifrs-full_ProfitLossAttributableToOwnersOfParent" xlink:type="locator" />
    <link:label xlink:type="resource" xlink:role="http://www.xbrl.org/2003/role/label" xlink:label="Label_label_ifrs-full_ProfitLossAttributableToOwnersOfParent_ko" xml:lang="ko" id="Label_label_ifrs-full_ProfitLossAttributableToOwnersOfParent_ko">지배기업의 소유주지분</link:label>
    <link:labelArc xlink:arcrole="http://www.xbrl.org/2003/arcrole/concept-label" xlink:from="Loc_ifrs-full_ProfitLossAttributableToOwnersOfParent" xlink:to="Label_label_ifrs-full_ProfitLossAttributableToOwnersOfParent_ko" xlink:type="arc" priority="1" />
    <link:loc xlink:href="http://dart.fss.or.kr/Resource/Taxonomy/ifrs/2019-10-01/full_ifrs-cor_2019-03-27.xsd#ifrs-full_ProfitLossAttributableToNoncontrollingInterests" xlink:label="Loc_ifrs-full_ProfitLossAttributableToNoncontrollingInterests" xlink:type="locator" />
    <link:label xlink:type="resource" xlink:role="http://www.xbrl.org/2003/role/label" xlink:label="Label_label_ifrs-full_ProfitLossAttributableToNoncontrollingInterests_ko" xml:lang="ko" id="Label_label_ifrs-full_ProfitLossAttributableToNoncontrollingInterests_ko">비지배지분</link:label>
    <link:labelArc xlink:arcrole="http://www.xbrl.org/2003/arcrole/concept-label" xlink:from="Loc_ifrs-full_ProfitLossAttributableToNoncontrollingInterests" xlink:to="Label_label_ifrs-full_ProfitLossAttributableToNoncontrollingInterests_ko" xlink:type="arc" priority="1" />
    <link:loc xlink:href="http://dart.fss.or.kr/Resource/Taxonomy/ifrs/2019-10-01/full_ifrs-cor_2019-03-27.xsd#ifrs-full_ComprehensiveIncomeAttributableToOwnersOfParent" xlink:label="Loc_ifrs-full_ComprehensiveIncomeAttributableToOwnersOfParent" xlink:type="locator" />
    <link:label xlink:type="resource" xlink:role="http://www.xbrl.org/2003/role/label" xlink:label="Label_label_ifrs-full_ComprehensiveIncomeAttributableToOwnersOfParent_ko" xml:lang="ko" id="Label_label_ifrs-full_ComprehensiveIncomeAttributableToOwnersOfParent_ko">지배기업의 소유주지분</link:label>
    <link:labelArc xlink:arcrole="http://www.xbrl.org/2003/arcrole/concept-label" xlink:from="Loc_ifrs-full_ComprehensiveIncomeAttributableToOwnersOfParent" xlink:to="Label_label_ifrs-full_ComprehensiveIncomeAttributableToOwnersOfParent_ko" xlink:type="arc" priority="1" />
    <link:loc xlink:href="http://dart.fss.or.kr/Resource/Taxonomy/ifrs/2019-10-01/full_ifrs-cor_2019-03-27.xsd#ifrs-full_ComprehensiveIncomeAttributableToNoncontrollingInterests" xlink:label="Loc_ifrs-full_ComprehensiveIncomeAttributableToNoncontrollingInterests" xlink:type="locator" />
    <link:label xlink:type="resource" xlink:role="http://www.xbrl.org/2003/role/label" xlink:label="Label_label_ifrs-full_ComprehensiveIncomeAttributableToNoncontrollingInterests_ko" xml:lang="ko" id="Label_label_ifrs-full_ComprehensiveIncomeAttributableToNoncontrollingInterests_ko">비지배지분</link:label>
    <link:labelArc xlink:arcrole="http://www.xbrl.org/2003/arcrole/concept-label" xlink:from="Loc_ifrs-full_ComprehensiveIncomeAttributableToNoncontrollingInterests" xlink:to="Label_label_ifrs-full_ComprehensiveIncomeAttributableToNoncontrollingInterests_ko" xlink:type="arc" priority="1" />
    <link:loc xlink:href="http://dart.fss.or.kr/Resource/Taxonomy/ifrs/2019-10-01/dart_2019-10-01.xsd#dart_ElementsOfOtherStockholdersEquityMember" xlink:label="Loc_dart_ElementsOfOtherStockholdersEquityMember" xlink:type="locator" />
    <link:label xlink:type="resource" xlink:role="http://www.xbrl.org/2003/role/label" xlink:label="Label_label_dart_ElementsOfOtherStockholdersEquityMember_ko" xml:lang="ko" id="Label_label_dart_ElementsOfOtherStockholdersEquityMember_ko">자본조정</link:label>
    <link:labelArc xlink:arcrole="http://www.xbrl.org/2003/arcrole/concept-label" xlink:from="Loc_dart_ElementsOfOtherStockholdersEquityMember" xlink:to="Label_label_dart_ElementsOfOtherStockholdersEquityMember_ko" xlink:type="arc" priority="1" />
    <link:loc xlink:href="../00164609_entry_point_2011-05-19.xsd#entity00164609_udf_CE_202172614264447_StatementOfChangesInEquityLineItems" xlink:label="Loc_entity00164609_udf_CE_202172614264447_StatementOfChangesInEquityLineItems" xlink:type="locator" />
    <link:label xlink:type="resource" xlink:role="http://www.xbrl.org/2003/role/label" xlink:label="Label_label_entity00164609_udf_CE_202172614264447_StatementOfChangesInEquityLineItems_ko" xml:lang="ko" id="Label_label_entity00164609_udf_CE_202172614264447_StatementOfChangesInEquityLineItems_ko">기타포괄손익-공정가치 금융자산평가손익</link:label>
    <link:labelArc xlink:arcrole="http://www.xbrl.org/2003/arcrole/concept-label" xlink:from="Loc_entity00164609_udf_CE_202172614264447_StatementOfChangesInEquityLineItems" xlink:to="Label_label_entity00164609_udf_CE_202172614264447_StatementOfChangesInEquityLineItems_ko" xlink:type="arc" />
    <link:label xlink:type="resource" xlink:role="http://www.xbrl.org/2003/role/documentation" xlink:label="Label_entity00164609_udf_CE_202172614264447_StatementOfChangesInEquityLineItems_ko_doc" xml:lang="ko">
    </link:label>
    <link:labelArc xlink:arcrole="http://www.xbrl.org/2003/arcrole/concept-label" xlink:from="Loc_entity00164609_udf_CE_202172614264447_StatementOfChangesInEquityLineItems" xlink:to="Label_entity00164609_udf_CE_202172614264447_StatementOfChangesInEquityLineItems_ko_doc" xlink:type="arc" />
    <link:loc xlink:href="../00164609_entry_point_2011-05-19.xsd#entity00164609_udf_CE_2020812103045638_StatementOfChangesInEquityLineItems" xlink:label="Loc_entity00164609_udf_CE_2020812103045638_StatementOfChangesInEquityLineItems" xlink:type="locator" />
    <link:label xlink:type="resource" xlink:role="http://www.xbrl.org/2003/role/label" xlink:label="Label_label_entity00164609_udf_CE_2020812103045638_StatementOfChangesInEquityLineItems_ko" xml:lang="ko" id="Label_label_entity00164609_udf_CE_2020812103045638_StatementOfChangesInEquityLineItems_ko">토지재평가손익</link:label>
    <link:labelArc xlink:arcrole="http://www.xbrl.org/2003/arcrole/concept-label" xlink:from="Loc_entity00164609_udf_CE_2020812103045638_StatementOfChangesInEquityLineItems" xlink:to="Label_label_entity00164609_udf_CE_2020812103045638_StatementOfChangesInEquityLineItems_ko" xlink:type="arc" />
    <link:label xlink:type="resource" xlink:role="http://www.xbrl.org/2003/role/documentation" xlink:label="Label_entity00164609_udf_CE_2020812103045638_StatementOfChangesInEquityLineItems_ko_doc" xml:lang="ko">
    </link:label>
    <link:labelArc xlink:arcrole="http://www.xbrl.org/2003/arcrole/concept-label" xlink:from="Loc_entity00164609_udf_CE_2020812103045638_StatementOfChangesInEquityLineItems" xlink:to="Label_entity00164609_udf_CE_2020812103045638_StatementOfChangesInEquityLineItems_ko_doc" xlink:type="arc" />
    <link:loc xlink:href="../00164609_entry_point_2011-05-19.xsd#entity00164609_udf_CE_2022314182316420_StatementOfChangesInEquityLineItems" xlink:label="Loc_entity00164609_udf_CE_2022314182316420_StatementOfChangesInEquityLineItems" xlink:type="locator" />
    <link:label xlink:type="resource" xlink:role="http://www.xbrl.org/2003/role/label" xlink:label="Label_label_entity00164609_udf_CE_2022314182316420_StatementOfChangesInEquityLineItems_ko" xml:lang="ko" id="Label_label_entity00164609_udf_CE_2022314182316420_StatementOfChangesInEquityLineItems_ko">순확정급여부채의 재측정요소</link:label>
    <link:labelArc xlink:arcrole="http://www.xbrl.org/2003/arcrole/concept-label" xlink:from="Loc_entity00164609_udf_CE_2022314182316420_StatementOfChangesInEquityLineItems" xlink:to="Label_label_entity00164609_udf_CE_2022314182316420_StatementOfChangesInEquityLineItems_ko" xlink:type="arc" />
    <link:label xlink:type="resource" xlink:role="http://www.xbrl.org/2003/role/documentation" xlink:label="Label_entity00164609_udf_CE_2022314182316420_StatementOfChangesInEquityLineItems_ko_doc" xml:lang="ko">
    </link:label>
    <link:labelArc xlink:arcrole="http://www.xbrl.org/2003/arcrole/concept-label" xlink:from="Loc_entity00164609_udf_CE_2022314182316420_StatementOfChangesInEquityLineItems" xlink:to="Label_entity00164609_udf_CE_2022314182316420_StatementOfChangesInEquityLineItems_ko_doc" xlink:type="arc" />
    <link:loc xlink:href="../00164609_entry_point_2011-05-19.xsd#entity00164609_udf_CE_2021726165564_StatementOfChangesInEquityLineItems" xlink:label="Loc_entity00164609_udf_CE_2021726165564_StatementOfChangesInEquityLineItems" xlink:type="locator" />
    <link:label xlink:type="resource" xlink:role="http://www.xbrl.org/2003/role/label" xlink:label="Label_label_entity00164609_udf_CE_2021726165564_StatementOfChangesInEquityLineItems_ko" xml:lang="ko" id="Label_label_entity00164609_udf_CE_2021726165564_StatementOfChangesInEquityLineItems_ko">기타포괄손익-공정가치 금융자산평가손익</link:label>
    <link:labelArc xlink:arcrole="http://www.xbrl.org/2003/arcrole/concept-label" xlink:from="Loc_entity00164609_udf_CE_2021726165564_StatementOfChangesInEquityLineItems" xlink:to="Label_label_entity00164609_udf_CE_2021726165564_StatementOfChangesInEquityLineItems_ko" xlink:type="arc" />
    <link:label xlink:type="resource" xlink:role="http://www.xbrl.org/2003/role/documentation" xlink:label="Label_entity00164609_udf_CE_2021726165564_StatementOfChangesInEquityLineItems_ko_doc" xml:lang="ko">
    </link:label>
    <link:labelArc xlink:arcrole="http://www.xbrl.org/2003/arcrole/concept-label" xlink:from="Loc_entity00164609_udf_CE_2021726165564_StatementOfChangesInEquityLineItems" xlink:to="Label_entity00164609_udf_CE_2021726165564_StatementOfChangesInEquityLineItems_ko_doc" xlink:type="arc" />
    <link:loc xlink:href="../00164609_entry_point_2011-05-19.xsd#entity00164609_udf_CE_20193282212245_StatementOfChangesInEquityLineItems" xlink:label="Loc_entity00164609_udf_CE_20193282212245_StatementOfChangesInEquityLineItems" xlink:type="locator" />
    <link:label xlink:type="resource" xlink:role="http://www.xbrl.org/2003/role/label" xlink:label="Label_label_entity00164609_udf_CE_20193282212245_StatementOfChangesInEquityLineItems_ko" xml:lang="ko" id="Label_label_entity00164609_udf_CE_20193282212245_StatementOfChangesInEquityLineItems_ko">해외사업환산손익</link:label>
    <link:labelArc xlink:arcrole="http://www.xbrl.org/2003/arcrole/concept-label" xlink:from="Loc_entity00164609_udf_CE_20193282212245_StatementOfChangesInEquityLineItems" xlink:to="Label_label_entity00164609_udf_CE_20193282212245_StatementOfChangesInEquityLineItems_ko" xlink:type="arc" />
    <link:label xlink:type="resource" xlink:role="http://www.xbrl.org/2003/role/documentation" xlink:label="Label_entity00164609_udf_CE_20193282212245_StatementOfChangesInEquityLineItems_ko_doc" xml:lang="ko">
    </link:label>
    <link:labelArc xlink:arcrole="http://www.xbrl.org/2003/arcrole/concept-label" xlink:from="Loc_entity00164609_udf_CE_20193282212245_StatementOfChangesInEquityLineItems" xlink:to="Label_entity00164609_udf_CE_20193282212245_StatementOfChangesInEquityLineItems_ko_doc" xlink:type="arc" />
    <link:loc xlink:href="../00164609_entry_point_2011-05-19.xsd#entity00164609_udf_CE_2022314175839209_StatementOfChangesInEquityLineItems" xlink:label="Loc_entity00164609_udf_CE_2022314175839209_StatementOfChangesInEquityLineItems" xlink:type="locator" />
    <link:label xlink:type="resource" xlink:role="http://www.xbrl.org/2003/role/label" xlink:label="Label_label_entity00164609_udf_CE_2022314175839209_StatementOfChangesInEquityLineItems_ko" xml:lang="ko" id="Label_label_entity00164609_udf_CE_2022314175839209_StatementOfChangesInEquityLineItems_ko">순확정급여부채 재측정요소</link:label>
    <link:labelArc xlink:arcrole="http://www.xbrl.org/2003/arcrole/concept-label" xlink:from="Loc_entity00164609_udf_CE_2022314175839209_StatementOfChangesInEquityLineItems" xlink:to="Label_label_entity00164609_udf_CE_2022314175839209_StatementOfChangesInEquityLineItems_ko" xlink:type="arc" />
    <link:label xlink:type="resource" xlink:role="http://www.xbrl.org/2003/role/documentation" xlink:label="Label_entity00164609_udf_CE_2022314175839209_StatementOfChangesInEquityLineItems_ko_doc" xml:lang="ko">
    </link:label>
    <link:labelArc xlink:arcrole="http://www.xbrl.org/2003/arcrole/concept-label" xlink:from="Loc_entity00164609_udf_CE_2022314175839209_StatementOfChangesInEquityLineItems" xlink:to="Label_entity00164609_udf_CE_2022314175839209_StatementOfChangesInEquityLineItems_ko_doc" xlink:type="arc" />
    <link:loc xlink:href="../00164609_entry_point_2011-05-19.xsd#entity00164609_udf_CE_202081210149114_StatementOfChangesInEquityLineItems" xlink:label="Loc_entity00164609_udf_CE_202081210149114_StatementOfChangesInEquityLineItems" xlink:type="locator" />
    <link:label xlink:type="resource" xlink:role="http://www.xbrl.org/2003/role/label" xlink:label="Label_label_entity00164609_udf_CE_202081210149114_StatementOfChangesInEquityLineItems_ko" xml:lang="ko" id="Label_label_entity00164609_udf_CE_202081210149114_StatementOfChangesInEquityLineItems_ko">토지재평가이익</link:label>
    <link:labelArc xlink:arcrole="http://www.xbrl.org/2003/arcrole/concept-label" xlink:from="Loc_entity00164609_udf_CE_202081210149114_StatementOfChangesInEquityLineItems" xlink:to="Label_label_entity00164609_udf_CE_202081210149114_StatementOfChangesInEquityLineItems_ko" xlink:type="arc" />
    <link:label xlink:type="resource" xlink:role="http://www.xbrl.org/2003/role/documentation" xlink:label="Label_entity00164609_udf_CE_202081210149114_StatementOfChangesInEquityLineItems_ko_doc" xml:lang="ko">
    </link:label>
    <link:labelArc xlink:arcrole="http://www.xbrl.org/2003/arcrole/concept-label" xlink:from="Loc_entity00164609_udf_CE_202081210149114_StatementOfChangesInEquityLineItems" xlink:to="Label_entity00164609_udf_CE_202081210149114_StatementOfChangesInEquityLineItems_ko_doc" xlink:type="arc" />
    <link:loc xlink:href="http://dart.fss.or.kr/Resource/Taxonomy/ifrs/2019-10-01/full_ifrs-cor_2019-03-27.xsd#ifrs-full_CashFlowsFromUsedInOperatingActivities" xlink:label="Loc_ifrs-full_CashFlowsFromUsedInOperatingActivities" xlink:type="locator" />
    <link:label xlink:type="resource" xlink:role="http://www.xbrl.org/2003/role/label" xlink:label="Label_label_ifrs-full_CashFlowsFromUsedInOperatingActivities_ko" xml:lang="ko" id="Label_label_ifrs-full_CashFlowsFromUsedInOperatingActivities_ko">영업활동 현금흐름</link:label>
    <link:labelArc xlink:arcrole="http://www.xbrl.org/2003/arcrole/concept-label" xlink:from="Loc_ifrs-full_CashFlowsFromUsedInOperatingActivities" xlink:to="Label_label_ifrs-full_CashFlowsFromUsedInOperatingActivities_ko" xlink:type="arc" priority="1" />
    <link:loc xlink:href="../00164609_entry_point_2011-05-19.xsd#entity00164609_udf_CF_2017111084757456_CashFlowsFromUsedInOperatingActivities" xlink:label="Loc_entity00164609_udf_CF_2017111084757456_CashFlowsFromUsedInOperatingActivities" xlink:type="locator" />
    <link:label xlink:type="resource" xlink:role="http://www.xbrl.org/2003/role/label" xlink:label="Label_label_entity00164609_udf_CF_2017111084757456_CashFlowsFromUsedInOperatingActivities_ko" xml:lang="ko" id="Label_label_entity00164609_udf_CF_2017111084757456_CashFlowsFromUsedInOperatingActivities_ko">영업활동에서 창출된 현금흐름</link:label>
    <link:labelArc xlink:arcrole="http://www.xbrl.org/2003/arcrole/concept-label" xlink:from="Loc_entity00164609_udf_CF_2017111084757456_CashFlowsFromUsedInOperatingActivities" xlink:to="Label_label_entity00164609_udf_CF_2017111084757456_CashFlowsFromUsedInOperatingActivities_ko" xlink:type="arc" />
    <link:label xlink:type="resource" xlink:role="http://www.xbrl.org/2003/role/documentation" xlink:label="Label_entity00164609_udf_CF_2017111084757456_CashFlowsFromUsedInOperatingActivities_ko_doc" xml:lang="ko">
    </link:label>
    <link:labelArc xlink:arcrole="http://www.xbrl.org/2003/arcrole/concept-label" xlink:from="Loc_entity00164609_udf_CF_2017111084757456_CashFlowsFromUsedInOperatingActivities" xlink:to="Label_entity00164609_udf_CF_2017111084757456_CashFlowsFromUsedInOperatingActivities_ko_doc" xlink:type="arc" />
    <link:loc xlink:href="../00164609_entry_point_2011-05-19.xsd#entity00164609_udf_CF_2017111091551565_udf_CF_2017111084757456_CashFlowsFromUsedInOperatingActivities" xlink:label="Loc_entity00164609_udf_CF_2017111091551565_udf_CF_2017111084757456_CashFlowsFromUsedInOperatingActivities" xlink:type="locator" />
    <link:label xlink:type="resource" xlink:role="http://www.xbrl.org/2003/role/label" xlink:label="Label_label_entity00164609_udf_CF_2017111091551565_udf_CF_2017111084757456_CashFlowsFromUsedInOperatingActivities_ko" xml:lang="ko" id="Label_label_entity00164609_udf_CF_2017111091551565_udf_CF_2017111084757456_CashFlowsFromUsedInOperatingActivities_ko">당기순이익(손실)</link:label>
    <link:labelArc xlink:arcrole="http://www.xbrl.org/2003/arcrole/concept-label" xlink:from="Loc_entity00164609_udf_CF_2017111091551565_udf_CF_2017111084757456_CashFlowsFromUsedInOperatingActivities" xlink:to="Label_label_entity00164609_udf_CF_2017111091551565_udf_CF_2017111084757456_CashFlowsFromUsedInOperatingActivities_ko" xlink:type="arc" />
    <link:label xlink:type="resource" xlink:role="http://www.xbrl.org/2003/role/documentation" xlink:label="Label_entity00164609_udf_CF_2017111091551565_udf_CF_2017111084757456_CashFlowsFromUsedInOperatingActivities_ko_doc" xml:lang="ko">
    </link:label>
    <link:labelArc xlink:arcrole="http://www.xbrl.org/2003/arcrole/concept-label" xlink:from="Loc_entity00164609_udf_CF_2017111091551565_udf_CF_2017111084757456_CashFlowsFromUsedInOperatingActivities" xlink:to="Label_entity00164609_udf_CF_2017111091551565_udf_CF_2017111084757456_CashFlowsFromUsedInOperatingActivities_ko_doc" xlink:type="arc" />
    <link:loc xlink:href="../00164609_entry_point_2011-05-19.xsd#entity00164609_udf_CF_201711109155421_udf_CF_2017111084757456_CashFlowsFromUsedInOperatingActivities" xlink:label="Loc_entity00164609_udf_CF_201711109155421_udf_CF_2017111084757456_CashFlowsFromUsedInOperatingActivities" xlink:type="locator" />
    <link:label xlink:type="resource" xlink:role="http://www.xbrl.org/2003/role/label" xlink:label="Label_label_entity00164609_udf_CF_201711109155421_udf_CF_2017111084757456_CashFlowsFromUsedInOperatingActivities_ko" xml:lang="ko" id="Label_label_entity00164609_udf_CF_201711109155421_udf_CF_2017111084757456_CashFlowsFromUsedInOperatingActivities_ko">조정</link:label>
    <link:labelArc xlink:arcrole="http://www.xbrl.org/2003/arcrole/concept-label" xlink:from="Loc_entity00164609_udf_CF_201711109155421_udf_CF_2017111084757456_CashFlowsFromUsedInOperatingActivities" xlink:to="Label_label_entity00164609_udf_CF_201711109155421_udf_CF_2017111084757456_CashFlowsFromUsedInOperatingActivities_ko" xlink:type="arc" />
    <link:label xlink:type="resource" xlink:role="http://www.xbrl.org/2003/role/documentation" xlink:label="Label_entity00164609_udf_CF_201711109155421_udf_CF_2017111084757456_CashFlowsFromUsedInOperatingActivities_ko_doc" xml:lang="ko">
    </link:label>
    <link:labelArc xlink:arcrole="http://www.xbrl.org/2003/arcrole/concept-label" xlink:from="Loc_entity00164609_udf_CF_201711109155421_udf_CF_2017111084757456_CashFlowsFromUsedInOperatingActivities" xlink:to="Label_entity00164609_udf_CF_201711109155421_udf_CF_2017111084757456_CashFlowsFromUsedInOperatingActivities_ko_doc" xlink:type="arc" />
    <link:loc xlink:href="http://dart.fss.or.kr/Resource/Taxonomy/ifrs/2019-10-01/full_ifrs-cor_2019-03-27.xsd#ifrs-full_InterestReceivedClassifiedAsOperatingActivities" xlink:label="Loc_ifrs-full_InterestReceivedClassifiedAsOperatingActivities" xlink:type="locator" />
    <link:label xlink:type="resource" xlink:role="http://www.xbrl.org/2003/role/terseLabel" xlink:label="Label_terseLabel_ifrs-full_InterestReceivedClassifiedAsOperatingActivities_ko" xml:lang="ko" id="Label_terseLabel_ifrs-full_InterestReceivedClassifiedAsOperatingActivities_ko">이자의 수취</link:label>
    <link:labelArc xlink:arcrole="http://www.xbrl.org/2003/arcrole/concept-label" xlink:from="Loc_ifrs-full_InterestReceivedClassifiedAsOperatingActivities" xlink:to="Label_terseLabel_ifrs-full_InterestReceivedClassifiedAsOperatingActivities_ko" xlink:type="arc" priority="1" />
    <link:loc xlink:href="http://dart.fss.or.kr/Resource/Taxonomy/ifrs/2019-10-01/full_ifrs-cor_2019-03-27.xsd#ifrs-full_InterestPaidClassifiedAsOperatingActivities" xlink:label="Loc_ifrs-full_InterestPaidClassifiedAsOperatingActivities" xlink:type="locator" />
    <link:label xlink:type="resource" xlink:role="http://www.xbrl.org/2009/role/negatedTerseLabel" xlink:label="Label_negatedTerseLabel_ifrs-full_InterestPaidClassifiedAsOperatingActivities_ko" xml:lang="ko" id="Label_negatedTerseLabel_ifrs-full_InterestPaidClassifiedAsOperatingActivities_ko">이자의 지급</link:label>
    <link:labelArc xlink:arcrole="http://www.xbrl.org/2003/arcrole/concept-label" xlink:from="Loc_ifrs-full_InterestPaidClassifiedAsOperatingActivities" xlink:to="Label_negatedTerseLabel_ifrs-full_InterestPaidClassifiedAsOperatingActivities_ko" xlink:type="arc" priority="1" />
    <link:loc xlink:href="http://dart.fss.or.kr/Resource/Taxonomy/ifrs/2019-10-01/full_ifrs-cor_2019-03-27.xsd#ifrs-full_DividendsReceivedClassifiedAsOperatingActivities" xlink:label="Loc_ifrs-full_DividendsReceivedClassifiedAsOperatingActivities" xlink:type="locator" />
    <link:label xlink:type="resource" xlink:role="http://www.xbrl.org/2003/role/terseLabel" xlink:label="Label_terseLabel_ifrs-full_DividendsReceivedClassifiedAsOperatingActivities_ko" xml:lang="ko" id="Label_terseLabel_ifrs-full_DividendsReceivedClassifiedAsOperatingActivities_ko">배당금의 수취</link:label>
    <link:labelArc xlink:arcrole="http://www.xbrl.org/2003/arcrole/concept-label" xlink:from="Loc_ifrs-full_DividendsReceivedClassifiedAsOperatingActivities" xlink:to="Label_terseLabel_ifrs-full_DividendsReceivedClassifiedAsOperatingActivities_ko" xlink:type="arc" priority="1" />
    <link:loc xlink:href="../00164609_entry_point_2011-05-19.xsd#entity00164609_udf_CF_20227261672539_CashFlowsFromUsedInOperatingActivities" xlink:label="Loc_entity00164609_udf_CF_20227261672539_CashFlowsFromUsedInOperatingActivities" xlink:type="locator" />
    <link:label xlink:type="resource" xlink:role="http://www.xbrl.org/2003/role/label" xlink:label="Label_label_entity00164609_udf_CF_20227261672539_CashFlowsFromUsedInOperatingActivities_ko" xml:lang="ko" id="Label_label_entity00164609_udf_CF_20227261672539_CashFlowsFromUsedInOperatingActivities_ko">법인세의 환급(납부)</link:label>
    <link:labelArc xlink:arcrole="http://www.xbrl.org/2003/arcrole/concept-label" xlink:from="Loc_entity00164609_udf_CF_20227261672539_CashFlowsFromUsedInOperatingActivities" xlink:to="Label_label_entity00164609_udf_CF_20227261672539_CashFlowsFromUsedInOperatingActivities_ko" xlink:type="arc" />
    <link:label xlink:type="resource" xlink:role="http://www.xbrl.org/2003/role/documentation" xlink:label="Label_entity00164609_udf_CF_20227261672539_CashFlowsFromUsedInOperatingActivities_ko_doc" xml:lang="ko">
    </link:label>
    <link:labelArc xlink:arcrole="http://www.xbrl.org/2003/arcrole/concept-label" xlink:from="Loc_entity00164609_udf_CF_20227261672539_CashFlowsFromUsedInOperatingActivities" xlink:to="Label_entity00164609_udf_CF_20227261672539_CashFlowsFromUsedInOperatingActivities_ko_doc" xlink:type="arc" />
    <link:loc xlink:href="http://dart.fss.or.kr/Resource/Taxonomy/ifrs/2019-10-01/full_ifrs-cor_2019-03-27.xsd#ifrs-full_CashFlowsFromUsedInInvestingActivities" xlink:label="Loc_ifrs-full_CashFlowsFromUsedInInvestingActivities" xlink:type="locator" />
    <link:label xlink:type="resource" xlink:role="http://www.xbrl.org/2003/role/label" xlink:label="Label_label_ifrs-full_CashFlowsFromUsedInInvestingActivities_ko" xml:lang="ko" id="Label_label_ifrs-full_CashFlowsFromUsedInInvestingActivities_ko">투자활동 현금흐름</link:label>
    <link:labelArc xlink:arcrole="http://www.xbrl.org/2003/arcrole/concept-label" xlink:from="Loc_ifrs-full_CashFlowsFromUsedInInvestingActivities" xlink:to="Label_label_ifrs-full_CashFlowsFromUsedInInvestingActivities_ko" xlink:type="arc" priority="1" />
    <link:loc xlink:href="http://dart.fss.or.kr/Resource/Taxonomy/ifrs/2019-10-01/dart_2019-10-01.xsd#dart_ProceedsFromSalesOfShortTermFinancialInstruments" xlink:label="Loc_dart_ProceedsFromSalesOfShortTermFinancialInstruments" xlink:type="locator" />
    <link:label xlink:type="resource" xlink:role="http://www.xbrl.org/2003/role/label" xlink:label="Label_label_dart_ProceedsFromSalesOfShortTermFinancialInstruments_ko" xml:lang="ko" id="Label_label_dart_ProceedsFromSalesOfShortTermFinancialInstruments_ko">단기금융자산의 순증감</link:label>
    <link:labelArc xlink:arcrole="http://www.xbrl.org/2003/arcrole/concept-label" xlink:from="Loc_dart_ProceedsFromSalesOfShortTermFinancialInstruments" xlink:to="Label_label_dart_ProceedsFromSalesOfShortTermFinancialInstruments_ko" xlink:type="arc" priority="1" />
    <link:loc xlink:href="http://dart.fss.or.kr/Resource/Taxonomy/ifrs/2019-10-01/dart_2019-10-01.xsd#dart_ProceedsFromSalesOfLongTermFinancialInstruments" xlink:label="Loc_dart_ProceedsFromSalesOfLongTermFinancialInstruments" xlink:type="locator" />
    <link:label xlink:type="resource" xlink:role="http://www.xbrl.org/2003/role/label" xlink:label="Label_label_dart_ProceedsFromSalesOfLongTermFinancialInstruments_ko" xml:lang="ko" id="Label_label_dart_ProceedsFromSalesOfLongTermFinancialInstruments_ko">장기금융자산의 감소</link:label>
    <link:labelArc xlink:arcrole="http://www.xbrl.org/2003/arcrole/concept-label" xlink:from="Loc_dart_ProceedsFromSalesOfLongTermFinancialInstruments" xlink:to="Label_label_dart_ProceedsFromSalesOfLongTermFinancialInstruments_ko" xlink:type="arc" priority="1" />
    <link:loc xlink:href="../00164609_entry_point_2011-05-19.xsd#entity00164609_udf_CF_2022726105627926_CashFlowsFromUsedInInvestingActivities" xlink:label="Loc_entity00164609_udf_CF_2022726105627926_CashFlowsFromUsedInInvestingActivities" xlink:type="locator" />
    <link:label xlink:type="resource" xlink:role="http://www.xbrl.org/2003/role/label" xlink:label="Label_label_entity00164609_udf_CF_2022726105627926_CashFlowsFromUsedInInvestingActivities_ko" xml:lang="ko" id="Label_label_entity00164609_udf_CF_2022726105627926_CashFlowsFromUsedInInvestingActivities_ko">장기기타채권의 감소</link:label>
    <link:labelArc xlink:arcrole="http://www.xbrl.org/2003/arcrole/concept-label" xlink:from="Loc_entity00164609_udf_CF_2022726105627926_CashFlowsFromUsedInInvestingActivities" xlink:to="Label_label_entity00164609_udf_CF_2022726105627926_CashFlowsFromUsedInInvestingActivities_ko" xlink:type="arc" />
    <link:label xlink:type="resource" xlink:role="http://www.xbrl.org/2003/role/documentation" xlink:label="Label_entity00164609_udf_CF_2022726105627926_CashFlowsFromUsedInInvestingActivities_ko_doc" xml:lang="ko">
    </link:label>
    <link:labelArc xlink:arcrole="http://www.xbrl.org/2003/arcrole/concept-label" xlink:from="Loc_entity00164609_udf_CF_2022726105627926_CashFlowsFromUsedInInvestingActivities" xlink:to="Label_entity00164609_udf_CF_2022726105627926_CashFlowsFromUsedInInvestingActivities_ko_doc" xlink:type="arc" />
    <link:loc xlink:href="../00164609_entry_point_2011-05-19.xsd#entity00164609_udf_CF_2022726105816464_CashFlowsFromUsedInInvestingActivities" xlink:label="Loc_entity00164609_udf_CF_2022726105816464_CashFlowsFromUsedInInvestingActivities" xlink:type="locator" />
    <link:label xlink:type="resource" xlink:role="http://www.xbrl.org/2003/role/label" xlink:label="Label_label_entity00164609_udf_CF_2022726105816464_CashFlowsFromUsedInInvestingActivities_ko" xml:lang="ko" id="Label_label_entity00164609_udf_CF_2022726105816464_CashFlowsFromUsedInInvestingActivities_ko">장기기타채권의 증가</link:label>
    <link:labelArc xlink:arcrole="http://www.xbrl.org/2003/arcrole/concept-label" xlink:from="Loc_entity00164609_udf_CF_2022726105816464_CashFlowsFromUsedInInvestingActivities" xlink:to="Label_label_entity00164609_udf_CF_2022726105816464_CashFlowsFromUsedInInvestingActivities_ko" xlink:type="arc" />
    <link:label xlink:type="resource" xlink:role="http://www.xbrl.org/2003/role/documentation" xlink:label="Label_entity00164609_udf_CF_2022726105816464_CashFlowsFromUsedInInvestingActivities_ko_doc" xml:lang="ko">
    </link:label>
    <link:labelArc xlink:arcrole="http://www.xbrl.org/2003/arcrole/concept-label" xlink:from="Loc_entity00164609_udf_CF_2022726105816464_CashFlowsFromUsedInInvestingActivities" xlink:to="Label_entity00164609_udf_CF_2022726105816464_CashFlowsFromUsedInInvestingActivities_ko_doc" xlink:type="arc" />
    <link:loc xlink:href="http://dart.fss.or.kr/Resource/Taxonomy/ifrs/2019-10-01/dart_2019-10-01.xsd#dart_PurchaseOfLongTermFinancialInstruments" xlink:label="Loc_dart_PurchaseOfLongTermFinancialInstruments" xlink:type="locator" />
    <link:label xlink:type="resource" xlink:role="http://www.xbrl.org/2003/role/label" xlink:label="Label_label_dart_PurchaseOfLongTermFinancialInstruments_ko" xml:lang="ko" id="Label_label_dart_PurchaseOfLongTermFinancialInstruments_ko">장기금융자산의 증가</link:label>
    <link:labelArc xlink:arcrole="http://www.xbrl.org/2003/arcrole/concept-label" xlink:from="Loc_dart_PurchaseOfLongTermFinancialInstruments" xlink:to="Label_label_dart_PurchaseOfLongTermFinancialInstruments_ko" xlink:type="arc" priority="1" />
    <link:loc xlink:href="http://dart.fss.or.kr/Resource/Taxonomy/ifrs/2019-10-01/full_ifrs-cor_2019-03-27.xsd#ifrs-full_CashFlowsFromUsedInFinancingActivities" xlink:label="Loc_ifrs-full_CashFlowsFromUsedInFinancingActivities" xlink:type="locator" />
    <link:label xlink:type="resource" xlink:role="http://www.xbrl.org/2003/role/label" xlink:label="Label_label_ifrs-full_CashFlowsFromUsedInFinancingActivities_ko" xml:lang="ko" id="Label_label_ifrs-full_CashFlowsFromUsedInFinancingActivities_ko">재무활동 현금흐름</link:label>
    <link:labelArc xlink:arcrole="http://www.xbrl.org/2003/arcrole/concept-label" xlink:from="Loc_ifrs-full_CashFlowsFromUsedInFinancingActivities" xlink:to="Label_label_ifrs-full_CashFlowsFromUsedInFinancingActivities_ko" xlink:type="arc" priority="1" />
    <link:loc xlink:href="http://dart.fss.or.kr/Resource/Taxonomy/ifrs/2019-10-01/dart_2019-10-01.xsd#dart_ProceedsFromShortTermBorrowings" xlink:label="Loc_dart_ProceedsFromShortTermBorrowings" xlink:type="locator" />
    <link:label xlink:type="resource" xlink:role="http://www.xbrl.org/2003/role/label" xlink:label="Label_label_dart_ProceedsFromShortTermBorrowings_ko" xml:lang="ko" id="Label_label_dart_ProceedsFromShortTermBorrowings_ko">단기금융부채의 증가</link:label>
    <link:labelArc xlink:arcrole="http://www.xbrl.org/2003/arcrole/concept-label" xlink:from="Loc_dart_ProceedsFromShortTermBorrowings" xlink:to="Label_label_dart_ProceedsFromShortTermBorrowings_ko" xlink:type="arc" priority="1" />
    <link:loc xlink:href="http://dart.fss.or.kr/Resource/Taxonomy/ifrs/2019-10-01/dart_2019-10-01.xsd#dart_RepaymentsOfShortTermBorrowings" xlink:label="Loc_dart_RepaymentsOfShortTermBorrowings" xlink:type="locator" />
    <link:label xlink:type="resource" xlink:role="http://www.xbrl.org/2003/role/label" xlink:label="Label_label_dart_RepaymentsOfShortTermBorrowings_ko" xml:lang="ko" id="Label_label_dart_RepaymentsOfShortTermBorrowings_ko">단기금융부채의 감소</link:label>
    <link:labelArc xlink:arcrole="http://www.xbrl.org/2003/arcrole/concept-label" xlink:from="Loc_dart_RepaymentsOfShortTermBorrowings" xlink:to="Label_label_dart_RepaymentsOfShortTermBorrowings_ko" xlink:type="arc" priority="1" />
    <link:loc xlink:href="http://dart.fss.or.kr/Resource/Taxonomy/ifrs/2019-10-01/full_ifrs-cor_2019-03-27.xsd#ifrs-full_PaymentsOfFinanceLeaseLiabilitiesClassifiedAsFinancingActivities" xlink:label="Loc_ifrs-full_PaymentsOfFinanceLeaseLiabilitiesClassifiedAsFinancingActivities" xlink:type="locator" />
    <link:label xlink:type="resource" xlink:role="http://www.xbrl.org/2009/role/negatedTerseLabel" xlink:label="Label_negatedTerseLabel_ifrs-full_PaymentsOfFinanceLeaseLiabilitiesClassifiedAsFinancingActivities_ko" xml:lang="ko" id="Label_negatedTerseLabel_ifrs-full_PaymentsOfFinanceLeaseLiabilitiesClassifiedAsFinancingActivities_ko">리스부채의 상환</link:label>
    <link:labelArc xlink:arcrole="http://www.xbrl.org/2003/arcrole/concept-label" xlink:from="Loc_ifrs-full_PaymentsOfFinanceLeaseLiabilitiesClassifiedAsFinancingActivities" xlink:to="Label_negatedTerseLabel_ifrs-full_PaymentsOfFinanceLeaseLiabilitiesClassifiedAsFinancingActivities_ko" xlink:type="arc" priority="1" />
    <link:loc xlink:href="http://dart.fss.or.kr/Resource/Taxonomy/ifrs/2019-10-01/full_ifrs-cor_2019-03-27.xsd#ifrs-full_IncreaseDecreaseInCashAndCashEquivalents" xlink:label="Loc_ifrs-full_IncreaseDecreaseInCashAndCashEquivalents" xlink:type="locator" />
    <link:label xlink:type="resource" xlink:role="http://www.xbrl.org/2009/role/netLabel" xlink:label="Label_netLabel_ifrs-full_IncreaseDecreaseInCashAndCashEquivalents_ko" xml:lang="ko" id="Label_netLabel_ifrs-full_IncreaseDecreaseInCashAndCashEquivalents_ko">현금및현금성자산의 증감</link:label>
    <link:labelArc xlink:arcrole="http://www.xbrl.org/2003/arcrole/concept-label" xlink:from="Loc_ifrs-full_IncreaseDecreaseInCashAndCashEquivalents" xlink:to="Label_netLabel_ifrs-full_IncreaseDecreaseInCashAndCashEquivalents_ko" xlink:type="arc" priority="1" />
    <link:loc xlink:href="../00164609_entry_point_2011-05-19.xsd#entity00164609_udf_CF_2017111011130291_CashFlowsFromUsedInOperatingActivities" xlink:label="Loc_entity00164609_udf_CF_2017111011130291_CashFlowsFromUsedInOperatingActivities" xlink:type="locator" />
    <link:label xlink:type="resource" xlink:role="http://www.xbrl.org/2003/role/label" xlink:label="Label_label_entity00164609_udf_CF_2017111011130291_CashFlowsFromUsedInOperatingActivities_ko" xml:lang="ko" id="Label_label_entity00164609_udf_CF_2017111011130291_CashFlowsFromUsedInOperatingActivities_ko">영업활동으로부터 창출된 현금</link:label>
    <link:labelArc xlink:arcrole="http://www.xbrl.org/2003/arcrole/concept-label" xlink:from="Loc_entity00164609_udf_CF_2017111011130291_CashFlowsFromUsedInOperatingActivities" xlink:to="Label_label_entity00164609_udf_CF_2017111011130291_CashFlowsFromUsedInOperatingActivities_ko" xlink:type="arc" />
    <link:label xlink:type="resource" xlink:role="http://www.xbrl.org/2003/role/documentation" xlink:label="Label_entity00164609_udf_CF_2017111011130291_CashFlowsFromUsedInOperatingActivities_ko_doc" xml:lang="ko">
    </link:label>
    <link:labelArc xlink:arcrole="http://www.xbrl.org/2003/arcrole/concept-label" xlink:from="Loc_entity00164609_udf_CF_2017111011130291_CashFlowsFromUsedInOperatingActivities" xlink:to="Label_entity00164609_udf_CF_2017111011130291_CashFlowsFromUsedInOperatingActivities_ko_doc" xlink:type="arc" />
    <link:loc xlink:href="../00164609_entry_point_2011-05-19.xsd#entity00164609_udf_CF_2017111011145902_udf_CF_2017111011130291_CashFlowsFromUsedInOperatingActivities" xlink:label="Loc_entity00164609_udf_CF_2017111011145902_udf_CF_2017111011130291_CashFlowsFromUsedInOperatingActivities" xlink:type="locator" />
    <link:label xlink:type="resource" xlink:role="http://www.xbrl.org/2003/role/label" xlink:label="Label_label_entity00164609_udf_CF_2017111011145902_udf_CF_2017111011130291_CashFlowsFromUsedInOperatingActivities_ko" xml:lang="ko" id="Label_label_entity00164609_udf_CF_2017111011145902_udf_CF_2017111011130291_CashFlowsFromUsedInOperatingActivities_ko">당기순이익(손실)</link:label>
    <link:labelArc xlink:arcrole="http://www.xbrl.org/2003/arcrole/concept-label" xlink:from="Loc_entity00164609_udf_CF_2017111011145902_udf_CF_2017111011130291_CashFlowsFromUsedInOperatingActivities" xlink:to="Label_label_entity00164609_udf_CF_2017111011145902_udf_CF_2017111011130291_CashFlowsFromUsedInOperatingActivities_ko" xlink:type="arc" />
    <link:label xlink:type="resource" xlink:role="http://www.xbrl.org/2003/role/documentation" xlink:label="Label_entity00164609_udf_CF_2017111011145902_udf_CF_2017111011130291_CashFlowsFromUsedInOperatingActivities_ko_doc" xml:lang="ko">
    </link:label>
    <link:labelArc xlink:arcrole="http://www.xbrl.org/2003/arcrole/concept-label" xlink:from="Loc_entity00164609_udf_CF_2017111011145902_udf_CF_2017111011130291_CashFlowsFromUsedInOperatingActivities" xlink:to="Label_entity00164609_udf_CF_2017111011145902_udf_CF_2017111011130291_CashFlowsFromUsedInOperatingActivities_ko_doc" xlink:type="arc" />
    <link:loc xlink:href="../00164609_entry_point_2011-05-19.xsd#entity00164609_udf_CF_20171110111418366_udf_CF_2017111011130291_CashFlowsFromUsedInOperatingActivities" xlink:label="Loc_entity00164609_udf_CF_20171110111418366_udf_CF_2017111011130291_CashFlowsFromUsedInOperatingActivities" xlink:type="locator" />
    <link:label xlink:type="resource" xlink:role="http://www.xbrl.org/2003/role/label" xlink:label="Label_label_entity00164609_udf_CF_20171110111418366_udf_CF_2017111011130291_CashFlowsFromUsedInOperatingActivities_ko" xml:lang="ko" id="Label_label_entity00164609_udf_CF_20171110111418366_udf_CF_2017111011130291_CashFlowsFromUsedInOperatingActivities_ko">조정</link:label>
    <link:labelArc xlink:arcrole="http://www.xbrl.org/2003/arcrole/concept-label" xlink:from="Loc_entity00164609_udf_CF_20171110111418366_udf_CF_2017111011130291_CashFlowsFromUsedInOperatingActivities" xlink:to="Label_label_entity00164609_udf_CF_20171110111418366_udf_CF_2017111011130291_CashFlowsFromUsedInOperatingActivities_ko" xlink:type="arc" />
    <link:label xlink:type="resource" xlink:role="http://www.xbrl.org/2003/role/documentation" xlink:label="Label_entity00164609_udf_CF_20171110111418366_udf_CF_2017111011130291_CashFlowsFromUsedInOperatingActivities_ko_doc" xml:lang="ko">
    </link:label>
    <link:labelArc xlink:arcrole="http://www.xbrl.org/2003/arcrole/concept-label" xlink:from="Loc_entity00164609_udf_CF_20171110111418366_udf_CF_2017111011130291_CashFlowsFromUsedInOperatingActivities" xlink:to="Label_entity00164609_udf_CF_20171110111418366_udf_CF_2017111011130291_CashFlowsFromUsedInOperatingActivities_ko_doc" xlink:type="arc" />
    <link:loc xlink:href="../00164609_entry_point_2011-05-19.xsd#entity00164609_udf_CF_2022726171537734_CashFlowsFromUsedInOperatingActivities" xlink:label="Loc_entity00164609_udf_CF_2022726171537734_CashFlowsFromUsedInOperatingActivities" xlink:type="locator" />
    <link:label xlink:type="resource" xlink:role="http://www.xbrl.org/2003/role/label" xlink:label="Label_label_entity00164609_udf_CF_2022726171537734_CashFlowsFromUsedInOperatingActivities_ko" xml:lang="ko" id="Label_label_entity00164609_udf_CF_2022726171537734_CashFlowsFromUsedInOperatingActivities_ko">법인세의 환급(납부)</link:label>
    <link:labelArc xlink:arcrole="http://www.xbrl.org/2003/arcrole/concept-label" xlink:from="Loc_entity00164609_udf_CF_2022726171537734_CashFlowsFromUsedInOperatingActivities" xlink:to="Label_label_entity00164609_udf_CF_2022726171537734_CashFlowsFromUsedInOperatingActivities_ko" xlink:type="arc" />
    <link:label xlink:type="resource" xlink:role="http://www.xbrl.org/2003/role/documentation" xlink:label="Label_entity00164609_udf_CF_2022726171537734_CashFlowsFromUsedInOperatingActivities_ko_doc" xml:lang="ko">
    </link:label>
    <link:labelArc xlink:arcrole="http://www.xbrl.org/2003/arcrole/concept-label" xlink:from="Loc_entity00164609_udf_CF_2022726171537734_CashFlowsFromUsedInOperatingActivities" xlink:to="Label_entity00164609_udf_CF_2022726171537734_CashFlowsFromUsedInOperatingActivities_ko_doc" xlink:type="arc" />
    <link:loc xlink:href="../00164609_entry_point_2011-05-19.xsd#entity00164609_udf_CF_2022726102233116_CashFlowsFromUsedInInvestingActivities" xlink:label="Loc_entity00164609_udf_CF_2022726102233116_CashFlowsFromUsedInInvestingActivities" xlink:type="locator" />
    <link:label xlink:type="resource" xlink:role="http://www.xbrl.org/2003/role/label" xlink:label="Label_label_entity00164609_udf_CF_2022726102233116_CashFlowsFromUsedInInvestingActivities_ko" xml:lang="ko" id="Label_label_entity00164609_udf_CF_2022726102233116_CashFlowsFromUsedInInvestingActivities_ko">장기기타채권의 감소</link:label>
    <link:labelArc xlink:arcrole="http://www.xbrl.org/2003/arcrole/concept-label" xlink:from="Loc_entity00164609_udf_CF_2022726102233116_CashFlowsFromUsedInInvestingActivities" xlink:to="Label_label_entity00164609_udf_CF_2022726102233116_CashFlowsFromUsedInInvestingActivities_ko" xlink:type="arc" />
    <link:label xlink:type="resource" xlink:role="http://www.xbrl.org/2003/role/documentation" xlink:label="Label_entity00164609_udf_CF_2022726102233116_CashFlowsFromUsedInInvestingActivities_ko_doc" xml:lang="ko">
    </link:label>
    <link:labelArc xlink:arcrole="http://www.xbrl.org/2003/arcrole/concept-label" xlink:from="Loc_entity00164609_udf_CF_2022726102233116_CashFlowsFromUsedInInvestingActivities" xlink:to="Label_entity00164609_udf_CF_2022726102233116_CashFlowsFromUsedInInvestingActivities_ko_doc" xlink:type="arc" />
    <link:loc xlink:href="../00164609_entry_point_2011-05-19.xsd#entity00164609_udf_CF_2022726102313601_CashFlowsFromUsedInInvestingActivities" xlink:label="Loc_entity00164609_udf_CF_2022726102313601_CashFlowsFromUsedInInvestingActivities" xlink:type="locator" />
    <link:label xlink:type="resource" xlink:role="http://www.xbrl.org/2003/role/label" xlink:label="Label_label_entity00164609_udf_CF_2022726102313601_CashFlowsFromUsedInInvestingActivities_ko" xml:lang="ko" id="Label_label_entity00164609_udf_CF_2022726102313601_CashFlowsFromUsedInInvestingActivities_ko">장기기타채권의 증가</link:label>
    <link:labelArc xlink:arcrole="http://www.xbrl.org/2003/arcrole/concept-label" xlink:from="Loc_entity00164609_udf_CF_2022726102313601_CashFlowsFromUsedInInvestingActivities" xlink:to="Label_label_entity00164609_udf_CF_2022726102313601_CashFlowsFromUsedInInvestingActivities_ko" xlink:type="arc" />
    <link:label xlink:type="resource" xlink:role="http://www.xbrl.org/2003/role/documentation" xlink:label="Label_entity00164609_udf_CF_2022726102313601_CashFlowsFromUsedInInvestingActivities_ko_doc" xml:lang="ko">
    </link:label>
    <link:labelArc xlink:arcrole="http://www.xbrl.org/2003/arcrole/concept-label" xlink:from="Loc_entity00164609_udf_CF_2022726102313601_CashFlowsFromUsedInInvestingActivities" xlink:to="Label_entity00164609_udf_CF_2022726102313601_CashFlowsFromUsedInInvestingActivities_ko_doc" xlink:type="arc" />
    <link:loc xlink:href="../00164609_entry_point_2011-05-19.xsd#entity00164609_udf_CF_2022726102814885_CashFlowsFromUsedInFinancingActivities" xlink:label="Loc_entity00164609_udf_CF_2022726102814885_CashFlowsFromUsedInFinancingActivities" xlink:type="locator" />
    <link:label xlink:type="resource" xlink:role="http://www.xbrl.org/2003/role/label" xlink:label="Label_label_entity00164609_udf_CF_2022726102814885_CashFlowsFromUsedInFinancingActivities_ko" xml:lang="ko" id="Label_label_entity00164609_udf_CF_2022726102814885_CashFlowsFromUsedInFinancingActivities_ko">비지배지분의 감소</link:label>
    <link:labelArc xlink:arcrole="http://www.xbrl.org/2003/arcrole/concept-label" xlink:from="Loc_entity00164609_udf_CF_2022726102814885_CashFlowsFromUsedInFinancingActivities" xlink:to="Label_label_entity00164609_udf_CF_2022726102814885_CashFlowsFromUsedInFinancingActivities_ko" xlink:type="arc" />
    <link:label xlink:type="resource" xlink:role="http://www.xbrl.org/2003/role/documentation" xlink:label="Label_entity00164609_udf_CF_2022726102814885_CashFlowsFromUsedInFinancingActivities_ko_doc" xml:lang="ko">
    </link:label>
    <link:labelArc xlink:arcrole="http://www.xbrl.org/2003/arcrole/concept-label" xlink:from="Loc_entity00164609_udf_CF_2022726102814885_CashFlowsFromUsedInFinancingActivities" xlink:to="Label_entity00164609_udf_CF_2022726102814885_CashFlowsFromUsedInFinancingActivities_ko_doc" xlink:type="arc" />
    <link:loc xlink:href="http://dart.fss.or.kr/Resource/Taxonomy/ifrs/2019-10-01/dart_2019-10-01.xsd#dart_ShortTermDepositsNotClassifiedAsCashEquivalents" xlink:label="Loc_dart_ShortTermDepositsNotClassifiedAsCashEquivalents" xlink:type="locator" />
    <link:label xlink:type="resource" xlink:role="http://dart.fss.or.kr/role/2019-10-01/ifrs/dart_label" xlink:label="Label_dart_label_dart_ShortTermDepositsNotClassifiedAsCashEquivalents_ko" xml:lang="ko" id="Label_dart_label_dart_ShortTermDepositsNotClassifiedAsCashEquivalents_ko">단기금융자산</link:label>
    <link:labelArc xlink:arcrole="http://www.xbrl.org/2003/arcrole/concept-label" xlink:from="Loc_dart_ShortTermDepositsNotClassifiedAsCashEquivalents" xlink:to="Label_dart_label_dart_ShortTermDepositsNotClassifiedAsCashEquivalents_ko" xlink:type="arc" priority="1" />
    <link:loc xlink:href="http://dart.fss.or.kr/Resource/Taxonomy/ifrs/2019-10-01/full_ifrs-cor_2019-03-27.xsd#ifrs-full_TradeAndOtherCurrentReceivables" xlink:label="Loc_ifrs-full_TradeAndOtherCurrentReceivables" xlink:type="locator" />
    <link:label xlink:type="resource" xlink:role="http://www.xbrl.org/2003/role/label" xlink:label="Label_label_ifrs-full_TradeAndOtherCurrentReceivables_ko" xml:lang="ko" id="Label_label_ifrs-full_TradeAndOtherCurrentReceivables_ko">매출채권및기타채권</link:label>
    <link:labelArc xlink:arcrole="http://www.xbrl.org/2003/arcrole/concept-label" xlink:from="Loc_ifrs-full_TradeAndOtherCurrentReceivables" xlink:to="Label_label_ifrs-full_TradeAndOtherCurrentReceivables_ko" xlink:type="arc" priority="1" />
    <link:loc xlink:href="http://dart.fss.or.kr/Resource/Taxonomy/ifrs/2019-10-01/full_ifrs-cor_2019-03-27.xsd#ifrs-full_CurrentContractAssets" xlink:label="Loc_ifrs-full_CurrentContractAssets" xlink:type="locator" />
    <link:label xlink:type="resource" xlink:role="http://www.xbrl.org/2003/role/label" xlink:label="Label_label_ifrs-full_CurrentContractAssets_ko" xml:lang="ko" id="Label_label_ifrs-full_CurrentContractAssets_ko">계약자산</link:label>
    <link:labelArc xlink:arcrole="http://www.xbrl.org/2003/arcrole/concept-label" xlink:from="Loc_ifrs-full_CurrentContractAssets" xlink:to="Label_label_ifrs-full_CurrentContractAssets_ko" xlink:type="arc" priority="1" />
    <link:loc xlink:href="http://dart.fss.or.kr/Resource/Taxonomy/ifrs/2019-10-01/dart_2019-10-01.xsd#dart_CurrentDerivativeAsset" xlink:label="Loc_dart_CurrentDerivativeAsset" xlink:type="locator" />
    <link:label xlink:type="resource" xlink:role="http://www.xbrl.org/2003/role/label" xlink:label="Label_label_dart_CurrentDerivativeAsset_ko" xml:lang="ko" id="Label_label_dart_CurrentDerivativeAsset_ko">파생상품자산</link:label>
    <link:labelArc xlink:arcrole="http://www.xbrl.org/2003/arcrole/concept-label" xlink:from="Loc_dart_CurrentDerivativeAsset" xlink:to="Label_label_dart_CurrentDerivativeAsset_ko" xlink:type="arc" priority="1" />
    <link:loc xlink:href="http://dart.fss.or.kr/Resource/Taxonomy/ifrs/2019-10-01/dart_2019-10-01.xsd#dart_CurrentFirmCommitmentAsset" xlink:label="Loc_dart_CurrentFirmCommitmentAsset" xlink:type="locator" />
    <link:label xlink:type="resource" xlink:role="http://www.xbrl.org/2003/role/label" xlink:label="Label_label_dart_CurrentFirmCommitmentAsset_ko" xml:lang="ko" id="Label_label_dart_CurrentFirmCommitmentAsset_ko">확정계약자산</link:label>
    <link:labelArc xlink:arcrole="http://www.xbrl.org/2003/arcrole/concept-label" xlink:from="Loc_dart_CurrentFirmCommitmentAsset" xlink:to="Label_label_dart_CurrentFirmCommitmentAsset_ko" xlink:type="arc" priority="1" />
    <link:loc xlink:href="http://dart.fss.or.kr/Resource/Taxonomy/ifrs/2019-10-01/dart_2019-10-01.xsd#dart_LongTermDepositsNotClassifiedAsCashEquivalents" xlink:label="Loc_dart_LongTermDepositsNotClassifiedAsCashEquivalents" xlink:type="locator" />
    <link:label xlink:type="resource" xlink:role="http://www.xbrl.org/2003/role/label" xlink:label="Label_label_dart_LongTermDepositsNotClassifiedAsCashEquivalents_ko" xml:lang="ko" id="Label_label_dart_LongTermDepositsNotClassifiedAsCashEquivalents_ko">장기금융자산</link:label>
    <link:labelArc xlink:arcrole="http://www.xbrl.org/2003/arcrole/concept-label" xlink:from="Loc_dart_LongTermDepositsNotClassifiedAsCashEquivalents" xlink:to="Label_label_dart_LongTermDepositsNotClassifiedAsCashEquivalents_ko" xlink:type="arc" priority="1" />
    <link:loc xlink:href="http://dart.fss.or.kr/Resource/Taxonomy/ifrs/2019-10-01/dart_2019-10-01.xsd#dart_LongTermTradeAndOtherNonCurrentReceivablesGross" xlink:label="Loc_dart_LongTermTradeAndOtherNonCurrentReceivablesGross" xlink:type="locator" />
    <link:label xlink:type="resource" xlink:role="http://www.xbrl.org/2003/role/label" xlink:label="Label_label_dart_LongTermTradeAndOtherNonCurrentReceivablesGross_ko" xml:lang="ko" id="Label_label_dart_LongTermTradeAndOtherNonCurrentReceivablesGross_ko">장기매출채권및기타채권</link:label>
    <link:labelArc xlink:arcrole="http://www.xbrl.org/2003/arcrole/concept-label" xlink:from="Loc_dart_LongTermTradeAndOtherNonCurrentReceivablesGross" xlink:to="Label_label_dart_LongTermTradeAndOtherNonCurrentReceivablesGross_ko" xlink:type="arc" priority="1" />
    <link:loc xlink:href="http://dart.fss.or.kr/Resource/Taxonomy/ifrs/2019-10-01/full_ifrs-cor_2019-03-27.xsd#ifrs-full_InvestmentsInSubsidiariesJointVenturesAndAssociates" xlink:label="Loc_ifrs-full_InvestmentsInSubsidiariesJointVenturesAndAssociates" xlink:type="locator" />
    <link:label xlink:type="resource" xlink:role="http://www.xbrl.org/2003/role/label" xlink:label="Label_label_ifrs-full_InvestmentsInSubsidiariesJointVenturesAndAssociates_ko" xml:lang="ko" id="Label_label_ifrs-full_InvestmentsInSubsidiariesJointVenturesAndAssociates_ko">종속기업투자</link:label>
    <link:labelArc xlink:arcrole="http://www.xbrl.org/2003/arcrole/concept-label" xlink:from="Loc_ifrs-full_InvestmentsInSubsidiariesJointVenturesAndAssociates" xlink:to="Label_label_ifrs-full_InvestmentsInSubsidiariesJointVenturesAndAssociates_ko" xlink:type="arc" priority="1" />
    <link:loc xlink:href="http://dart.fss.or.kr/Resource/Taxonomy/ifrs/2019-10-01/full_ifrs-cor_2019-03-27.xsd#ifrs-full_IntangibleAssetsOtherThanGoodwill" xlink:label="Loc_ifrs-full_IntangibleAssetsOtherThanGoodwill" xlink:type="locator" />
    <link:label xlink:type="resource" xlink:role="http://www.xbrl.org/2003/role/label" xlink:label="Label_label_ifrs-full_IntangibleAssetsOtherThanGoodwill_ko" xml:lang="ko" id="Label_label_ifrs-full_IntangibleAssetsOtherThanGoodwill_ko">무형자산</link:label>
    <link:labelArc xlink:arcrole="http://www.xbrl.org/2003/arcrole/concept-label" xlink:from="Loc_ifrs-full_IntangibleAssetsOtherThanGoodwill" xlink:to="Label_label_ifrs-full_IntangibleAssetsOtherThanGoodwill_ko" xlink:type="arc" priority="1" />
    <link:loc xlink:href="http://dart.fss.or.kr/Resource/Taxonomy/ifrs/2019-10-01/dart_2019-10-01.xsd#dart_NonCurrentDerivativeAssets" xlink:label="Loc_dart_NonCurrentDerivativeAssets" xlink:type="locator" />
    <link:label xlink:type="resource" xlink:role="http://www.xbrl.org/2003/role/label" xlink:label="Label_label_dart_NonCurrentDerivativeAssets_ko" xml:lang="ko" id="Label_label_dart_NonCurrentDerivativeAssets_ko">파생상품자산</link:label>
    <link:labelArc xlink:arcrole="http://www.xbrl.org/2003/arcrole/concept-label" xlink:from="Loc_dart_NonCurrentDerivativeAssets" xlink:to="Label_label_dart_NonCurrentDerivativeAssets_ko" xlink:type="arc" priority="1" />
    <link:loc xlink:href="http://dart.fss.or.kr/Resource/Taxonomy/ifrs/2019-10-01/dart_2019-10-01.xsd#dart_NonCurrentFirmCommitmentAsset" xlink:label="Loc_dart_NonCurrentFirmCommitmentAsset" xlink:type="locator" />
    <link:label xlink:type="resource" xlink:role="http://www.xbrl.org/2003/role/label" xlink:label="Label_label_dart_NonCurrentFirmCommitmentAsset_ko" xml:lang="ko" id="Label_label_dart_NonCurrentFirmCommitmentAsset_ko">확정계약자산</link:label>
    <link:labelArc xlink:arcrole="http://www.xbrl.org/2003/arcrole/concept-label" xlink:from="Loc_dart_NonCurrentFirmCommitmentAsset" xlink:to="Label_label_dart_NonCurrentFirmCommitmentAsset_ko" xlink:type="arc" priority="1" />
    <link:loc xlink:href="http://dart.fss.or.kr/Resource/Taxonomy/ifrs/2019-10-01/full_ifrs-cor_2019-03-27.xsd#ifrs-full_ShorttermBorrowings" xlink:label="Loc_ifrs-full_ShorttermBorrowings" xlink:type="locator" />
    <link:label xlink:type="resource" xlink:role="http://www.xbrl.org/2003/role/label" xlink:label="Label_label_ifrs-full_ShorttermBorrowings_ko" xml:lang="ko" id="Label_label_ifrs-full_ShorttermBorrowings_ko">단기금융부채</link:label>
    <link:labelArc xlink:arcrole="http://www.xbrl.org/2003/arcrole/concept-label" xlink:from="Loc_ifrs-full_ShorttermBorrowings" xlink:to="Label_label_ifrs-full_ShorttermBorrowings_ko" xlink:type="arc" priority="1" />
    <link:loc xlink:href="http://dart.fss.or.kr/Resource/Taxonomy/ifrs/2019-10-01/full_ifrs-cor_2019-03-27.xsd#ifrs-full_TradeAndOtherCurrentPayables" xlink:label="Loc_ifrs-full_TradeAndOtherCurrentPayables" xlink:type="locator" />
    <link:label xlink:type="resource" xlink:role="http://www.xbrl.org/2003/role/label" xlink:label="Label_label_ifrs-full_TradeAndOtherCurrentPayables_ko" xml:lang="ko" id="Label_label_ifrs-full_TradeAndOtherCurrentPayables_ko">매입채무및기타채무</link:label>
    <link:labelArc xlink:arcrole="http://www.xbrl.org/2003/arcrole/concept-label" xlink:from="Loc_ifrs-full_TradeAndOtherCurrentPayables" xlink:to="Label_label_ifrs-full_TradeAndOtherCurrentPayables_ko" xlink:type="arc" priority="1" />
    <link:loc xlink:href="http://dart.fss.or.kr/Resource/Taxonomy/ifrs/2019-10-01/full_ifrs-cor_2019-03-27.xsd#ifrs-full_CurrentContractLiabilities" xlink:label="Loc_ifrs-full_CurrentContractLiabilities" xlink:type="locator" />
    <link:label xlink:type="resource" xlink:role="http://www.xbrl.org/2003/role/label" xlink:label="Label_label_ifrs-full_CurrentContractLiabilities_ko" xml:lang="ko" id="Label_label_ifrs-full_CurrentContractLiabilities_ko">계약부채</link:label>
    <link:labelArc xlink:arcrole="http://www.xbrl.org/2003/arcrole/concept-label" xlink:from="Loc_ifrs-full_CurrentContractLiabilities" xlink:to="Label_label_ifrs-full_CurrentContractLiabilities_ko" xlink:type="arc" priority="1" />
    <link:loc xlink:href="http://dart.fss.or.kr/Resource/Taxonomy/ifrs/2019-10-01/full_ifrs-cor_2019-03-27.xsd#ifrs-full_CurrentProvisions" xlink:label="Loc_ifrs-full_CurrentProvisions" xlink:type="locator" />
    <link:label xlink:type="resource" xlink:role="http://dart.fss.or.kr/role/2019-10-01/ifrs/dart_label" xlink:label="Label_dart_label_ifrs-full_CurrentProvisions_ko" xml:lang="ko" id="Label_dart_label_ifrs-full_CurrentProvisions_ko">충당부채</link:label>
    <link:labelArc xlink:arcrole="http://www.xbrl.org/2003/arcrole/concept-label" xlink:from="Loc_ifrs-full_CurrentProvisions" xlink:to="Label_dart_label_ifrs-full_CurrentProvisions_ko" xlink:type="arc" priority="1" />
    <link:loc xlink:href="http://dart.fss.or.kr/Resource/Taxonomy/ifrs/2019-10-01/full_ifrs-cor_2019-03-27.xsd#ifrs-full_CurrentLeaseLiabilities" xlink:label="Loc_ifrs-full_CurrentLeaseLiabilities" xlink:type="locator" />
    <link:label xlink:type="resource" xlink:role="http://www.xbrl.org/2003/role/label" xlink:label="Label_label_ifrs-full_CurrentLeaseLiabilities_ko" xml:lang="ko" id="Label_label_ifrs-full_CurrentLeaseLiabilities_ko">리스부채</link:label>
    <link:labelArc xlink:arcrole="http://www.xbrl.org/2003/arcrole/concept-label" xlink:from="Loc_ifrs-full_CurrentLeaseLiabilities" xlink:to="Label_label_ifrs-full_CurrentLeaseLiabilities_ko" xlink:type="arc" priority="1" />
    <link:loc xlink:href="http://dart.fss.or.kr/Resource/Taxonomy/ifrs/2019-10-01/dart_2019-10-01.xsd#dart_CurrentDerivativeLiabilities" xlink:label="Loc_dart_CurrentDerivativeLiabilities" xlink:type="locator" />
    <link:label xlink:type="resource" xlink:role="http://www.xbrl.org/2003/role/label" xlink:label="Label_label_dart_CurrentDerivativeLiabilities_ko" xml:lang="ko" id="Label_label_dart_CurrentDerivativeLiabilities_ko">파생상품부채</link:label>
    <link:labelArc xlink:arcrole="http://www.xbrl.org/2003/arcrole/concept-label" xlink:from="Loc_dart_CurrentDerivativeLiabilities" xlink:to="Label_label_dart_CurrentDerivativeLiabilities_ko" xlink:type="arc" priority="1" />
    <link:loc xlink:href="http://dart.fss.or.kr/Resource/Taxonomy/ifrs/2019-10-01/dart_2019-10-01.xsd#dart_CurrentFirmCommitmentLiabilities" xlink:label="Loc_dart_CurrentFirmCommitmentLiabilities" xlink:type="locator" />
    <link:label xlink:type="resource" xlink:role="http://www.xbrl.org/2003/role/label" xlink:label="Label_label_dart_CurrentFirmCommitmentLiabilities_ko" xml:lang="ko" id="Label_label_dart_CurrentFirmCommitmentLiabilities_ko">확정계약부채</link:label>
    <link:labelArc xlink:arcrole="http://www.xbrl.org/2003/arcrole/concept-label" xlink:from="Loc_dart_CurrentFirmCommitmentLiabilities" xlink:to="Label_label_dart_CurrentFirmCommitmentLiabilities_ko" xlink:type="arc" priority="1" />
    <link:loc xlink:href="http://dart.fss.or.kr/Resource/Taxonomy/ifrs/2019-10-01/dart_2019-10-01.xsd#dart_CurrentFinancialLiabilitiesHeldForTrading" xlink:label="Loc_dart_CurrentFinancialLiabilitiesHeldForTrading" xlink:type="locator" />
    <link:label xlink:type="resource" xlink:role="http://www.xbrl.org/2003/role/label" xlink:label="Label_label_dart_CurrentFinancialLiabilitiesHeldForTrading_ko" xml:lang="ko" id="Label_label_dart_CurrentFinancialLiabilitiesHeldForTrading_ko">단기금융부채</link:label>
    <link:labelArc xlink:arcrole="http://www.xbrl.org/2003/arcrole/concept-label" xlink:from="Loc_dart_CurrentFinancialLiabilitiesHeldForTrading" xlink:to="Label_label_dart_CurrentFinancialLiabilitiesHeldForTrading_ko" xlink:type="arc" priority="1" />
    <link:loc xlink:href="http://dart.fss.or.kr/Resource/Taxonomy/ifrs/2019-10-01/dart_2019-10-01.xsd#dart_LongTermTradeAndOtherNonCurrentPayables" xlink:label="Loc_dart_LongTermTradeAndOtherNonCurrentPayables" xlink:type="locator" />
    <link:label xlink:type="resource" xlink:role="http://www.xbrl.org/2003/role/label" xlink:label="Label_label_dart_LongTermTradeAndOtherNonCurrentPayables_ko" xml:lang="ko" id="Label_label_dart_LongTermTradeAndOtherNonCurrentPayables_ko">장기매입채무및기타채무</link:label>
    <link:labelArc xlink:arcrole="http://www.xbrl.org/2003/arcrole/concept-label" xlink:from="Loc_dart_LongTermTradeAndOtherNonCurrentPayables" xlink:to="Label_label_dart_LongTermTradeAndOtherNonCurrentPayables_ko" xlink:type="arc" priority="1" />
    <link:loc xlink:href="http://dart.fss.or.kr/Resource/Taxonomy/ifrs/2019-10-01/dart_2019-10-01.xsd#dart_PostemploymentBenefitObligations" xlink:label="Loc_dart_PostemploymentBenefitObligations" xlink:type="locator" />
    <link:label xlink:type="resource" xlink:role="http://www.xbrl.org/2003/role/label" xlink:label="Label_label_dart_PostemploymentBenefitObligations_ko" xml:lang="ko" id="Label_label_dart_PostemploymentBenefitObligations_ko">순확정급여부채</link:label>
    <link:labelArc xlink:arcrole="http://www.xbrl.org/2003/arcrole/concept-label" xlink:from="Loc_dart_PostemploymentBenefitObligations" xlink:to="Label_label_dart_PostemploymentBenefitObligations_ko" xlink:type="arc" priority="1" />
    <link:loc xlink:href="http://dart.fss.or.kr/Resource/Taxonomy/ifrs/2019-10-01/full_ifrs-cor_2019-03-27.xsd#ifrs-full_NoncurrentProvisions" xlink:label="Loc_ifrs-full_NoncurrentProvisions" xlink:type="locator" />
    <link:label xlink:type="resource" xlink:role="http://dart.fss.or.kr/role/2019-10-01/ifrs/dart_label" xlink:label="Label_dart_label_ifrs-full_NoncurrentProvisions_ko" xml:lang="ko" id="Label_dart_label_ifrs-full_NoncurrentProvisions_ko">충당부채</link:label>
    <link:labelArc xlink:arcrole="http://www.xbrl.org/2003/arcrole/concept-label" xlink:from="Loc_ifrs-full_NoncurrentProvisions" xlink:to="Label_dart_label_ifrs-full_NoncurrentProvisions_ko" xlink:type="arc" priority="1" />
    <link:loc xlink:href="http://dart.fss.or.kr/Resource/Taxonomy/ifrs/2019-10-01/full_ifrs-cor_2019-03-27.xsd#ifrs-full_NoncurrentLeaseLiabilities" xlink:label="Loc_ifrs-full_NoncurrentLeaseLiabilities" xlink:type="locator" />
    <link:label xlink:type="resource" xlink:role="http://www.xbrl.org/2003/role/label" xlink:label="Label_label_ifrs-full_NoncurrentLeaseLiabilities_ko" xml:lang="ko" id="Label_label_ifrs-full_NoncurrentLeaseLiabilities_ko">리스부채</link:label>
    <link:labelArc xlink:arcrole="http://www.xbrl.org/2003/arcrole/concept-label" xlink:from="Loc_ifrs-full_NoncurrentLeaseLiabilities" xlink:to="Label_label_ifrs-full_NoncurrentLeaseLiabilities_ko" xlink:type="arc" priority="1" />
    <link:loc xlink:href="http://dart.fss.or.kr/Resource/Taxonomy/ifrs/2019-10-01/dart_2019-10-01.xsd#dart_NonCurrentDerivativeLiabilities" xlink:label="Loc_dart_NonCurrentDerivativeLiabilities" xlink:type="locator" />
    <link:label xlink:type="resource" xlink:role="http://www.xbrl.org/2003/role/label" xlink:label="Label_label_dart_NonCurrentDerivativeLiabilities_ko" xml:lang="ko" id="Label_label_dart_NonCurrentDerivativeLiabilities_ko">파생상품부채</link:label>
    <link:labelArc xlink:arcrole="http://www.xbrl.org/2003/arcrole/concept-label" xlink:from="Loc_dart_NonCurrentDerivativeLiabilities" xlink:to="Label_label_dart_NonCurrentDerivativeLiabilities_ko" xlink:type="arc" priority="1" />
    <link:loc xlink:href="http://dart.fss.or.kr/Resource/Taxonomy/ifrs/2019-10-01/dart_2019-10-01.xsd#dart_NonCurrentFirmCommitmentLiabilities" xlink:label="Loc_dart_NonCurrentFirmCommitmentLiabilities" xlink:type="locator" />
    <link:label xlink:type="resource" xlink:role="http://www.xbrl.org/2003/role/label" xlink:label="Label_label_dart_NonCurrentFirmCommitmentLiabilities_ko" xml:lang="ko" id="Label_label_dart_NonCurrentFirmCommitmentLiabilities_ko">확정계약부채</link:label>
    <link:labelArc xlink:arcrole="http://www.xbrl.org/2003/arcrole/concept-label" xlink:from="Loc_dart_NonCurrentFirmCommitmentLiabilities" xlink:to="Label_label_dart_NonCurrentFirmCommitmentLiabilities_ko" xlink:type="arc" priority="1" />
    <link:loc xlink:href="http://dart.fss.or.kr/Resource/Taxonomy/ifrs/2019-10-01/dart_2019-10-01.xsd#dart_OtherCapitalAdjustments" xlink:label="Loc_dart_OtherCapitalAdjustments" xlink:type="locator" />
    <link:label xlink:type="resource" xlink:role="http://www.xbrl.org/2003/role/label" xlink:label="Label_label_dart_OtherCapitalAdjustments_ko" xml:lang="ko" id="Label_label_dart_OtherCapitalAdjustments_ko">자본조정</link:label>
    <link:labelArc xlink:arcrole="http://www.xbrl.org/2003/arcrole/concept-label" xlink:from="Loc_dart_OtherCapitalAdjustments" xlink:to="Label_label_dart_OtherCapitalAdjustments_ko" xlink:type="arc" priority="1" />
    <link:loc xlink:href="http://dart.fss.or.kr/Resource/Taxonomy/ifrs/2019-10-01/full_ifrs-cor_2019-03-27.xsd#ifrs-full_RetainedEarnings" xlink:label="Loc_ifrs-full_RetainedEarnings" xlink:type="locator" />
    <link:label xlink:type="resource" xlink:role="http://dart.fss.or.kr/role/2019-10-01/ifrs/dart_label" xlink:label="Label_dart_label_ifrs-full_RetainedEarnings_ko" xml:lang="ko" id="Label_dart_label_ifrs-full_RetainedEarnings_ko">이익잉여금</link:label>
    <link:labelArc xlink:arcrole="http://www.xbrl.org/2003/arcrole/concept-label" xlink:from="Loc_ifrs-full_RetainedEarnings" xlink:to="Label_dart_label_ifrs-full_RetainedEarnings_ko" xlink:type="arc" priority="1" />
    <link:loc xlink:href="http://dart.fss.or.kr/Resource/Taxonomy/ifrs/2019-10-01/full_ifrs-cor_2019-03-27.xsd#ifrs-full_EquityAndLiabilities" xlink:label="Loc_ifrs-full_EquityAndLiabilities" xlink:type="locator" />
    <link:label xlink:type="resource" xlink:role="http://www.xbrl.org/2003/role/totalLabel" xlink:label="Label_totalLabel_ifrs-full_EquityAndLiabilities_ko" xml:lang="ko" id="Label_totalLabel_ifrs-full_EquityAndLiabilities_ko">부채및자본총계</link:label>
    <link:labelArc xlink:arcrole="http://www.xbrl.org/2003/arcrole/concept-label" xlink:from="Loc_ifrs-full_EquityAndLiabilities" xlink:to="Label_totalLabel_ifrs-full_EquityAndLiabilities_ko" xlink:type="arc" priority="1" />
    <link:loc xlink:href="http://dart.fss.or.kr/Resource/Taxonomy/ifrs/2019-10-01/full_ifrs-cor_2019-03-27.xsd#ifrs-full_EquityAttributableToOwnersOfParent" xlink:label="Loc_ifrs-full_EquityAttributableToOwnersOfParent" xlink:type="locator" />
    <link:label xlink:type="resource" xlink:role="http://dart.fss.or.kr/role/2019-10-01/ifrs/dart_label" xlink:label="Label_dart_label_ifrs-full_EquityAttributableToOwnersOfParent_ko" xml:lang="ko" id="Label_dart_label_ifrs-full_EquityAttributableToOwnersOfParent_ko">지배기업의 소유주지분</link:label>
    <link:labelArc xlink:arcrole="http://www.xbrl.org/2003/arcrole/concept-label" xlink:from="Loc_ifrs-full_EquityAttributableToOwnersOfParent" xlink:to="Label_dart_label_ifrs-full_EquityAttributableToOwnersOfParent_ko" xlink:type="arc" priority="1" />
  </link:labelLink>
</link:linkbase>