<?xml version="1.0" encoding="UTF-8"?>
<!-- Generated by DART -->
<link:linkbase xmlns:link="http://www.xbrl.org/2003/linkbase" xmlns:xlink="http://www.w3.org/1999/xlink" xmlns:xsi="http://www.w3.org/2001/XMLSchema-instance" xmlns:xbrli="http://www.xbrl.org/2003/instance" xsi:schemaLocation="http://www.xbrl.org/2003/linkbase http://www.xbrl.org/2003/xbrl-linkbase-2003-12-31.xsd">
  <link:roleRef roleURI="http://www.xbrl.org/2009/role/negatedLabel" xlink:type="simple" xlink:href="http://www.xbrl.org/lrr/role/negated-2009-12-16.xsd#negatedLabel" />
  <link:roleRef roleURI="http://www.xbrl.org/2009/role/negatedTerseLabel" xlink:type="simple" xlink:href="http://www.xbrl.org/lrr/role/negated-2009-12-16.xsd#negatedTerseLabel" />
  <link:roleRef roleURI="http://www.xbrl.org/2009/role/negatedTotalLabel" xlink:type="simple" xlink:href="http://www.xbrl.org/lrr/role/negated-2009-12-16.xsd#negatedTotalLabel" />
  <link:roleRef roleURI="http://www.xbrl.org/2009/role/negatedPeriodStartLabel" xlink:type="simple" xlink:href="http://www.xbrl.org/lrr/role/negated-2009-12-16.xsd#negatedPeriodStartLabel" />
  <link:roleRef roleURI="http://www.xbrl.org/2009/role/negatedPeriodEndLabel" xlink:type="simple" xlink:href="http://www.xbrl.org/lrr/role/negated-2009-12-16.xsd#negatedPeriodEndLabel" />
  <link:roleRef roleURI="http://www.xbrl.org/2009/role/netLabel" xlink:type="simple" xlink:href="http://www.xbrl.org/lrr/role/net-2009-12-16.xsd#netLabel" />
  <link:roleRef roleURI="http://dart.fss.or.kr/role/2019-10-01/ifrs/dart_label" xlink:type="simple" xlink:href="http://dart.fss.or.kr/Resource/Taxonomy/ifrs/2019-10-01/ifrs_for_dart/rol_dart-label_2019-10-01.xsd#dartLabel" />
  <link:labelLink xlink:type="extended" xlink:role="http://www.xbrl.org/2003/role/link">
    <link:loc xlink:href="../00105952_entry_point_2011-05-23.xsd#entity00105952_udf_IS_20171113151834177_StatementOfComprehensiveIncomeAbstract" xlink:label="Loc_entity00105952_udf_IS_20171113151834177_StatementOfComprehensiveIncomeAbstract" xlink:type="locator" />
    <link:label xlink:type="resource" xlink:role="http://www.xbrl.org/2003/role/label" xlink:label="Label_label_entity00105952_udf_IS_20171113151834177_StatementOfComprehensiveIncomeAbstract_en" xml:lang="en" id="Label_label_entity00105952_udf_IS_20171113151834177_StatementOfComprehensiveIncomeAbstract_en">Revenues</link:label>
    <link:labelArc xlink:arcrole="http://www.xbrl.org/2003/arcrole/concept-label" xlink:from="Loc_entity00105952_udf_IS_20171113151834177_StatementOfComprehensiveIncomeAbstract" xlink:to="Label_label_entity00105952_udf_IS_20171113151834177_StatementOfComprehensiveIncomeAbstract_en" xlink:type="arc" />
    <link:label xlink:type="resource" xlink:role="http://www.xbrl.org/2003/role/documentation" xlink:label="Label_entity00105952_udf_IS_20171113151834177_StatementOfComprehensiveIncomeAbstract_en_doc" xml:lang="en">
    </link:label>
    <link:labelArc xlink:arcrole="http://www.xbrl.org/2003/arcrole/concept-label" xlink:from="Loc_entity00105952_udf_IS_20171113151834177_StatementOfComprehensiveIncomeAbstract" xlink:to="Label_entity00105952_udf_IS_20171113151834177_StatementOfComprehensiveIncomeAbstract_en_doc" xlink:type="arc" />
    <link:loc xlink:href="../00105952_entry_point_2011-05-23.xsd#entity00105952_udf_IS_2020327112715211_udf_IS_20171113151834177_StatementOfComprehensiveIncomeAbstract" xlink:label="Loc_entity00105952_udf_IS_2020327112715211_udf_IS_20171113151834177_StatementOfComprehensiveIncomeAbstract" xlink:type="locator" />
    <link:label xlink:type="resource" xlink:role="http://www.xbrl.org/2003/role/label" xlink:label="Label_label_entity00105952_udf_IS_2020327112715211_udf_IS_20171113151834177_StatementOfComprehensiveIncomeAbstract_en" xml:lang="en" id="Label_label_entity00105952_udf_IS_2020327112715211_udf_IS_20171113151834177_StatementOfComprehensiveIncomeAbstract_en">Profits of using equity method</link:label>
    <link:labelArc xlink:arcrole="http://www.xbrl.org/2003/arcrole/concept-label" xlink:from="Loc_entity00105952_udf_IS_2020327112715211_udf_IS_20171113151834177_StatementOfComprehensiveIncomeAbstract" xlink:to="Label_label_entity00105952_udf_IS_2020327112715211_udf_IS_20171113151834177_StatementOfComprehensiveIncomeAbstract_en" xlink:type="arc" />
    <link:label xlink:type="resource" xlink:role="http://www.xbrl.org/2003/role/documentation" xlink:label="Label_entity00105952_udf_IS_2020327112715211_udf_IS_20171113151834177_StatementOfComprehensiveIncomeAbstract_en_doc" xml:lang="en">
    </link:label>
    <link:labelArc xlink:arcrole="http://www.xbrl.org/2003/arcrole/concept-label" xlink:from="Loc_entity00105952_udf_IS_2020327112715211_udf_IS_20171113151834177_StatementOfComprehensiveIncomeAbstract" xlink:to="Label_entity00105952_udf_IS_2020327112715211_udf_IS_20171113151834177_StatementOfComprehensiveIncomeAbstract_en_doc" xlink:type="arc" />
    <link:loc xlink:href="../00105952_entry_point_2011-05-23.xsd#entity00105952_udf_IS_201711131519247_udf_IS_20171113151834177_StatementOfComprehensiveIncomeAbstract" xlink:label="Loc_entity00105952_udf_IS_201711131519247_udf_IS_20171113151834177_StatementOfComprehensiveIncomeAbstract" xlink:type="locator" />
    <link:label xlink:type="resource" xlink:role="http://www.xbrl.org/2003/role/label" xlink:label="Label_label_entity00105952_udf_IS_201711131519247_udf_IS_20171113151834177_StatementOfComprehensiveIncomeAbstract_en" xml:lang="en" id="Label_label_entity00105952_udf_IS_201711131519247_udf_IS_20171113151834177_StatementOfComprehensiveIncomeAbstract_en">Revenue from rendering of services education</link:label>
    <link:labelArc xlink:arcrole="http://www.xbrl.org/2003/arcrole/concept-label" xlink:from="Loc_entity00105952_udf_IS_201711131519247_udf_IS_20171113151834177_StatementOfComprehensiveIncomeAbstract" xlink:to="Label_label_entity00105952_udf_IS_201711131519247_udf_IS_20171113151834177_StatementOfComprehensiveIncomeAbstract_en" xlink:type="arc" />
    <link:label xlink:type="resource" xlink:role="http://www.xbrl.org/2003/role/documentation" xlink:label="Label_entity00105952_udf_IS_201711131519247_udf_IS_20171113151834177_StatementOfComprehensiveIncomeAbstract_en_doc" xml:lang="en">
    </link:label>
    <link:labelArc xlink:arcrole="http://www.xbrl.org/2003/arcrole/concept-label" xlink:from="Loc_entity00105952_udf_IS_201711131519247_udf_IS_20171113151834177_StatementOfComprehensiveIncomeAbstract" xlink:to="Label_entity00105952_udf_IS_201711131519247_udf_IS_20171113151834177_StatementOfComprehensiveIncomeAbstract_en_doc" xlink:type="arc" />
    <link:loc xlink:href="../00105952_entry_point_2011-05-23.xsd#entity00105952_udf_IS_20188131552574_udf_IS_20171113151834177_StatementOfComprehensiveIncomeAbstract" xlink:label="Loc_entity00105952_udf_IS_20188131552574_udf_IS_20171113151834177_StatementOfComprehensiveIncomeAbstract" xlink:type="locator" />
    <link:label xlink:type="resource" xlink:role="http://www.xbrl.org/2003/role/label" xlink:label="Label_label_entity00105952_udf_IS_20188131552574_udf_IS_20171113151834177_StatementOfComprehensiveIncomeAbstract_en" xml:lang="en" id="Label_label_entity00105952_udf_IS_20188131552574_udf_IS_20171113151834177_StatementOfComprehensiveIncomeAbstract_en">Royalty revenue</link:label>
    <link:labelArc xlink:arcrole="http://www.xbrl.org/2003/arcrole/concept-label" xlink:from="Loc_entity00105952_udf_IS_20188131552574_udf_IS_20171113151834177_StatementOfComprehensiveIncomeAbstract" xlink:to="Label_label_entity00105952_udf_IS_20188131552574_udf_IS_20171113151834177_StatementOfComprehensiveIncomeAbstract_en" xlink:type="arc" />
    <link:label xlink:type="resource" xlink:role="http://www.xbrl.org/2003/role/documentation" xlink:label="Label_entity00105952_udf_IS_20188131552574_udf_IS_20171113151834177_StatementOfComprehensiveIncomeAbstract_en_doc" xml:lang="en">
    </link:label>
    <link:labelArc xlink:arcrole="http://www.xbrl.org/2003/arcrole/concept-label" xlink:from="Loc_entity00105952_udf_IS_20188131552574_udf_IS_20171113151834177_StatementOfComprehensiveIncomeAbstract" xlink:to="Label_entity00105952_udf_IS_20188131552574_udf_IS_20171113151834177_StatementOfComprehensiveIncomeAbstract_en_doc" xlink:type="arc" />
    <link:loc xlink:href="../00105952_entry_point_2011-05-23.xsd#entity00105952_udf_IS_2023321124429167_udf_IS_20171113151834177_StatementOfComprehensiveIncomeAbstract" xlink:label="Loc_entity00105952_udf_IS_2023321124429167_udf_IS_20171113151834177_StatementOfComprehensiveIncomeAbstract" xlink:type="locator" />
    <link:label xlink:type="resource" xlink:role="http://www.xbrl.org/2003/role/label" xlink:label="Label_label_entity00105952_udf_IS_2023321124429167_udf_IS_20171113151834177_StatementOfComprehensiveIncomeAbstract_en" xml:lang="en" id="Label_label_entity00105952_udf_IS_2023321124429167_udf_IS_20171113151834177_StatementOfComprehensiveIncomeAbstract_en">Dividend income</link:label>
    <link:labelArc xlink:arcrole="http://www.xbrl.org/2003/arcrole/concept-label" xlink:from="Loc_entity00105952_udf_IS_2023321124429167_udf_IS_20171113151834177_StatementOfComprehensiveIncomeAbstract" xlink:to="Label_label_entity00105952_udf_IS_2023321124429167_udf_IS_20171113151834177_StatementOfComprehensiveIncomeAbstract_en" xlink:type="arc" />
    <link:label xlink:type="resource" xlink:role="http://www.xbrl.org/2003/role/documentation" xlink:label="Label_entity00105952_udf_IS_2023321124429167_udf_IS_20171113151834177_StatementOfComprehensiveIncomeAbstract_en_doc" xml:lang="en">
    </link:label>
    <link:labelArc xlink:arcrole="http://www.xbrl.org/2003/arcrole/concept-label" xlink:from="Loc_entity00105952_udf_IS_2023321124429167_udf_IS_20171113151834177_StatementOfComprehensiveIncomeAbstract" xlink:to="Label_entity00105952_udf_IS_2023321124429167_udf_IS_20171113151834177_StatementOfComprehensiveIncomeAbstract_en_doc" xlink:type="arc" />
    <link:loc xlink:href="../00105952_entry_point_2011-05-23.xsd#entity00105952_udf_IS_2017111315226607_udf_IS_20171113151834177_StatementOfComprehensiveIncomeAbstract" xlink:label="Loc_entity00105952_udf_IS_2017111315226607_udf_IS_20171113151834177_StatementOfComprehensiveIncomeAbstract" xlink:type="locator" />
    <link:label xlink:type="resource" xlink:role="http://www.xbrl.org/2003/role/label" xlink:label="Label_label_entity00105952_udf_IS_2017111315226607_udf_IS_20171113151834177_StatementOfComprehensiveIncomeAbstract_en" xml:lang="en" id="Label_label_entity00105952_udf_IS_2017111315226607_udf_IS_20171113151834177_StatementOfComprehensiveIncomeAbstract_en">Revenue from rendering of services commission</link:label>
    <link:labelArc xlink:arcrole="http://www.xbrl.org/2003/arcrole/concept-label" xlink:from="Loc_entity00105952_udf_IS_2017111315226607_udf_IS_20171113151834177_StatementOfComprehensiveIncomeAbstract" xlink:to="Label_label_entity00105952_udf_IS_2017111315226607_udf_IS_20171113151834177_StatementOfComprehensiveIncomeAbstract_en" xlink:type="arc" />
    <link:label xlink:type="resource" xlink:role="http://www.xbrl.org/2003/role/documentation" xlink:label="Label_entity00105952_udf_IS_2017111315226607_udf_IS_20171113151834177_StatementOfComprehensiveIncomeAbstract_en_doc" xml:lang="en">
    </link:label>
    <link:labelArc xlink:arcrole="http://www.xbrl.org/2003/arcrole/concept-label" xlink:from="Loc_entity00105952_udf_IS_2017111315226607_udf_IS_20171113151834177_StatementOfComprehensiveIncomeAbstract" xlink:to="Label_entity00105952_udf_IS_2017111315226607_udf_IS_20171113151834177_StatementOfComprehensiveIncomeAbstract_en_doc" xlink:type="arc" />
    <link:loc xlink:href="../00105952_entry_point_2011-05-23.xsd#entity00105952_udf_IS_20171031141410392_StatementOfComprehensiveIncomeAbstract" xlink:label="Loc_entity00105952_udf_IS_20171031141410392_StatementOfComprehensiveIncomeAbstract" xlink:type="locator" />
    <link:label xlink:type="resource" xlink:role="http://www.xbrl.org/2003/role/label" xlink:label="Label_label_entity00105952_udf_IS_20171031141410392_StatementOfComprehensiveIncomeAbstract_en" xml:lang="en" id="Label_label_entity00105952_udf_IS_20171031141410392_StatementOfComprehensiveIncomeAbstract_en">Expenses</link:label>
    <link:labelArc xlink:arcrole="http://www.xbrl.org/2003/arcrole/concept-label" xlink:from="Loc_entity00105952_udf_IS_20171031141410392_StatementOfComprehensiveIncomeAbstract" xlink:to="Label_label_entity00105952_udf_IS_20171031141410392_StatementOfComprehensiveIncomeAbstract_en" xlink:type="arc" />
    <link:label xlink:type="resource" xlink:role="http://www.xbrl.org/2003/role/documentation" xlink:label="Label_entity00105952_udf_IS_20171031141410392_StatementOfComprehensiveIncomeAbstract_en_doc" xml:lang="en">
    </link:label>
    <link:labelArc xlink:arcrole="http://www.xbrl.org/2003/arcrole/concept-label" xlink:from="Loc_entity00105952_udf_IS_20171031141410392_StatementOfComprehensiveIncomeAbstract" xlink:to="Label_entity00105952_udf_IS_20171031141410392_StatementOfComprehensiveIncomeAbstract_en_doc" xlink:type="arc" />
    <link:loc xlink:href="../00105952_entry_point_2011-05-23.xsd#entity00105952_udf_IS_20171031141611904_udf_IS_20171031141410392_StatementOfComprehensiveIncomeAbstract" xlink:label="Loc_entity00105952_udf_IS_20171031141611904_udf_IS_20171031141410392_StatementOfComprehensiveIncomeAbstract" xlink:type="locator" />
    <link:label xlink:type="resource" xlink:role="http://www.xbrl.org/2003/role/label" xlink:label="Label_label_entity00105952_udf_IS_20171031141611904_udf_IS_20171031141410392_StatementOfComprehensiveIncomeAbstract_en" xml:lang="en" id="Label_label_entity00105952_udf_IS_20171031141611904_udf_IS_20171031141410392_StatementOfComprehensiveIncomeAbstract_en">Personal expense</link:label>
    <link:labelArc xlink:arcrole="http://www.xbrl.org/2003/arcrole/concept-label" xlink:from="Loc_entity00105952_udf_IS_20171031141611904_udf_IS_20171031141410392_StatementOfComprehensiveIncomeAbstract" xlink:to="Label_label_entity00105952_udf_IS_20171031141611904_udf_IS_20171031141410392_StatementOfComprehensiveIncomeAbstract_en" xlink:type="arc" />
    <link:label xlink:type="resource" xlink:role="http://www.xbrl.org/2003/role/documentation" xlink:label="Label_entity00105952_udf_IS_20171031141611904_udf_IS_20171031141410392_StatementOfComprehensiveIncomeAbstract_en_doc" xml:lang="en">
    </link:label>
    <link:labelArc xlink:arcrole="http://www.xbrl.org/2003/arcrole/concept-label" xlink:from="Loc_entity00105952_udf_IS_20171031141611904_udf_IS_20171031141410392_StatementOfComprehensiveIncomeAbstract" xlink:to="Label_entity00105952_udf_IS_20171031141611904_udf_IS_20171031141410392_StatementOfComprehensiveIncomeAbstract_en_doc" xlink:type="arc" />
    <link:loc xlink:href="../00105952_entry_point_2011-05-23.xsd#entity00105952_udf_IS_20171031141822450_udf_IS_20171031141410392_StatementOfComprehensiveIncomeAbstract" xlink:label="Loc_entity00105952_udf_IS_20171031141822450_udf_IS_20171031141410392_StatementOfComprehensiveIncomeAbstract" xlink:type="locator" />
    <link:label xlink:type="resource" xlink:role="http://www.xbrl.org/2003/role/label" xlink:label="Label_label_entity00105952_udf_IS_20171031141822450_udf_IS_20171031141410392_StatementOfComprehensiveIncomeAbstract_en" xml:lang="en" id="Label_label_entity00105952_udf_IS_20171031141822450_udf_IS_20171031141410392_StatementOfComprehensiveIncomeAbstract_en">Depreciation expense</link:label>
    <link:labelArc xlink:arcrole="http://www.xbrl.org/2003/arcrole/concept-label" xlink:from="Loc_entity00105952_udf_IS_20171031141822450_udf_IS_20171031141410392_StatementOfComprehensiveIncomeAbstract" xlink:to="Label_label_entity00105952_udf_IS_20171031141822450_udf_IS_20171031141410392_StatementOfComprehensiveIncomeAbstract_en" xlink:type="arc" />
    <link:label xlink:type="resource" xlink:role="http://www.xbrl.org/2003/role/documentation" xlink:label="Label_entity00105952_udf_IS_20171031141822450_udf_IS_20171031141410392_StatementOfComprehensiveIncomeAbstract_en_doc" xml:lang="en">
    </link:label>
    <link:labelArc xlink:arcrole="http://www.xbrl.org/2003/arcrole/concept-label" xlink:from="Loc_entity00105952_udf_IS_20171031141822450_udf_IS_20171031141410392_StatementOfComprehensiveIncomeAbstract" xlink:to="Label_entity00105952_udf_IS_20171031141822450_udf_IS_20171031141410392_StatementOfComprehensiveIncomeAbstract_en_doc" xlink:type="arc" />
    <link:loc xlink:href="../00105952_entry_point_2011-05-23.xsd#entity00105952_udf_IS_20171031141913605_udf_IS_20171031141410392_StatementOfComprehensiveIncomeAbstract" xlink:label="Loc_entity00105952_udf_IS_20171031141913605_udf_IS_20171031141410392_StatementOfComprehensiveIncomeAbstract" xlink:type="locator" />
    <link:label xlink:type="resource" xlink:role="http://www.xbrl.org/2003/role/label" xlink:label="Label_label_entity00105952_udf_IS_20171031141913605_udf_IS_20171031141410392_StatementOfComprehensiveIncomeAbstract_en" xml:lang="en" id="Label_label_entity00105952_udf_IS_20171031141913605_udf_IS_20171031141410392_StatementOfComprehensiveIncomeAbstract_en">Miscellaneous expenses</link:label>
    <link:labelArc xlink:arcrole="http://www.xbrl.org/2003/arcrole/concept-label" xlink:from="Loc_entity00105952_udf_IS_20171031141913605_udf_IS_20171031141410392_StatementOfComprehensiveIncomeAbstract" xlink:to="Label_label_entity00105952_udf_IS_20171031141913605_udf_IS_20171031141410392_StatementOfComprehensiveIncomeAbstract_en" xlink:type="arc" />
    <link:label xlink:type="resource" xlink:role="http://www.xbrl.org/2003/role/documentation" xlink:label="Label_entity00105952_udf_IS_20171031141913605_udf_IS_20171031141410392_StatementOfComprehensiveIncomeAbstract_en_doc" xml:lang="en">
    </link:label>
    <link:labelArc xlink:arcrole="http://www.xbrl.org/2003/arcrole/concept-label" xlink:from="Loc_entity00105952_udf_IS_20171031141913605_udf_IS_20171031141410392_StatementOfComprehensiveIncomeAbstract" xlink:to="Label_entity00105952_udf_IS_20171031141913605_udf_IS_20171031141410392_StatementOfComprehensiveIncomeAbstract_en_doc" xlink:type="arc" />
    <link:loc xlink:href="../00105952_entry_point_2011-05-23.xsd#entity00105952_udf_IS_2017102795433919_StatementOfComprehensiveIncomeAbstract" xlink:label="Loc_entity00105952_udf_IS_2017102795433919_StatementOfComprehensiveIncomeAbstract" xlink:type="locator" />
    <link:label xlink:type="resource" xlink:role="http://www.xbrl.org/2003/role/label" xlink:label="Label_label_entity00105952_udf_IS_2017102795433919_StatementOfComprehensiveIncomeAbstract_en" xml:lang="en" id="Label_label_entity00105952_udf_IS_2017102795433919_StatementOfComprehensiveIncomeAbstract_en">Other non-operating profit or loss</link:label>
    <link:labelArc xlink:arcrole="http://www.xbrl.org/2003/arcrole/concept-label" xlink:from="Loc_entity00105952_udf_IS_2017102795433919_StatementOfComprehensiveIncomeAbstract" xlink:to="Label_label_entity00105952_udf_IS_2017102795433919_StatementOfComprehensiveIncomeAbstract_en" xlink:type="arc" />
    <link:label xlink:type="resource" xlink:role="http://www.xbrl.org/2003/role/documentation" xlink:label="Label_entity00105952_udf_IS_2017102795433919_StatementOfComprehensiveIncomeAbstract_en_doc" xml:lang="en">
    </link:label>
    <link:labelArc xlink:arcrole="http://www.xbrl.org/2003/arcrole/concept-label" xlink:from="Loc_entity00105952_udf_IS_2017102795433919_StatementOfComprehensiveIncomeAbstract" xlink:to="Label_entity00105952_udf_IS_2017102795433919_StatementOfComprehensiveIncomeAbstract_en_doc" xlink:type="arc" />
    <link:loc xlink:href="../00105952_entry_point_2011-05-23.xsd#entity00105952_udf_IS_20211112211248844_OtherComprehensiveIncomeThatWillNotBeReclassifiedToProfitOrLossNetOfTax" xlink:label="Loc_entity00105952_udf_IS_20211112211248844_OtherComprehensiveIncomeThatWillNotBeReclassifiedToProfitOrLossNetOfTax" xlink:type="locator" />
    <link:label xlink:type="resource" xlink:role="http://www.xbrl.org/2003/role/label" xlink:label="Label_label_entity00105952_udf_IS_20211112211248844_OtherComprehensiveIncomeThatWillNotBeReclassifiedToProfitOrLossNetOfTax_en" xml:lang="en" id="Label_label_entity00105952_udf_IS_20211112211248844_OtherComprehensiveIncomeThatWillNotBeReclassifiedToProfitOrLossNetOfTax_en">Gains and Losses On Remeasuring Financial asset at fair value through other comprehensive income</link:label>
    <link:labelArc xlink:arcrole="http://www.xbrl.org/2003/arcrole/concept-label" xlink:from="Loc_entity00105952_udf_IS_20211112211248844_OtherComprehensiveIncomeThatWillNotBeReclassifiedToProfitOrLossNetOfTax" xlink:to="Label_label_entity00105952_udf_IS_20211112211248844_OtherComprehensiveIncomeThatWillNotBeReclassifiedToProfitOrLossNetOfTax_en" xlink:type="arc" />
    <link:label xlink:type="resource" xlink:role="http://www.xbrl.org/2003/role/documentation" xlink:label="Label_entity00105952_udf_IS_20211112211248844_OtherComprehensiveIncomeThatWillNotBeReclassifiedToProfitOrLossNetOfTax_en_doc" xml:lang="en">
    </link:label>
    <link:labelArc xlink:arcrole="http://www.xbrl.org/2003/arcrole/concept-label" xlink:from="Loc_entity00105952_udf_IS_20211112211248844_OtherComprehensiveIncomeThatWillNotBeReclassifiedToProfitOrLossNetOfTax" xlink:to="Label_entity00105952_udf_IS_20211112211248844_OtherComprehensiveIncomeThatWillNotBeReclassifiedToProfitOrLossNetOfTax_en_doc" xlink:type="arc" />
    <link:loc xlink:href="http://dart.fss.or.kr/Resource/Taxonomy/ifrs/2019-10-01/dart_2019-10-01.xsd#dart_ShareOfOtherComprehensiveIncomeOfAssociatesAndJointVenturesAccountedForUsingEquityMethodThatWillBeReclassifiedToProfitOrLossNetOfTax" xlink:label="Loc_dart_ShareOfOtherComprehensiveIncomeOfAssociatesAndJointVenturesAccountedForUsingEquityMethodThatWillBeReclassifiedToProfitOrLossNetOfTax" xlink:type="locator" />
    <link:label xlink:type="resource" xlink:role="http://dart.fss.or.kr/role/2019-10-01/ifrs/dart_label" xlink:label="Label_dart_label_dart_ShareOfOtherComprehensiveIncomeOfAssociatesAndJointVenturesAccountedForUsingEquityMethodThatWillBeReclassifiedToProfitOrLossNetOfTax_en" xml:lang="en" id="Label_dart_label_dart_ShareOfOtherComprehensiveIncomeOfAssociatesAndJointVenturesAccountedForUsingEquityMethodThatWillBeReclassifiedToProfitOrLossNetOfTax_en">Share of other comprehensive income of using equity method that will be reclassified to profit or loss, net of tax</link:label>
    <link:labelArc xlink:arcrole="http://www.xbrl.org/2003/arcrole/concept-label" xlink:from="Loc_dart_ShareOfOtherComprehensiveIncomeOfAssociatesAndJointVenturesAccountedForUsingEquityMethodThatWillBeReclassifiedToProfitOrLossNetOfTax" xlink:to="Label_dart_label_dart_ShareOfOtherComprehensiveIncomeOfAssociatesAndJointVenturesAccountedForUsingEquityMethodThatWillBeReclassifiedToProfitOrLossNetOfTax_en" xlink:type="arc" priority="1" />
    <link:loc xlink:href="../00105952_entry_point_2011-05-23.xsd#entity00105952_udf_IS_2017102614492674_StatementOfComprehensiveIncomeAbstract" xlink:label="Loc_entity00105952_udf_IS_2017102614492674_StatementOfComprehensiveIncomeAbstract" xlink:type="locator" />
    <link:label xlink:type="resource" xlink:role="http://www.xbrl.org/2003/role/label" xlink:label="Label_label_entity00105952_udf_IS_2017102614492674_StatementOfComprehensiveIncomeAbstract_en" xml:lang="en" id="Label_label_entity00105952_udf_IS_2017102614492674_StatementOfComprehensiveIncomeAbstract_en">Profits of associates and joint ventures accounted for using equity method</link:label>
    <link:labelArc xlink:arcrole="http://www.xbrl.org/2003/arcrole/concept-label" xlink:from="Loc_entity00105952_udf_IS_2017102614492674_StatementOfComprehensiveIncomeAbstract" xlink:to="Label_label_entity00105952_udf_IS_2017102614492674_StatementOfComprehensiveIncomeAbstract_en" xlink:type="arc" />
    <link:label xlink:type="resource" xlink:role="http://www.xbrl.org/2003/role/documentation" xlink:label="Label_entity00105952_udf_IS_2017102614492674_StatementOfComprehensiveIncomeAbstract_en_doc" xml:lang="en">
    </link:label>
    <link:labelArc xlink:arcrole="http://www.xbrl.org/2003/arcrole/concept-label" xlink:from="Loc_entity00105952_udf_IS_2017102614492674_StatementOfComprehensiveIncomeAbstract" xlink:to="Label_entity00105952_udf_IS_2017102614492674_StatementOfComprehensiveIncomeAbstract_en_doc" xlink:type="arc" />
    <link:loc xlink:href="../00105952_entry_point_2011-05-23.xsd#entity00105952_udf_IS_20171026145135422_StatementOfComprehensiveIncomeAbstract" xlink:label="Loc_entity00105952_udf_IS_20171026145135422_StatementOfComprehensiveIncomeAbstract" xlink:type="locator" />
    <link:label xlink:type="resource" xlink:role="http://www.xbrl.org/2003/role/label" xlink:label="Label_label_entity00105952_udf_IS_20171026145135422_StatementOfComprehensiveIncomeAbstract_en" xml:lang="en" id="Label_label_entity00105952_udf_IS_20171026145135422_StatementOfComprehensiveIncomeAbstract_en">Other non-operating profit or loss</link:label>
    <link:labelArc xlink:arcrole="http://www.xbrl.org/2003/arcrole/concept-label" xlink:from="Loc_entity00105952_udf_IS_20171026145135422_StatementOfComprehensiveIncomeAbstract" xlink:to="Label_label_entity00105952_udf_IS_20171026145135422_StatementOfComprehensiveIncomeAbstract_en" xlink:type="arc" />
    <link:label xlink:type="resource" xlink:role="http://www.xbrl.org/2003/role/documentation" xlink:label="Label_entity00105952_udf_IS_20171026145135422_StatementOfComprehensiveIncomeAbstract_en_doc" xml:lang="en">
    </link:label>
    <link:labelArc xlink:arcrole="http://www.xbrl.org/2003/arcrole/concept-label" xlink:from="Loc_entity00105952_udf_IS_20171026145135422_StatementOfComprehensiveIncomeAbstract" xlink:to="Label_entity00105952_udf_IS_20171026145135422_StatementOfComprehensiveIncomeAbstract_en_doc" xlink:type="arc" />
    <link:loc xlink:href="../00105952_entry_point_2011-05-23.xsd#entity00105952_udf_IS_2018511132539365_OtherComprehensiveIncomeThatWillNotBeReclassifiedToProfitOrLossNetOfTax" xlink:label="Loc_entity00105952_udf_IS_2018511132539365_OtherComprehensiveIncomeThatWillNotBeReclassifiedToProfitOrLossNetOfTax" xlink:type="locator" />
    <link:label xlink:type="resource" xlink:role="http://www.xbrl.org/2003/role/label" xlink:label="Label_label_entity00105952_udf_IS_2018511132539365_OtherComprehensiveIncomeThatWillNotBeReclassifiedToProfitOrLossNetOfTax_en" xml:lang="en" id="Label_label_entity00105952_udf_IS_2018511132539365_OtherComprehensiveIncomeThatWillNotBeReclassifiedToProfitOrLossNetOfTax_en">Gains and  Losses On Remeasuring Financial asset at fair value through other comprehensive income</link:label>
    <link:labelArc xlink:arcrole="http://www.xbrl.org/2003/arcrole/concept-label" xlink:from="Loc_entity00105952_udf_IS_2018511132539365_OtherComprehensiveIncomeThatWillNotBeReclassifiedToProfitOrLossNetOfTax" xlink:to="Label_label_entity00105952_udf_IS_2018511132539365_OtherComprehensiveIncomeThatWillNotBeReclassifiedToProfitOrLossNetOfTax_en" xlink:type="arc" />
    <link:label xlink:type="resource" xlink:role="http://www.xbrl.org/2003/role/documentation" xlink:label="Label_entity00105952_udf_IS_2018511132539365_OtherComprehensiveIncomeThatWillNotBeReclassifiedToProfitOrLossNetOfTax_en_doc" xml:lang="en">
    </link:label>
    <link:labelArc xlink:arcrole="http://www.xbrl.org/2003/arcrole/concept-label" xlink:from="Loc_entity00105952_udf_IS_2018511132539365_OtherComprehensiveIncomeThatWillNotBeReclassifiedToProfitOrLossNetOfTax" xlink:to="Label_entity00105952_udf_IS_2018511132539365_OtherComprehensiveIncomeThatWillNotBeReclassifiedToProfitOrLossNetOfTax_en_doc" xlink:type="arc" />
    <link:loc xlink:href="../00105952_entry_point_2011-05-23.xsd#entity00105952_udf_IS_201851215165720_EarningsPerShareAbstract" xlink:label="Loc_entity00105952_udf_IS_201851215165720_EarningsPerShareAbstract" xlink:type="locator" />
    <link:label xlink:type="resource" xlink:role="http://www.xbrl.org/2003/role/label" xlink:label="Label_label_entity00105952_udf_IS_201851215165720_EarningsPerShareAbstract_en" xml:lang="en" id="Label_label_entity00105952_udf_IS_201851215165720_EarningsPerShareAbstract_en">Basic earnings (loss) per share from continuing and discontinued operations</link:label>
    <link:labelArc xlink:arcrole="http://www.xbrl.org/2003/arcrole/concept-label" xlink:from="Loc_entity00105952_udf_IS_201851215165720_EarningsPerShareAbstract" xlink:to="Label_label_entity00105952_udf_IS_201851215165720_EarningsPerShareAbstract_en" xlink:type="arc" />
    <link:label xlink:type="resource" xlink:role="http://www.xbrl.org/2003/role/documentation" xlink:label="Label_entity00105952_udf_IS_201851215165720_EarningsPerShareAbstract_en_doc" xml:lang="en">
    </link:label>
    <link:labelArc xlink:arcrole="http://www.xbrl.org/2003/arcrole/concept-label" xlink:from="Loc_entity00105952_udf_IS_201851215165720_EarningsPerShareAbstract" xlink:to="Label_entity00105952_udf_IS_201851215165720_EarningsPerShareAbstract_en_doc" xlink:type="arc" />
    <link:loc xlink:href="../00105952_entry_point_2011-05-23.xsd#entity00105952_udf_CE_2020327131513109_StatementOfChangesInEquityLineItems" xlink:label="Loc_entity00105952_udf_CE_2020327131513109_StatementOfChangesInEquityLineItems" xlink:type="locator" />
    <link:label xlink:type="resource" xlink:role="http://www.xbrl.org/2003/role/label" xlink:label="Label_label_entity00105952_udf_CE_2020327131513109_StatementOfChangesInEquityLineItems_en" xml:lang="en" id="Label_label_entity00105952_udf_CE_2020327131513109_StatementOfChangesInEquityLineItems_en">Using equity method</link:label>
    <link:labelArc xlink:arcrole="http://www.xbrl.org/2003/arcrole/concept-label" xlink:from="Loc_entity00105952_udf_CE_2020327131513109_StatementOfChangesInEquityLineItems" xlink:to="Label_label_entity00105952_udf_CE_2020327131513109_StatementOfChangesInEquityLineItems_en" xlink:type="arc" />
    <link:label xlink:type="resource" xlink:role="http://www.xbrl.org/2003/role/documentation" xlink:label="Label_entity00105952_udf_CE_2020327131513109_StatementOfChangesInEquityLineItems_en_doc" xml:lang="en">
    </link:label>
    <link:labelArc xlink:arcrole="http://www.xbrl.org/2003/arcrole/concept-label" xlink:from="Loc_entity00105952_udf_CE_2020327131513109_StatementOfChangesInEquityLineItems" xlink:to="Label_entity00105952_udf_CE_2020327131513109_StatementOfChangesInEquityLineItems_en_doc" xlink:type="arc" />
    <link:loc xlink:href="../00105952_entry_point_2011-05-23.xsd#entity00105952_udf_CE_2018813135228266_StatementOfChangesInEquityLineItems" xlink:label="Loc_entity00105952_udf_CE_2018813135228266_StatementOfChangesInEquityLineItems" xlink:type="locator" />
    <link:label xlink:type="resource" xlink:role="http://www.xbrl.org/2003/role/label" xlink:label="Label_label_entity00105952_udf_CE_2018813135228266_StatementOfChangesInEquityLineItems_en" xml:lang="en" id="Label_label_entity00105952_udf_CE_2018813135228266_StatementOfChangesInEquityLineItems_en">Changes of associates or joint venture</link:label>
    <link:labelArc xlink:arcrole="http://www.xbrl.org/2003/arcrole/concept-label" xlink:from="Loc_entity00105952_udf_CE_2018813135228266_StatementOfChangesInEquityLineItems" xlink:to="Label_label_entity00105952_udf_CE_2018813135228266_StatementOfChangesInEquityLineItems_en" xlink:type="arc" />
    <link:label xlink:type="resource" xlink:role="http://www.xbrl.org/2003/role/documentation" xlink:label="Label_entity00105952_udf_CE_2018813135228266_StatementOfChangesInEquityLineItems_en_doc" xml:lang="en">
    </link:label>
    <link:labelArc xlink:arcrole="http://www.xbrl.org/2003/arcrole/concept-label" xlink:from="Loc_entity00105952_udf_CE_2018813135228266_StatementOfChangesInEquityLineItems" xlink:to="Label_entity00105952_udf_CE_2018813135228266_StatementOfChangesInEquityLineItems_en_doc" xlink:type="arc" />
    <link:loc xlink:href="../00105952_entry_point_2011-05-23.xsd#entity00105952_udf_CE_2019111317479968_StatementOfChangesInEquityLineItems" xlink:label="Loc_entity00105952_udf_CE_2019111317479968_StatementOfChangesInEquityLineItems" xlink:type="locator" />
    <link:label xlink:type="resource" xlink:role="http://www.xbrl.org/2003/role/label" xlink:label="Label_label_entity00105952_udf_CE_2019111317479968_StatementOfChangesInEquityLineItems_en" xml:lang="en" id="Label_label_entity00105952_udf_CE_2019111317479968_StatementOfChangesInEquityLineItems_en">Cash flow hedge accounting</link:label>
    <link:labelArc xlink:arcrole="http://www.xbrl.org/2003/arcrole/concept-label" xlink:from="Loc_entity00105952_udf_CE_2019111317479968_StatementOfChangesInEquityLineItems" xlink:to="Label_label_entity00105952_udf_CE_2019111317479968_StatementOfChangesInEquityLineItems_en" xlink:type="arc" />
    <link:label xlink:type="resource" xlink:role="http://www.xbrl.org/2003/role/documentation" xlink:label="Label_entity00105952_udf_CE_2019111317479968_StatementOfChangesInEquityLineItems_en_doc" xml:lang="en">
    </link:label>
    <link:labelArc xlink:arcrole="http://www.xbrl.org/2003/arcrole/concept-label" xlink:from="Loc_entity00105952_udf_CE_2019111317479968_StatementOfChangesInEquityLineItems" xlink:to="Label_entity00105952_udf_CE_2019111317479968_StatementOfChangesInEquityLineItems_en_doc" xlink:type="arc" />
    <link:loc xlink:href="http://dart.fss.or.kr/Resource/Taxonomy/ifrs/2019-10-01/full_ifrs-cor_2019-03-27.xsd#ifrs-full_AdjustmentsForReconcileProfitLoss" xlink:label="Loc_ifrs-full_AdjustmentsForReconcileProfitLoss" xlink:type="locator" />
    <link:label xlink:type="resource" xlink:role="http://www.xbrl.org/2003/role/label" xlink:label="Label_label_ifrs-full_AdjustmentsForReconcileProfitLoss_en" xml:lang="en" id="Label_label_ifrs-full_AdjustmentsForReconcileProfitLoss_en">Adjustments to reconcile loss</link:label>
    <link:labelArc xlink:arcrole="http://www.xbrl.org/2003/arcrole/concept-label" xlink:from="Loc_ifrs-full_AdjustmentsForReconcileProfitLoss" xlink:to="Label_label_ifrs-full_AdjustmentsForReconcileProfitLoss_en" xlink:type="arc" priority="1" />
    <link:loc xlink:href="../00105952_entry_point_2011-05-23.xsd#entity00105952_udf_CF_2017103117211473_CashFlowsFromUsedInOperatingActivities" xlink:label="Loc_entity00105952_udf_CF_2017103117211473_CashFlowsFromUsedInOperatingActivities" xlink:type="locator" />
    <link:label xlink:type="resource" xlink:role="http://www.xbrl.org/2003/role/label" xlink:label="Label_label_entity00105952_udf_CF_2017103117211473_CashFlowsFromUsedInOperatingActivities_en" xml:lang="en" id="Label_label_entity00105952_udf_CF_2017103117211473_CashFlowsFromUsedInOperatingActivities_en">Adjustments to reconcile profit</link:label>
    <link:labelArc xlink:arcrole="http://www.xbrl.org/2003/arcrole/concept-label" xlink:from="Loc_entity00105952_udf_CF_2017103117211473_CashFlowsFromUsedInOperatingActivities" xlink:to="Label_label_entity00105952_udf_CF_2017103117211473_CashFlowsFromUsedInOperatingActivities_en" xlink:type="arc" />
    <link:label xlink:type="resource" xlink:role="http://www.xbrl.org/2003/role/documentation" xlink:label="Label_entity00105952_udf_CF_2017103117211473_CashFlowsFromUsedInOperatingActivities_en_doc" xml:lang="en">
    </link:label>
    <link:labelArc xlink:arcrole="http://www.xbrl.org/2003/arcrole/concept-label" xlink:from="Loc_entity00105952_udf_CF_2017103117211473_CashFlowsFromUsedInOperatingActivities" xlink:to="Label_entity00105952_udf_CF_2017103117211473_CashFlowsFromUsedInOperatingActivities_en_doc" xlink:type="arc" />
    <link:loc xlink:href="http://dart.fss.or.kr/Resource/Taxonomy/ifrs/2019-10-01/full_ifrs-cor_2019-03-27.xsd#ifrs-full_IncomeTaxesPaidRefundClassifiedAsOperatingActivities" xlink:label="Loc_ifrs-full_IncomeTaxesPaidRefundClassifiedAsOperatingActivities" xlink:type="locator" />
    <link:label xlink:type="resource" xlink:role="http://www.xbrl.org/2009/role/negatedTerseLabel" xlink:label="Label_negatedTerseLabel_ifrs-full_IncomeTaxesPaidRefundClassifiedAsOperatingActivities_en" xml:lang="en" id="Label_negatedTerseLabel_ifrs-full_IncomeTaxesPaidRefundClassifiedAsOperatingActivities_en">Income taxes paid</link:label>
    <link:labelArc xlink:arcrole="http://www.xbrl.org/2003/arcrole/concept-label" xlink:from="Loc_ifrs-full_IncomeTaxesPaidRefundClassifiedAsOperatingActivities" xlink:to="Label_negatedTerseLabel_ifrs-full_IncomeTaxesPaidRefundClassifiedAsOperatingActivities_en" xlink:type="arc" priority="1" />
    <link:loc xlink:href="../00105952_entry_point_2011-05-23.xsd#entity00105952_udf_CF_2022812165931226_CashFlowsFromUsedInInvestingActivities" xlink:label="Loc_entity00105952_udf_CF_2022812165931226_CashFlowsFromUsedInInvestingActivities" xlink:type="locator" />
    <link:label xlink:type="resource" xlink:role="http://www.xbrl.org/2003/role/label" xlink:label="Label_label_entity00105952_udf_CF_2022812165931226_CashFlowsFromUsedInInvestingActivities_en" xml:lang="en" id="Label_label_entity00105952_udf_CF_2022812165931226_CashFlowsFromUsedInInvestingActivities_en">Proceeds from sales of P&amp;L financial assets</link:label>
    <link:labelArc xlink:arcrole="http://www.xbrl.org/2003/arcrole/concept-label" xlink:from="Loc_entity00105952_udf_CF_2022812165931226_CashFlowsFromUsedInInvestingActivities" xlink:to="Label_label_entity00105952_udf_CF_2022812165931226_CashFlowsFromUsedInInvestingActivities_en" xlink:type="arc" />
    <link:label xlink:type="resource" xlink:role="http://www.xbrl.org/2003/role/documentation" xlink:label="Label_entity00105952_udf_CF_2022812165931226_CashFlowsFromUsedInInvestingActivities_en_doc" xml:lang="en">
    </link:label>
    <link:labelArc xlink:arcrole="http://www.xbrl.org/2003/arcrole/concept-label" xlink:from="Loc_entity00105952_udf_CF_2022812165931226_CashFlowsFromUsedInInvestingActivities" xlink:to="Label_entity00105952_udf_CF_2022812165931226_CashFlowsFromUsedInInvestingActivities_en_doc" xlink:type="arc" />
    <link:loc xlink:href="http://dart.fss.or.kr/Resource/Taxonomy/ifrs/2019-10-01/dart_2019-10-01.xsd#dart_PurchaseOfOtherNonCurrentFinancialAssets" xlink:label="Loc_dart_PurchaseOfOtherNonCurrentFinancialAssets" xlink:type="locator" />
    <link:label xlink:type="resource" xlink:role="http://www.xbrl.org/2003/role/label" xlink:label="Label_label_dart_PurchaseOfOtherNonCurrentFinancialAssets_en" xml:lang="en" id="Label_label_dart_PurchaseOfOtherNonCurrentFinancialAssets_en">Increase of other non-current financial assets</link:label>
    <link:labelArc xlink:arcrole="http://www.xbrl.org/2003/arcrole/concept-label" xlink:from="Loc_dart_PurchaseOfOtherNonCurrentFinancialAssets" xlink:to="Label_label_dart_PurchaseOfOtherNonCurrentFinancialAssets_en" xlink:type="arc" priority="1" />
    <link:loc xlink:href="../00105952_entry_point_2011-05-23.xsd#entity00105952_udf_CF_202281217116794_CashFlowsFromUsedInInvestingActivities" xlink:label="Loc_entity00105952_udf_CF_202281217116794_CashFlowsFromUsedInInvestingActivities" xlink:type="locator" />
    <link:label xlink:type="resource" xlink:role="http://www.xbrl.org/2003/role/label" xlink:label="Label_label_entity00105952_udf_CF_202281217116794_CashFlowsFromUsedInInvestingActivities_en" xml:lang="en" id="Label_label_entity00105952_udf_CF_202281217116794_CashFlowsFromUsedInInvestingActivities_en">Increase of FVTPL</link:label>
    <link:labelArc xlink:arcrole="http://www.xbrl.org/2003/arcrole/concept-label" xlink:from="Loc_entity00105952_udf_CF_202281217116794_CashFlowsFromUsedInInvestingActivities" xlink:to="Label_label_entity00105952_udf_CF_202281217116794_CashFlowsFromUsedInInvestingActivities_en" xlink:type="arc" />
    <link:label xlink:type="resource" xlink:role="http://www.xbrl.org/2003/role/documentation" xlink:label="Label_entity00105952_udf_CF_202281217116794_CashFlowsFromUsedInInvestingActivities_en_doc" xml:lang="en">
    </link:label>
    <link:labelArc xlink:arcrole="http://www.xbrl.org/2003/arcrole/concept-label" xlink:from="Loc_entity00105952_udf_CF_202281217116794_CashFlowsFromUsedInInvestingActivities" xlink:to="Label_entity00105952_udf_CF_202281217116794_CashFlowsFromUsedInInvestingActivities_en_doc" xlink:type="arc" />
    <link:loc xlink:href="http://dart.fss.or.kr/Resource/Taxonomy/ifrs/2019-10-01/dart_2019-10-01.xsd#dart_PurchaseOfInvestmentsInSubsidiariesJointVenturesAndAssociates" xlink:label="Loc_dart_PurchaseOfInvestmentsInSubsidiariesJointVenturesAndAssociates" xlink:type="locator" />
    <link:label xlink:type="resource" xlink:role="http://www.xbrl.org/2003/role/label" xlink:label="Label_label_dart_PurchaseOfInvestmentsInSubsidiariesJointVenturesAndAssociates_en" xml:lang="en" id="Label_label_dart_PurchaseOfInvestmentsInSubsidiariesJointVenturesAndAssociates_en">Purchase of investments in joint ventures and associates</link:label>
    <link:labelArc xlink:arcrole="http://www.xbrl.org/2003/arcrole/concept-label" xlink:from="Loc_dart_PurchaseOfInvestmentsInSubsidiariesJointVenturesAndAssociates" xlink:to="Label_label_dart_PurchaseOfInvestmentsInSubsidiariesJointVenturesAndAssociates_en" xlink:type="arc" priority="1" />
    <link:loc xlink:href="http://dart.fss.or.kr/Resource/Taxonomy/ifrs/2019-10-01/dart_2019-10-01.xsd#dart_PurchaseOfOtherFinancialAssets" xlink:label="Loc_dart_PurchaseOfOtherFinancialAssets" xlink:type="locator" />
    <link:label xlink:type="resource" xlink:role="http://www.xbrl.org/2003/role/label" xlink:label="Label_label_dart_PurchaseOfOtherFinancialAssets_en" xml:lang="en" id="Label_label_dart_PurchaseOfOtherFinancialAssets_en">Purchase of other assets</link:label>
    <link:labelArc xlink:arcrole="http://www.xbrl.org/2003/arcrole/concept-label" xlink:from="Loc_dart_PurchaseOfOtherFinancialAssets" xlink:to="Label_label_dart_PurchaseOfOtherFinancialAssets_en" xlink:type="arc" priority="1" />
    <link:loc xlink:href="http://dart.fss.or.kr/Resource/Taxonomy/ifrs/2019-10-01/full_ifrs-cor_2019-03-27.xsd#ifrs-full_PaymentsOfFinanceLeaseLiabilitiesClassifiedAsFinancingActivities" xlink:label="Loc_ifrs-full_PaymentsOfFinanceLeaseLiabilitiesClassifiedAsFinancingActivities" xlink:type="locator" />
    <link:label xlink:type="resource" xlink:role="http://www.xbrl.org/2009/role/negatedTerseLabel" xlink:label="Label_negatedTerseLabel_ifrs-full_PaymentsOfFinanceLeaseLiabilitiesClassifiedAsFinancingActivities_en" xml:lang="en" id="Label_negatedTerseLabel_ifrs-full_PaymentsOfFinanceLeaseLiabilitiesClassifiedAsFinancingActivities_en">Payments of shorterm lease liabilities</link:label>
    <link:labelArc xlink:arcrole="http://www.xbrl.org/2003/arcrole/concept-label" xlink:from="Loc_ifrs-full_PaymentsOfFinanceLeaseLiabilitiesClassifiedAsFinancingActivities" xlink:to="Label_negatedTerseLabel_ifrs-full_PaymentsOfFinanceLeaseLiabilitiesClassifiedAsFinancingActivities_en" xlink:type="arc" priority="1" />
    <link:loc xlink:href="../00105952_entry_point_2011-05-23.xsd#entity00105952_udf_CF_202281217426651_CashFlowsFromUsedInFinancingActivities" xlink:label="Loc_entity00105952_udf_CF_202281217426651_CashFlowsFromUsedInFinancingActivities" xlink:type="locator" />
    <link:label xlink:type="resource" xlink:role="http://www.xbrl.org/2003/role/label" xlink:label="Label_label_entity00105952_udf_CF_202281217426651_CashFlowsFromUsedInFinancingActivities_en" xml:lang="en" id="Label_label_entity00105952_udf_CF_202281217426651_CashFlowsFromUsedInFinancingActivities_en">Payments from shorterm bonds</link:label>
    <link:labelArc xlink:arcrole="http://www.xbrl.org/2003/arcrole/concept-label" xlink:from="Loc_entity00105952_udf_CF_202281217426651_CashFlowsFromUsedInFinancingActivities" xlink:to="Label_label_entity00105952_udf_CF_202281217426651_CashFlowsFromUsedInFinancingActivities_en" xlink:type="arc" />
    <link:label xlink:type="resource" xlink:role="http://www.xbrl.org/2003/role/documentation" xlink:label="Label_entity00105952_udf_CF_202281217426651_CashFlowsFromUsedInFinancingActivities_en_doc" xml:lang="en">
    </link:label>
    <link:labelArc xlink:arcrole="http://www.xbrl.org/2003/arcrole/concept-label" xlink:from="Loc_entity00105952_udf_CF_202281217426651_CashFlowsFromUsedInFinancingActivities" xlink:to="Label_entity00105952_udf_CF_202281217426651_CashFlowsFromUsedInFinancingActivities_en_doc" xlink:type="arc" />
    <link:loc xlink:href="../00105952_entry_point_2011-05-23.xsd#entity00105952_udf_CF_2017102616653690_CashFlowsFromUsedInOperatingActivities" xlink:label="Loc_entity00105952_udf_CF_2017102616653690_CashFlowsFromUsedInOperatingActivities" xlink:type="locator" />
    <link:label xlink:type="resource" xlink:role="http://www.xbrl.org/2003/role/label" xlink:label="Label_label_entity00105952_udf_CF_2017102616653690_CashFlowsFromUsedInOperatingActivities_en" xml:lang="en" id="Label_label_entity00105952_udf_CF_2017102616653690_CashFlowsFromUsedInOperatingActivities_en">Adjustments to reconcile profit</link:label>
    <link:labelArc xlink:arcrole="http://www.xbrl.org/2003/arcrole/concept-label" xlink:from="Loc_entity00105952_udf_CF_2017102616653690_CashFlowsFromUsedInOperatingActivities" xlink:to="Label_label_entity00105952_udf_CF_2017102616653690_CashFlowsFromUsedInOperatingActivities_en" xlink:type="arc" />
    <link:label xlink:type="resource" xlink:role="http://www.xbrl.org/2003/role/documentation" xlink:label="Label_entity00105952_udf_CF_2017102616653690_CashFlowsFromUsedInOperatingActivities_en_doc" xml:lang="en">
    </link:label>
    <link:labelArc xlink:arcrole="http://www.xbrl.org/2003/arcrole/concept-label" xlink:from="Loc_entity00105952_udf_CF_2017102616653690_CashFlowsFromUsedInOperatingActivities" xlink:to="Label_entity00105952_udf_CF_2017102616653690_CashFlowsFromUsedInOperatingActivities_en_doc" xlink:type="arc" />
    <link:loc xlink:href="../00105952_entry_point_2011-05-23.xsd#entity00105952_udf_CF_202332111543460_CashFlowsFromUsedInOperatingActivities" xlink:label="Loc_entity00105952_udf_CF_202332111543460_CashFlowsFromUsedInOperatingActivities" xlink:type="locator" />
    <link:label xlink:type="resource" xlink:role="http://www.xbrl.org/2003/role/label" xlink:label="Label_label_entity00105952_udf_CF_202332111543460_CashFlowsFromUsedInOperatingActivities_en" xml:lang="en" id="Label_label_entity00105952_udf_CF_202332111543460_CashFlowsFromUsedInOperatingActivities_en">Income taxes refunds</link:label>
    <link:labelArc xlink:arcrole="http://www.xbrl.org/2003/arcrole/concept-label" xlink:from="Loc_entity00105952_udf_CF_202332111543460_CashFlowsFromUsedInOperatingActivities" xlink:to="Label_label_entity00105952_udf_CF_202332111543460_CashFlowsFromUsedInOperatingActivities_en" xlink:type="arc" />
    <link:label xlink:type="resource" xlink:role="http://www.xbrl.org/2003/role/documentation" xlink:label="Label_entity00105952_udf_CF_202332111543460_CashFlowsFromUsedInOperatingActivities_en_doc" xml:lang="en">
    </link:label>
    <link:labelArc xlink:arcrole="http://www.xbrl.org/2003/arcrole/concept-label" xlink:from="Loc_entity00105952_udf_CF_202332111543460_CashFlowsFromUsedInOperatingActivities" xlink:to="Label_entity00105952_udf_CF_202332111543460_CashFlowsFromUsedInOperatingActivities_en_doc" xlink:type="arc" />
    <link:loc xlink:href="../00105952_entry_point_2011-05-23.xsd#entity00105952_udf_CF_202332111824723_CashFlowsFromUsedInInvestingActivities" xlink:label="Loc_entity00105952_udf_CF_202332111824723_CashFlowsFromUsedInInvestingActivities" xlink:type="locator" />
    <link:label xlink:type="resource" xlink:role="http://www.xbrl.org/2003/role/label" xlink:label="Label_label_entity00105952_udf_CF_202332111824723_CashFlowsFromUsedInInvestingActivities_en" xml:lang="en" id="Label_label_entity00105952_udf_CF_202332111824723_CashFlowsFromUsedInInvestingActivities_en">Disposal of liquid derivative assets</link:label>
    <link:labelArc xlink:arcrole="http://www.xbrl.org/2003/arcrole/concept-label" xlink:from="Loc_entity00105952_udf_CF_202332111824723_CashFlowsFromUsedInInvestingActivities" xlink:to="Label_label_entity00105952_udf_CF_202332111824723_CashFlowsFromUsedInInvestingActivities_en" xlink:type="arc" />
    <link:label xlink:type="resource" xlink:role="http://www.xbrl.org/2003/role/documentation" xlink:label="Label_entity00105952_udf_CF_202332111824723_CashFlowsFromUsedInInvestingActivities_en_doc" xml:lang="en">
    </link:label>
    <link:labelArc xlink:arcrole="http://www.xbrl.org/2003/arcrole/concept-label" xlink:from="Loc_entity00105952_udf_CF_202332111824723_CashFlowsFromUsedInInvestingActivities" xlink:to="Label_entity00105952_udf_CF_202332111824723_CashFlowsFromUsedInInvestingActivities_en_doc" xlink:type="arc" />
    <link:loc xlink:href="../00105952_entry_point_2011-05-23.xsd#entity00105952_udf_CF_202332111935809_CashFlowsFromUsedInInvestingActivities" xlink:label="Loc_entity00105952_udf_CF_202332111935809_CashFlowsFromUsedInInvestingActivities" xlink:type="locator" />
    <link:label xlink:type="resource" xlink:role="http://www.xbrl.org/2003/role/label" xlink:label="Label_label_entity00105952_udf_CF_202332111935809_CashFlowsFromUsedInInvestingActivities_en" xml:lang="en" id="Label_label_entity00105952_udf_CF_202332111935809_CashFlowsFromUsedInInvestingActivities_en">Proceeds from FVTPL</link:label>
    <link:labelArc xlink:arcrole="http://www.xbrl.org/2003/arcrole/concept-label" xlink:from="Loc_entity00105952_udf_CF_202332111935809_CashFlowsFromUsedInInvestingActivities" xlink:to="Label_label_entity00105952_udf_CF_202332111935809_CashFlowsFromUsedInInvestingActivities_en" xlink:type="arc" />
    <link:label xlink:type="resource" xlink:role="http://www.xbrl.org/2003/role/documentation" xlink:label="Label_entity00105952_udf_CF_202332111935809_CashFlowsFromUsedInInvestingActivities_en_doc" xml:lang="en">
    </link:label>
    <link:labelArc xlink:arcrole="http://www.xbrl.org/2003/arcrole/concept-label" xlink:from="Loc_entity00105952_udf_CF_202332111935809_CashFlowsFromUsedInInvestingActivities" xlink:to="Label_entity00105952_udf_CF_202332111935809_CashFlowsFromUsedInInvestingActivities_en_doc" xlink:type="arc" />
    <link:loc xlink:href="../00105952_entry_point_2011-05-23.xsd#entity00105952_udf_CF_2021514165312515_CashFlowsFromUsedInInvestingActivities" xlink:label="Loc_entity00105952_udf_CF_2021514165312515_CashFlowsFromUsedInInvestingActivities" xlink:type="locator" />
    <link:label xlink:type="resource" xlink:role="http://www.xbrl.org/2003/role/label" xlink:label="Label_label_entity00105952_udf_CF_2021514165312515_CashFlowsFromUsedInInvestingActivities_en" xml:lang="en" id="Label_label_entity00105952_udf_CF_2021514165312515_CashFlowsFromUsedInInvestingActivities_en">Proceeds from sales of long term Financial Instruments</link:label>
    <link:labelArc xlink:arcrole="http://www.xbrl.org/2003/arcrole/concept-label" xlink:from="Loc_entity00105952_udf_CF_2021514165312515_CashFlowsFromUsedInInvestingActivities" xlink:to="Label_label_entity00105952_udf_CF_2021514165312515_CashFlowsFromUsedInInvestingActivities_en" xlink:type="arc" />
    <link:label xlink:type="resource" xlink:role="http://www.xbrl.org/2003/role/documentation" xlink:label="Label_entity00105952_udf_CF_2021514165312515_CashFlowsFromUsedInInvestingActivities_en_doc" xml:lang="en">
    </link:label>
    <link:labelArc xlink:arcrole="http://www.xbrl.org/2003/arcrole/concept-label" xlink:from="Loc_entity00105952_udf_CF_2021514165312515_CashFlowsFromUsedInInvestingActivities" xlink:to="Label_entity00105952_udf_CF_2021514165312515_CashFlowsFromUsedInInvestingActivities_en_doc" xlink:type="arc" />
    <link:loc xlink:href="../00105952_entry_point_2011-05-23.xsd#entity00105952_udf_CF_201881319594697_CashFlowsFromUsedInInvestingActivities" xlink:label="Loc_entity00105952_udf_CF_201881319594697_CashFlowsFromUsedInInvestingActivities" xlink:type="locator" />
    <link:label xlink:type="resource" xlink:role="http://www.xbrl.org/2003/role/label" xlink:label="Label_label_entity00105952_udf_CF_201881319594697_CashFlowsFromUsedInInvestingActivities_en" xml:lang="en" id="Label_label_entity00105952_udf_CF_201881319594697_CashFlowsFromUsedInInvestingActivities_en">Proceeds from sales of P&amp;L financial assets</link:label>
    <link:labelArc xlink:arcrole="http://www.xbrl.org/2003/arcrole/concept-label" xlink:from="Loc_entity00105952_udf_CF_201881319594697_CashFlowsFromUsedInInvestingActivities" xlink:to="Label_label_entity00105952_udf_CF_201881319594697_CashFlowsFromUsedInInvestingActivities_en" xlink:type="arc" />
    <link:label xlink:type="resource" xlink:role="http://www.xbrl.org/2003/role/documentation" xlink:label="Label_entity00105952_udf_CF_201881319594697_CashFlowsFromUsedInInvestingActivities_en_doc" xml:lang="en">
    </link:label>
    <link:labelArc xlink:arcrole="http://www.xbrl.org/2003/arcrole/concept-label" xlink:from="Loc_entity00105952_udf_CF_201881319594697_CashFlowsFromUsedInInvestingActivities" xlink:to="Label_entity00105952_udf_CF_201881319594697_CashFlowsFromUsedInInvestingActivities_en_doc" xlink:type="arc" />
    <link:loc xlink:href="../00105952_entry_point_2011-05-23.xsd#entity00105952_udf_CF_2020327135635159_CashFlowsFromUsedInInvestingActivities" xlink:label="Loc_entity00105952_udf_CF_2020327135635159_CashFlowsFromUsedInInvestingActivities" xlink:type="locator" />
    <link:label xlink:type="resource" xlink:role="http://www.xbrl.org/2003/role/label" xlink:label="Label_label_entity00105952_udf_CF_2020327135635159_CashFlowsFromUsedInInvestingActivities_en" xml:lang="en" id="Label_label_entity00105952_udf_CF_2020327135635159_CashFlowsFromUsedInInvestingActivities_en">Other noncurent asset</link:label>
    <link:labelArc xlink:arcrole="http://www.xbrl.org/2003/arcrole/concept-label" xlink:from="Loc_entity00105952_udf_CF_2020327135635159_CashFlowsFromUsedInInvestingActivities" xlink:to="Label_label_entity00105952_udf_CF_2020327135635159_CashFlowsFromUsedInInvestingActivities_en" xlink:type="arc" />
    <link:label xlink:type="resource" xlink:role="http://www.xbrl.org/2003/role/documentation" xlink:label="Label_entity00105952_udf_CF_2020327135635159_CashFlowsFromUsedInInvestingActivities_en_doc" xml:lang="en">
    </link:label>
    <link:labelArc xlink:arcrole="http://www.xbrl.org/2003/arcrole/concept-label" xlink:from="Loc_entity00105952_udf_CF_2020327135635159_CashFlowsFromUsedInInvestingActivities" xlink:to="Label_entity00105952_udf_CF_2020327135635159_CashFlowsFromUsedInInvestingActivities_en_doc" xlink:type="arc" />
    <link:loc xlink:href="../00105952_entry_point_2011-05-23.xsd#entity00105952_udf_CF_2023321111340469_CashFlowsFromUsedInInvestingActivities" xlink:label="Loc_entity00105952_udf_CF_2023321111340469_CashFlowsFromUsedInInvestingActivities" xlink:type="locator" />
    <link:label xlink:type="resource" xlink:role="http://www.xbrl.org/2003/role/label" xlink:label="Label_label_entity00105952_udf_CF_2023321111340469_CashFlowsFromUsedInInvestingActivities_en" xml:lang="en" id="Label_label_entity00105952_udf_CF_2023321111340469_CashFlowsFromUsedInInvestingActivities_en">Other cash inflows from investing activities</link:label>
    <link:labelArc xlink:arcrole="http://www.xbrl.org/2003/arcrole/concept-label" xlink:from="Loc_entity00105952_udf_CF_2023321111340469_CashFlowsFromUsedInInvestingActivities" xlink:to="Label_label_entity00105952_udf_CF_2023321111340469_CashFlowsFromUsedInInvestingActivities_en" xlink:type="arc" />
    <link:label xlink:type="resource" xlink:role="http://www.xbrl.org/2003/role/documentation" xlink:label="Label_entity00105952_udf_CF_2023321111340469_CashFlowsFromUsedInInvestingActivities_en_doc" xml:lang="en">
    </link:label>
    <link:labelArc xlink:arcrole="http://www.xbrl.org/2003/arcrole/concept-label" xlink:from="Loc_entity00105952_udf_CF_2023321111340469_CashFlowsFromUsedInInvestingActivities" xlink:to="Label_entity00105952_udf_CF_2023321111340469_CashFlowsFromUsedInInvestingActivities_en_doc" xlink:type="arc" />
    <link:loc xlink:href="../00105952_entry_point_2011-05-23.xsd#entity00105952_udf_CF_2022111292256250_CashFlowsFromUsedInInvestingActivities" xlink:label="Loc_entity00105952_udf_CF_2022111292256250_CashFlowsFromUsedInInvestingActivities" xlink:type="locator" />
    <link:label xlink:type="resource" xlink:role="http://www.xbrl.org/2003/role/label" xlink:label="Label_label_entity00105952_udf_CF_2022111292256250_CashFlowsFromUsedInInvestingActivities_en" xml:lang="en" id="Label_label_entity00105952_udf_CF_2022111292256250_CashFlowsFromUsedInInvestingActivities_en">Cash payment from liquid assets</link:label>
    <link:labelArc xlink:arcrole="http://www.xbrl.org/2003/arcrole/concept-label" xlink:from="Loc_entity00105952_udf_CF_2022111292256250_CashFlowsFromUsedInInvestingActivities" xlink:to="Label_label_entity00105952_udf_CF_2022111292256250_CashFlowsFromUsedInInvestingActivities_en" xlink:type="arc" />
    <link:label xlink:type="resource" xlink:role="http://www.xbrl.org/2003/role/documentation" xlink:label="Label_entity00105952_udf_CF_2022111292256250_CashFlowsFromUsedInInvestingActivities_en_doc" xml:lang="en">
    </link:label>
    <link:labelArc xlink:arcrole="http://www.xbrl.org/2003/arcrole/concept-label" xlink:from="Loc_entity00105952_udf_CF_2022111292256250_CashFlowsFromUsedInInvestingActivities" xlink:to="Label_entity00105952_udf_CF_2022111292256250_CashFlowsFromUsedInInvestingActivities_en_doc" xlink:type="arc" />
    <link:loc xlink:href="../00105952_entry_point_2011-05-23.xsd#entity00105952_udf_CF_201881320942551_CashFlowsFromUsedInInvestingActivities" xlink:label="Loc_entity00105952_udf_CF_201881320942551_CashFlowsFromUsedInInvestingActivities" xlink:type="locator" />
    <link:label xlink:type="resource" xlink:role="http://www.xbrl.org/2003/role/label" xlink:label="Label_label_entity00105952_udf_CF_201881320942551_CashFlowsFromUsedInInvestingActivities_en" xml:lang="en" id="Label_label_entity00105952_udf_CF_201881320942551_CashFlowsFromUsedInInvestingActivities_en">Increase of FVTPL</link:label>
    <link:labelArc xlink:arcrole="http://www.xbrl.org/2003/arcrole/concept-label" xlink:from="Loc_entity00105952_udf_CF_201881320942551_CashFlowsFromUsedInInvestingActivities" xlink:to="Label_label_entity00105952_udf_CF_201881320942551_CashFlowsFromUsedInInvestingActivities_en" xlink:type="arc" />
    <link:label xlink:type="resource" xlink:role="http://www.xbrl.org/2003/role/documentation" xlink:label="Label_entity00105952_udf_CF_201881320942551_CashFlowsFromUsedInInvestingActivities_en_doc" xml:lang="en">
    </link:label>
    <link:labelArc xlink:arcrole="http://www.xbrl.org/2003/arcrole/concept-label" xlink:from="Loc_entity00105952_udf_CF_201881320942551_CashFlowsFromUsedInInvestingActivities" xlink:to="Label_entity00105952_udf_CF_201881320942551_CashFlowsFromUsedInInvestingActivities_en_doc" xlink:type="arc" />
    <link:loc xlink:href="../00105952_entry_point_2011-05-23.xsd#entity00105952_udf_CF_2022512151328215_CashFlowsFromUsedInInvestingActivities" xlink:label="Loc_entity00105952_udf_CF_2022512151328215_CashFlowsFromUsedInInvestingActivities" xlink:type="locator" />
    <link:label xlink:type="resource" xlink:role="http://www.xbrl.org/2003/role/label" xlink:label="Label_label_entity00105952_udf_CF_2022512151328215_CashFlowsFromUsedInInvestingActivities_en" xml:lang="en" id="Label_label_entity00105952_udf_CF_2022512151328215_CashFlowsFromUsedInInvestingActivities_en">Purchase of business unit</link:label>
    <link:labelArc xlink:arcrole="http://www.xbrl.org/2003/arcrole/concept-label" xlink:from="Loc_entity00105952_udf_CF_2022512151328215_CashFlowsFromUsedInInvestingActivities" xlink:to="Label_label_entity00105952_udf_CF_2022512151328215_CashFlowsFromUsedInInvestingActivities_en" xlink:type="arc" />
    <link:label xlink:type="resource" xlink:role="http://www.xbrl.org/2003/role/documentation" xlink:label="Label_entity00105952_udf_CF_2022512151328215_CashFlowsFromUsedInInvestingActivities_en_doc" xml:lang="en">
    </link:label>
    <link:labelArc xlink:arcrole="http://www.xbrl.org/2003/arcrole/concept-label" xlink:from="Loc_entity00105952_udf_CF_2022512151328215_CashFlowsFromUsedInInvestingActivities" xlink:to="Label_entity00105952_udf_CF_2022512151328215_CashFlowsFromUsedInInvestingActivities_en_doc" xlink:type="arc" />
    <link:loc xlink:href="../00105952_entry_point_2011-05-23.xsd#entity00105952_udf_CF_201981317940541_CashFlowsFromUsedInFinancingActivities" xlink:label="Loc_entity00105952_udf_CF_201981317940541_CashFlowsFromUsedInFinancingActivities" xlink:type="locator" />
    <link:label xlink:type="resource" xlink:role="http://www.xbrl.org/2003/role/label" xlink:label="Label_label_entity00105952_udf_CF_201981317940541_CashFlowsFromUsedInFinancingActivities_en" xml:lang="en" id="Label_label_entity00105952_udf_CF_201981317940541_CashFlowsFromUsedInFinancingActivities_en">Cash payment from liquid derivatives</link:label>
    <link:labelArc xlink:arcrole="http://www.xbrl.org/2003/arcrole/concept-label" xlink:from="Loc_entity00105952_udf_CF_201981317940541_CashFlowsFromUsedInFinancingActivities" xlink:to="Label_label_entity00105952_udf_CF_201981317940541_CashFlowsFromUsedInFinancingActivities_en" xlink:type="arc" />
    <link:label xlink:type="resource" xlink:role="http://www.xbrl.org/2003/role/documentation" xlink:label="Label_entity00105952_udf_CF_201981317940541_CashFlowsFromUsedInFinancingActivities_en_doc" xml:lang="en">
    </link:label>
    <link:labelArc xlink:arcrole="http://www.xbrl.org/2003/arcrole/concept-label" xlink:from="Loc_entity00105952_udf_CF_201981317940541_CashFlowsFromUsedInFinancingActivities" xlink:to="Label_entity00105952_udf_CF_201981317940541_CashFlowsFromUsedInFinancingActivities_en_doc" xlink:type="arc" />
    <link:loc xlink:href="../00105952_entry_point_2011-05-23.xsd#entity00105952_udf_CF_2023321112036844_CashFlowsFromUsedInFinancingActivities" xlink:label="Loc_entity00105952_udf_CF_2023321112036844_CashFlowsFromUsedInFinancingActivities" xlink:type="locator" />
    <link:label xlink:type="resource" xlink:role="http://www.xbrl.org/2003/role/label" xlink:label="Label_label_entity00105952_udf_CF_2023321112036844_CashFlowsFromUsedInFinancingActivities_en" xml:lang="en" id="Label_label_entity00105952_udf_CF_2023321112036844_CashFlowsFromUsedInFinancingActivities_en">Capitalization</link:label>
    <link:labelArc xlink:arcrole="http://www.xbrl.org/2003/arcrole/concept-label" xlink:from="Loc_entity00105952_udf_CF_2023321112036844_CashFlowsFromUsedInFinancingActivities" xlink:to="Label_label_entity00105952_udf_CF_2023321112036844_CashFlowsFromUsedInFinancingActivities_en" xlink:type="arc" />
    <link:label xlink:type="resource" xlink:role="http://www.xbrl.org/2003/role/documentation" xlink:label="Label_entity00105952_udf_CF_2023321112036844_CashFlowsFromUsedInFinancingActivities_en_doc" xml:lang="en">
    </link:label>
    <link:labelArc xlink:arcrole="http://www.xbrl.org/2003/arcrole/concept-label" xlink:from="Loc_entity00105952_udf_CF_2023321112036844_CashFlowsFromUsedInFinancingActivities" xlink:to="Label_entity00105952_udf_CF_2023321112036844_CashFlowsFromUsedInFinancingActivities_en_doc" xlink:type="arc" />
    <link:loc xlink:href="../00105952_entry_point_2011-05-23.xsd#entity00105952_udf_CF_20171026172226998_CashFlowsFromUsedInFinancingActivities" xlink:label="Loc_entity00105952_udf_CF_20171026172226998_CashFlowsFromUsedInFinancingActivities" xlink:type="locator" />
    <link:label xlink:type="resource" xlink:role="http://www.xbrl.org/2003/role/label" xlink:label="Label_label_entity00105952_udf_CF_20171026172226998_CashFlowsFromUsedInFinancingActivities_en" xml:lang="en" id="Label_label_entity00105952_udf_CF_20171026172226998_CashFlowsFromUsedInFinancingActivities_en">Increase of other non-current liabilities</link:label>
    <link:labelArc xlink:arcrole="http://www.xbrl.org/2003/arcrole/concept-label" xlink:from="Loc_entity00105952_udf_CF_20171026172226998_CashFlowsFromUsedInFinancingActivities" xlink:to="Label_label_entity00105952_udf_CF_20171026172226998_CashFlowsFromUsedInFinancingActivities_en" xlink:type="arc" />
    <link:label xlink:type="resource" xlink:role="http://www.xbrl.org/2003/role/documentation" xlink:label="Label_entity00105952_udf_CF_20171026172226998_CashFlowsFromUsedInFinancingActivities_en_doc" xml:lang="en">
    </link:label>
    <link:labelArc xlink:arcrole="http://www.xbrl.org/2003/arcrole/concept-label" xlink:from="Loc_entity00105952_udf_CF_20171026172226998_CashFlowsFromUsedInFinancingActivities" xlink:to="Label_entity00105952_udf_CF_20171026172226998_CashFlowsFromUsedInFinancingActivities_en_doc" xlink:type="arc" />
    <link:loc xlink:href="../00105952_entry_point_2011-05-23.xsd#entity00105952_udf_CF_20183281851099_CashFlowsFromUsedInFinancingActivities" xlink:label="Loc_entity00105952_udf_CF_20183281851099_CashFlowsFromUsedInFinancingActivities" xlink:type="locator" />
    <link:label xlink:type="resource" xlink:role="http://www.xbrl.org/2003/role/label" xlink:label="Label_label_entity00105952_udf_CF_20183281851099_CashFlowsFromUsedInFinancingActivities_en" xml:lang="en" id="Label_label_entity00105952_udf_CF_20183281851099_CashFlowsFromUsedInFinancingActivities_en">Cash receipts for future contracts, forward contracts, option contracts</link:label>
    <link:labelArc xlink:arcrole="http://www.xbrl.org/2003/arcrole/concept-label" xlink:from="Loc_entity00105952_udf_CF_20183281851099_CashFlowsFromUsedInFinancingActivities" xlink:to="Label_label_entity00105952_udf_CF_20183281851099_CashFlowsFromUsedInFinancingActivities_en" xlink:type="arc" />
    <link:label xlink:type="resource" xlink:role="http://www.xbrl.org/2003/role/documentation" xlink:label="Label_entity00105952_udf_CF_20183281851099_CashFlowsFromUsedInFinancingActivities_en_doc" xml:lang="en">
    </link:label>
    <link:labelArc xlink:arcrole="http://www.xbrl.org/2003/arcrole/concept-label" xlink:from="Loc_entity00105952_udf_CF_20183281851099_CashFlowsFromUsedInFinancingActivities" xlink:to="Label_entity00105952_udf_CF_20183281851099_CashFlowsFromUsedInFinancingActivities_en_doc" xlink:type="arc" />
    <link:loc xlink:href="../00105952_entry_point_2011-05-23.xsd#entity00105952_udf_CF_2017102617175946_CashFlowsFromUsedInFinancingActivities" xlink:label="Loc_entity00105952_udf_CF_2017102617175946_CashFlowsFromUsedInFinancingActivities" xlink:type="locator" />
    <link:label xlink:type="resource" xlink:role="http://www.xbrl.org/2003/role/label" xlink:label="Label_label_entity00105952_udf_CF_2017102617175946_CashFlowsFromUsedInFinancingActivities_en" xml:lang="en" id="Label_label_entity00105952_udf_CF_2017102617175946_CashFlowsFromUsedInFinancingActivities_en">Repayments of current portion of long term borrowings</link:label>
    <link:labelArc xlink:arcrole="http://www.xbrl.org/2003/arcrole/concept-label" xlink:from="Loc_entity00105952_udf_CF_2017102617175946_CashFlowsFromUsedInFinancingActivities" xlink:to="Label_label_entity00105952_udf_CF_2017102617175946_CashFlowsFromUsedInFinancingActivities_en" xlink:type="arc" />
    <link:label xlink:type="resource" xlink:role="http://www.xbrl.org/2003/role/documentation" xlink:label="Label_entity00105952_udf_CF_2017102617175946_CashFlowsFromUsedInFinancingActivities_en_doc" xml:lang="en">
    </link:label>
    <link:labelArc xlink:arcrole="http://www.xbrl.org/2003/arcrole/concept-label" xlink:from="Loc_entity00105952_udf_CF_2017102617175946_CashFlowsFromUsedInFinancingActivities" xlink:to="Label_entity00105952_udf_CF_2017102617175946_CashFlowsFromUsedInFinancingActivities_en_doc" xlink:type="arc" />
    <link:loc xlink:href="../00105952_entry_point_2011-05-23.xsd#entity00105952_udf_CF_2019813171727668_CashFlowsFromUsedInFinancingActivities" xlink:label="Loc_entity00105952_udf_CF_2019813171727668_CashFlowsFromUsedInFinancingActivities" xlink:type="locator" />
    <link:label xlink:type="resource" xlink:role="http://www.xbrl.org/2003/role/label" xlink:label="Label_label_entity00105952_udf_CF_2019813171727668_CashFlowsFromUsedInFinancingActivities_en" xml:lang="en" id="Label_label_entity00105952_udf_CF_2019813171727668_CashFlowsFromUsedInFinancingActivities_en">Payments of longterm lease liabilities</link:label>
    <link:labelArc xlink:arcrole="http://www.xbrl.org/2003/arcrole/concept-label" xlink:from="Loc_entity00105952_udf_CF_2019813171727668_CashFlowsFromUsedInFinancingActivities" xlink:to="Label_label_entity00105952_udf_CF_2019813171727668_CashFlowsFromUsedInFinancingActivities_en" xlink:type="arc" />
    <link:label xlink:type="resource" xlink:role="http://www.xbrl.org/2003/role/documentation" xlink:label="Label_entity00105952_udf_CF_2019813171727668_CashFlowsFromUsedInFinancingActivities_en_doc" xml:lang="en">
    </link:label>
    <link:labelArc xlink:arcrole="http://www.xbrl.org/2003/arcrole/concept-label" xlink:from="Loc_entity00105952_udf_CF_2019813171727668_CashFlowsFromUsedInFinancingActivities" xlink:to="Label_entity00105952_udf_CF_2019813171727668_CashFlowsFromUsedInFinancingActivities_en_doc" xlink:type="arc" />
    <link:loc xlink:href="../00105952_entry_point_2011-05-23.xsd#entity00105952_udf_CF_2017103116262285_CashFlowsFromUsedInFinancingActivities" xlink:label="Loc_entity00105952_udf_CF_2017103116262285_CashFlowsFromUsedInFinancingActivities" xlink:type="locator" />
    <link:label xlink:type="resource" xlink:role="http://www.xbrl.org/2003/role/label" xlink:label="Label_label_entity00105952_udf_CF_2017103116262285_CashFlowsFromUsedInFinancingActivities_en" xml:lang="en" id="Label_label_entity00105952_udf_CF_2017103116262285_CashFlowsFromUsedInFinancingActivities_en">Decrease of other non-current liabilities</link:label>
    <link:labelArc xlink:arcrole="http://www.xbrl.org/2003/arcrole/concept-label" xlink:from="Loc_entity00105952_udf_CF_2017103116262285_CashFlowsFromUsedInFinancingActivities" xlink:to="Label_label_entity00105952_udf_CF_2017103116262285_CashFlowsFromUsedInFinancingActivities_en" xlink:type="arc" />
    <link:label xlink:type="resource" xlink:role="http://www.xbrl.org/2003/role/documentation" xlink:label="Label_entity00105952_udf_CF_2017103116262285_CashFlowsFromUsedInFinancingActivities_en_doc" xml:lang="en">
    </link:label>
    <link:labelArc xlink:arcrole="http://www.xbrl.org/2003/arcrole/concept-label" xlink:from="Loc_entity00105952_udf_CF_2017103116262285_CashFlowsFromUsedInFinancingActivities" xlink:to="Label_entity00105952_udf_CF_2017103116262285_CashFlowsFromUsedInFinancingActivities_en_doc" xlink:type="arc" />
    <link:loc xlink:href="../00105952_entry_point_2011-05-23.xsd#entity00105952_udf_CF_202332111225327_CashFlowsFromUsedInFinancingActivities" xlink:label="Loc_entity00105952_udf_CF_202332111225327_CashFlowsFromUsedInFinancingActivities" xlink:type="locator" />
    <link:label xlink:type="resource" xlink:role="http://www.xbrl.org/2003/role/label" xlink:label="Label_label_entity00105952_udf_CF_202332111225327_CashFlowsFromUsedInFinancingActivities_en" xml:lang="en" id="Label_label_entity00105952_udf_CF_202332111225327_CashFlowsFromUsedInFinancingActivities_en">Cash receipts from discontinued operations</link:label>
    <link:labelArc xlink:arcrole="http://www.xbrl.org/2003/arcrole/concept-label" xlink:from="Loc_entity00105952_udf_CF_202332111225327_CashFlowsFromUsedInFinancingActivities" xlink:to="Label_label_entity00105952_udf_CF_202332111225327_CashFlowsFromUsedInFinancingActivities_en" xlink:type="arc" />
    <link:label xlink:type="resource" xlink:role="http://www.xbrl.org/2003/role/documentation" xlink:label="Label_entity00105952_udf_CF_202332111225327_CashFlowsFromUsedInFinancingActivities_en_doc" xml:lang="en">
    </link:label>
    <link:labelArc xlink:arcrole="http://www.xbrl.org/2003/arcrole/concept-label" xlink:from="Loc_entity00105952_udf_CF_202332111225327_CashFlowsFromUsedInFinancingActivities" xlink:to="Label_entity00105952_udf_CF_202332111225327_CashFlowsFromUsedInFinancingActivities_en_doc" xlink:type="arc" />
    <link:loc xlink:href="http://dart.fss.or.kr/Resource/Taxonomy/ifrs/2019-10-01/full_ifrs-cor_2019-03-27.xsd#ifrs-full_IntangibleAssetsOtherThanGoodwill" xlink:label="Loc_ifrs-full_IntangibleAssetsOtherThanGoodwill" xlink:type="locator" />
    <link:label xlink:type="resource" xlink:role="http://www.xbrl.org/2003/role/label" xlink:label="Label_label_ifrs-full_IntangibleAssetsOtherThanGoodwill_en" xml:lang="en" id="Label_label_ifrs-full_IntangibleAssetsOtherThanGoodwill_en">Intangible assets</link:label>
    <link:labelArc xlink:arcrole="http://www.xbrl.org/2003/arcrole/concept-label" xlink:from="Loc_ifrs-full_IntangibleAssetsOtherThanGoodwill" xlink:to="Label_label_ifrs-full_IntangibleAssetsOtherThanGoodwill_en" xlink:type="arc" priority="1" />
    <link:loc xlink:href="../00105952_entry_point_2011-05-23.xsd#entity00105952_udf_BS_2021111221913834_CurrentLiabilities" xlink:label="Loc_entity00105952_udf_BS_2021111221913834_CurrentLiabilities" xlink:type="locator" />
    <link:label xlink:type="resource" xlink:role="http://www.xbrl.org/2003/role/label" xlink:label="Label_label_entity00105952_udf_BS_2021111221913834_CurrentLiabilities_en" xml:lang="en" id="Label_label_entity00105952_udf_BS_2021111221913834_CurrentLiabilities_en">Other Payables</link:label>
    <link:labelArc xlink:arcrole="http://www.xbrl.org/2003/arcrole/concept-label" xlink:from="Loc_entity00105952_udf_BS_2021111221913834_CurrentLiabilities" xlink:to="Label_label_entity00105952_udf_BS_2021111221913834_CurrentLiabilities_en" xlink:type="arc" />
    <link:label xlink:type="resource" xlink:role="http://www.xbrl.org/2003/role/documentation" xlink:label="Label_entity00105952_udf_BS_2021111221913834_CurrentLiabilities_en_doc" xml:lang="en">
    </link:label>
    <link:labelArc xlink:arcrole="http://www.xbrl.org/2003/arcrole/concept-label" xlink:from="Loc_entity00105952_udf_BS_2021111221913834_CurrentLiabilities" xlink:to="Label_entity00105952_udf_BS_2021111221913834_CurrentLiabilities_en_doc" xlink:type="arc" />
    <link:loc xlink:href="../00105952_entry_point_2011-05-23.xsd#entity00105952_udf_BS_2022111294917694_CurrentAssets" xlink:label="Loc_entity00105952_udf_BS_2022111294917694_CurrentAssets" xlink:type="locator" />
    <link:label xlink:type="resource" xlink:role="http://www.xbrl.org/2003/role/label" xlink:label="Label_label_entity00105952_udf_BS_2022111294917694_CurrentAssets_en" xml:lang="en" id="Label_label_entity00105952_udf_BS_2022111294917694_CurrentAssets_en">Current financial assets at fair value through profit or loss, designated upon initial recognition or subsequently2</link:label>
    <link:labelArc xlink:arcrole="http://www.xbrl.org/2003/arcrole/concept-label" xlink:from="Loc_entity00105952_udf_BS_2022111294917694_CurrentAssets" xlink:to="Label_label_entity00105952_udf_BS_2022111294917694_CurrentAssets_en" xlink:type="arc" />
    <link:label xlink:type="resource" xlink:role="http://www.xbrl.org/2003/role/documentation" xlink:label="Label_entity00105952_udf_BS_2022111294917694_CurrentAssets_en_doc" xml:lang="en">
    </link:label>
    <link:labelArc xlink:arcrole="http://www.xbrl.org/2003/arcrole/concept-label" xlink:from="Loc_entity00105952_udf_BS_2022111294917694_CurrentAssets" xlink:to="Label_entity00105952_udf_BS_2022111294917694_CurrentAssets_en_doc" xlink:type="arc" />
    <link:loc xlink:href="../00105952_entry_point_2011-05-23.xsd#entity00105952_udf_BS_20211112193812449_CurrentLiabilities" xlink:label="Loc_entity00105952_udf_BS_20211112193812449_CurrentLiabilities" xlink:type="locator" />
    <link:label xlink:type="resource" xlink:role="http://www.xbrl.org/2003/role/label" xlink:label="Label_label_entity00105952_udf_BS_20211112193812449_CurrentLiabilities_en" xml:lang="en" id="Label_label_entity00105952_udf_BS_20211112193812449_CurrentLiabilities_en">Other Payables</link:label>
    <link:labelArc xlink:arcrole="http://www.xbrl.org/2003/arcrole/concept-label" xlink:from="Loc_entity00105952_udf_BS_20211112193812449_CurrentLiabilities" xlink:to="Label_label_entity00105952_udf_BS_20211112193812449_CurrentLiabilities_en" xlink:type="arc" />
    <link:label xlink:type="resource" xlink:role="http://www.xbrl.org/2003/role/documentation" xlink:label="Label_entity00105952_udf_BS_20211112193812449_CurrentLiabilities_en_doc" xml:lang="en">
    </link:label>
    <link:labelArc xlink:arcrole="http://www.xbrl.org/2003/arcrole/concept-label" xlink:from="Loc_entity00105952_udf_BS_20211112193812449_CurrentLiabilities" xlink:to="Label_entity00105952_udf_BS_20211112193812449_CurrentLiabilities_en_doc" xlink:type="arc" />
    <link:loc xlink:href="../00105952_entry_point_2011-05-23.xsd#entity00105952_udf_BS_2023321105553341_CurrentLiabilities" xlink:label="Loc_entity00105952_udf_BS_2023321105553341_CurrentLiabilities" xlink:type="locator" />
    <link:label xlink:type="resource" xlink:role="http://www.xbrl.org/2003/role/label" xlink:label="Label_label_entity00105952_udf_BS_2023321105553341_CurrentLiabilities_en" xml:lang="en" id="Label_label_entity00105952_udf_BS_2023321105553341_CurrentLiabilities_en">Liabilities related to assets held for sale</link:label>
    <link:labelArc xlink:arcrole="http://www.xbrl.org/2003/arcrole/concept-label" xlink:from="Loc_entity00105952_udf_BS_2023321105553341_CurrentLiabilities" xlink:to="Label_label_entity00105952_udf_BS_2023321105553341_CurrentLiabilities_en" xlink:type="arc" />
    <link:label xlink:type="resource" xlink:role="http://www.xbrl.org/2003/role/documentation" xlink:label="Label_entity00105952_udf_BS_2023321105553341_CurrentLiabilities_en_doc" xml:lang="en">
    </link:label>
    <link:labelArc xlink:arcrole="http://www.xbrl.org/2003/arcrole/concept-label" xlink:from="Loc_entity00105952_udf_BS_2023321105553341_CurrentLiabilities" xlink:to="Label_entity00105952_udf_BS_2023321105553341_CurrentLiabilities_en_doc" xlink:type="arc" />
    <link:loc xlink:href="../00105952_entry_point_2011-05-23.xsd#entity00105952_udf_BS_202131813194132_NoncurrentLiabilities" xlink:label="Loc_entity00105952_udf_BS_202131813194132_NoncurrentLiabilities" xlink:type="locator" />
    <link:label xlink:type="resource" xlink:role="http://www.xbrl.org/2003/role/label" xlink:label="Label_label_entity00105952_udf_BS_202131813194132_NoncurrentLiabilities_en" xml:lang="en" id="Label_label_entity00105952_udf_BS_202131813194132_NoncurrentLiabilities_en">Non-current liabilities financial designation as at fair value through profit or loss</link:label>
    <link:labelArc xlink:arcrole="http://www.xbrl.org/2003/arcrole/concept-label" xlink:from="Loc_entity00105952_udf_BS_202131813194132_NoncurrentLiabilities" xlink:to="Label_label_entity00105952_udf_BS_202131813194132_NoncurrentLiabilities_en" xlink:type="arc" />
    <link:label xlink:type="resource" xlink:role="http://www.xbrl.org/2003/role/documentation" xlink:label="Label_entity00105952_udf_BS_202131813194132_NoncurrentLiabilities_en_doc" xml:lang="en">
    </link:label>
    <link:labelArc xlink:arcrole="http://www.xbrl.org/2003/arcrole/concept-label" xlink:from="Loc_entity00105952_udf_BS_202131813194132_NoncurrentLiabilities" xlink:to="Label_entity00105952_udf_BS_202131813194132_NoncurrentLiabilities_en_doc" xlink:type="arc" />
    <link:loc xlink:href="../00105952_entry_point_2011-05-23.xsd#entity00105952_udf_BS_20211112194150761_NoncurrentLiabilities" xlink:label="Loc_entity00105952_udf_BS_20211112194150761_NoncurrentLiabilities" xlink:type="locator" />
    <link:label xlink:type="resource" xlink:role="http://www.xbrl.org/2003/role/label" xlink:label="Label_label_entity00105952_udf_BS_20211112194150761_NoncurrentLiabilities_en" xml:lang="en" id="Label_label_entity00105952_udf_BS_20211112194150761_NoncurrentLiabilities_en">Long-term Other Payables</link:label>
    <link:labelArc xlink:arcrole="http://www.xbrl.org/2003/arcrole/concept-label" xlink:from="Loc_entity00105952_udf_BS_20211112194150761_NoncurrentLiabilities" xlink:to="Label_label_entity00105952_udf_BS_20211112194150761_NoncurrentLiabilities_en" xlink:type="arc" />
    <link:label xlink:type="resource" xlink:role="http://www.xbrl.org/2003/role/documentation" xlink:label="Label_entity00105952_udf_BS_20211112194150761_NoncurrentLiabilities_en_doc" xml:lang="en">
    </link:label>
    <link:labelArc xlink:arcrole="http://www.xbrl.org/2003/arcrole/concept-label" xlink:from="Loc_entity00105952_udf_BS_20211112194150761_NoncurrentLiabilities" xlink:to="Label_entity00105952_udf_BS_20211112194150761_NoncurrentLiabilities_en_doc" xlink:type="arc" />
  </link:labelLink>
</link:linkbase>